event_id,mode,dataset,sample_id,decode_step,layer_id,head_id,policy,lead_ms,slack_ms,candidate_count,selected_blocks,predicted_blocks,semantic_tp,semantic_fp,semantic_fn
controlled-0,controlled,hit_0,lead_0/rep_0,1,0,0,No-Selected-Prefetch,0.0,0.0,128,10;11;12;13;14;15;16;17;18;19;20;21;22;23;24;25,,0,0,16
controlled-1,controlled,hit_0,lead_0/rep_0,1,0,0,History-Last1,0.0,0.0,128,10;11;12;13;14;15;16;17;18;19;20;21;22;23;24;25,0;1;2;3;4;5;6;7;8;9;26;27;28;29;30;31,0,16,16
controlled-2,controlled,hit_0,lead_0/rep_0,1,0,0,Oracle,0.0,0.0,128,10;11;12;13;14;15;16;17;18;19;20;21;22;23;24;25,10;11;12;13;14;15;16;17;18;19;20;21;22;23;24;25,16,0,0
controlled-3,controlled,hit_0,lead_0/rep_1,2,0,0,No-Selected-Prefetch,0.0,0.0,128,10;11;12;13;14;15;16;17;18;19;20;21;22;23;24;25,,0,0,16
controlled-4,controlled,hit_0,lead_0/rep_1,2,0,0,History-Last1,0.0,0.0,128,10;11;12;13;14;15;16;17;18;19;20;21;22;23;24;25,0;1;2;3;4;5;6;7;8;9;26;27;28;29;30;31,0,16,16
controlled-5,controlled,hit_0,lead_0/rep_1,2,0,0,Oracle,0.0,0.0,128,10;11;12;13;14;15;16;17;18;19;20;21;22;23;24;25,10;11;12;13;14;15;16;17;18;19;20;21;22;23;24;25,16,0,0
controlled-6,controlled,hit_0,lead_0/rep_2,3,0,0,No-Selected-Prefetch,0.0,0.0,128,10;11;12;13;14;15;16;17;18;19;20;21;22;23;24;25,,0,0,16
controlled-7,controlled,hit_0,lead_0/rep_2,3,0,0,History-Last1,0.0,0.0,128,10;11;12;13;14;15;16;17;18;19;20;21;22;23;24;25,0;1;2;3;4;5;6;7;8;9;26;27;28;29;30;31,0,16,16
controlled-8,controlled,hit_0,lead_0/rep_2,3,0,0,Oracle,0.0,0.0,128,10;11;12;13;14;15;16;17;18;19;20;21;22;23;24;25,10;11;12;13;14;15;16;17;18;19;20;21;22;23;24;25,16,0,0
controlled-9,controlled,hit_0,lead_0/rep_3,4,0,0,No-Selected-Prefetch,0.0,0.0,128,10;11;12;13;14;15;16;17;18;19;20;21;22;23;24;25,,0,0,16
controlled-10,controlled,hit_0,lead_0/rep_3,4,0,0,History-Last1,0.0,0.0,128,10;11;12;13;14;15;16;17;18;19;20;21;22;23;24;25,0;1;2;3;4;5;6;7;8;9;26;27;28;29;30;31,0,16,16
controlled-11,controlled,hit_0,lead_0/rep_3,4,0,0,Oracle,0.0,0.0,128,10;11;12;13;14;15;16;17;18;19;20;21;22;23;24;25,10;11;12;13;14;15;16;17;18;19;20;21;22;23;24;25,16,0,0
controlled-12,controlled,hit_0,lead_0/rep_4,5,0,0,No-Selected-Prefetch,0.0,0.0,128,10;11;12;13;14;15;16;17;18;19;20;21;22;23;24;25,,0,0,16
controlled-13,controlled,hit_0,lead_0/rep_4,5,0,0,History-Last1,0.0,0.0,128,10;11;12;13;14;15;16;17;18;19;20;21;22;23;24;25,0;1;2;3;4;5;6;7;8;9;26;27;28;29;30;31,0,16,16
controlled-14,controlled,hit_0,lead_0/rep_4,5,0,0,Oracle,0.0,0.0,128,10;11;12;13;14;15;16;17;18;19;20;21;22;23;24;25,10;11;12;13;14;15;16;17;18;19;20;21;22;23;24;25,16,0,0
controlled-15,controlled,hit_0,lead_0/rep_5,6,0,0,No-Selected-Prefetch,0.0,0.0,128,10;11;12;13;14;15;16;17;18;19;20;21;22;23;24;25,,0,0,16
controlled-16,controlled,hit_0,lead_0/rep_5,6,0,0,History-Last1,0.0,0.0,128,10;11;12;13;14;15;16;17;18;19;20;21;22;23;24;25,0;1;2;3;4;5;6;7;8;9;26;27;28;29;30;31,0,16,16
controlled-17,controlled,hit_0,lead_0/rep_5,6,0,0,Oracle,0.0,0.0,128,10;11;12;13;14;15;16;17;18;19;20;21;22;23;24;25,10;11;12;13;14;15;16;17;18;19;20;21;22;23;24;25,16,0,0
controlled-18,controlled,hit_0,lead_0/rep_6,7,0,0,No-Selected-Prefetch,0.0,0.0,128,10;11;12;13;14;15;16;17;18;19;20;21;22;23;24;25,,0,0,16
controlled-19,controlled,hit_0,lead_0/rep_6,7,0,0,History-Last1,0.0,0.0,128,10;11;12;13;14;15;16;17;18;19;20;21;22;23;24;25,0;1;2;3;4;5;6;7;8;9;26;27;28;29;30;31,0,16,16
controlled-20,controlled,hit_0,lead_0/rep_6,7,0,0,Oracle,0.0,0.0,128,10;11;12;13;14;15;16;17;18;19;20;21;22;23;24;25,10;11;12;13;14;15;16;17;18;19;20;21;22;23;24;25,16,0,0
controlled-21,controlled,hit_0,lead_0/rep_7,8,0,0,No-Selected-Prefetch,0.0,0.0,128,10;11;12;13;14;15;16;17;18;19;20;21;22;23;24;25,,0,0,16
controlled-22,controlled,hit_0,lead_0/rep_7,8,0,0,History-Last1,0.0,0.0,128,10;11;12;13;14;15;16;17;18;19;20;21;22;23;24;25,0;1;2;3;4;5;6;7;8;9;26;27;28;29;30;31,0,16,16
controlled-23,controlled,hit_0,lead_0/rep_7,8,0,0,Oracle,0.0,0.0,128,10;11;12;13;14;15;16;17;18;19;20;21;22;23;24;25,10;11;12;13;14;15;16;17;18;19;20;21;22;23;24;25,16,0,0
controlled-24,controlled,hit_0,lead_0/rep_8,9,0,0,No-Selected-Prefetch,0.0,0.0,128,10;11;12;13;14;15;16;17;18;19;20;21;22;23;24;25,,0,0,16
controlled-25,controlled,hit_0,lead_0/rep_8,9,0,0,History-Last1,0.0,0.0,128,10;11;12;13;14;15;16;17;18;19;20;21;22;23;24;25,0;1;2;3;4;5;6;7;8;9;26;27;28;29;30;31,0,16,16
controlled-26,controlled,hit_0,lead_0/rep_8,9,0,0,Oracle,0.0,0.0,128,10;11;12;13;14;15;16;17;18;19;20;21;22;23;24;25,10;11;12;13;14;15;16;17;18;19;20;21;22;23;24;25,16,0,0
controlled-27,controlled,hit_0,lead_0/rep_9,10,0,0,No-Selected-Prefetch,0.0,0.0,128,10;11;12;13;14;15;16;17;18;19;20;21;22;23;24;25,,0,0,16
controlled-28,controlled,hit_0,lead_0/rep_9,10,0,0,History-Last1,0.0,0.0,128,10;11;12;13;14;15;16;17;18;19;20;21;22;23;24;25,0;1;2;3;4;5;6;7;8;9;26;27;28;29;30;31,0,16,16
controlled-29,controlled,hit_0,lead_0/rep_9,10,0,0,Oracle,0.0,0.0,128,10;11;12;13;14;15;16;17;18;19;20;21;22;23;24;25,10;11;12;13;14;15;16;17;18;19;20;21;22;23;24;25,16,0,0
controlled-30,controlled,hit_0,lead_0/rep_10,11,0,0,No-Selected-Prefetch,0.0,0.0,128,10;11;12;13;14;15;16;17;18;19;20;21;22;23;24;25,,0,0,16
controlled-31,controlled,hit_0,lead_0/rep_10,11,0,0,History-Last1,0.0,0.0,128,10;11;12;13;14;15;16;17;18;19;20;21;22;23;24;25,0;1;2;3;4;5;6;7;8;9;26;27;28;29;30;31,0,16,16
controlled-32,controlled,hit_0,lead_0/rep_10,11,0,0,Oracle,0.0,0.0,128,10;11;12;13;14;15;16;17;18;19;20;21;22;23;24;25,10;11;12;13;14;15;16;17;18;19;20;21;22;23;24;25,16,0,0
controlled-33,controlled,hit_0,lead_0/rep_11,12,0,0,No-Selected-Prefetch,0.0,0.0,128,10;11;12;13;14;15;16;17;18;19;20;21;22;23;24;25,,0,0,16
controlled-34,controlled,hit_0,lead_0/rep_11,12,0,0,History-Last1,0.0,0.0,128,10;11;12;13;14;15;16;17;18;19;20;21;22;23;24;25,0;1;2;3;4;5;6;7;8;9;26;27;28;29;30;31,0,16,16
controlled-35,controlled,hit_0,lead_0/rep_11,12,0,0,Oracle,0.0,0.0,128,10;11;12;13;14;15;16;17;18;19;20;21;22;23;24;25,10;11;12;13;14;15;16;17;18;19;20;21;22;23;24;25,16,0,0
controlled-36,controlled,hit_0,lead_0/rep_12,13,0,0,No-Selected-Prefetch,0.0,0.0,128,10;11;12;13;14;15;16;17;18;19;20;21;22;23;24;25,,0,0,16
controlled-37,controlled,hit_0,lead_0/rep_12,13,0,0,History-Last1,0.0,0.0,128,10;11;12;13;14;15;16;17;18;19;20;21;22;23;24;25,0;1;2;3;4;5;6;7;8;9;26;27;28;29;30;31,0,16,16
controlled-38,controlled,hit_0,lead_0/rep_12,13,0,0,Oracle,0.0,0.0,128,10;11;12;13;14;15;16;17;18;19;20;21;22;23;24;25,10;11;12;13;14;15;16;17;18;19;20;21;22;23;24;25,16,0,0
controlled-39,controlled,hit_0,lead_0/rep_13,14,0,0,No-Selected-Prefetch,0.0,0.0,128,10;11;12;13;14;15;16;17;18;19;20;21;22;23;24;25,,0,0,16
controlled-40,controlled,hit_0,lead_0/rep_13,14,0,0,History-Last1,0.0,0.0,128,10;11;12;13;14;15;16;17;18;19;20;21;22;23;24;25,0;1;2;3;4;5;6;7;8;9;26;27;28;29;30;31,0,16,16
controlled-41,controlled,hit_0,lead_0/rep_13,14,0,0,Oracle,0.0,0.0,128,10;11;12;13;14;15;16;17;18;19;20;21;22;23;24;25,10;11;12;13;14;15;16;17;18;19;20;21;22;23;24;25,16,0,0
controlled-42,controlled,hit_0,lead_0/rep_14,15,0,0,No-Selected-Prefetch,0.0,0.0,128,10;11;12;13;14;15;16;17;18;19;20;21;22;23;24;25,,0,0,16
controlled-43,controlled,hit_0,lead_0/rep_14,15,0,0,History-Last1,0.0,0.0,128,10;11;12;13;14;15;16;17;18;19;20;21;22;23;24;25,0;1;2;3;4;5;6;7;8;9;26;27;28;29;30;31,0,16,16
controlled-44,controlled,hit_0,lead_0/rep_14,15,0,0,Oracle,0.0,0.0,128,10;11;12;13;14;15;16;17;18;19;20;21;22;23;24;25,10;11;12;13;14;15;16;17;18;19;20;21;22;23;24;25,16,0,0
controlled-45,controlled,hit_0,lead_0/rep_15,16,0,0,No-Selected-Prefetch,0.0,0.0,128,10;11;12;13;14;15;16;17;18;19;20;21;22;23;24;25,,0,0,16
controlled-46,controlled,hit_0,lead_0/rep_15,16,0,0,History-Last1,0.0,0.0,128,10;11;12;13;14;15;16;17;18;19;20;21;22;23;24;25,0;1;2;3;4;5;6;7;8;9;26;27;28;29;30;31,0,16,16
controlled-47,controlled,hit_0,lead_0/rep_15,16,0,0,Oracle,0.0,0.0,128,10;11;12;13;14;15;16;17;18;19;20;21;22;23;24;25,10;11;12;13;14;15;16;17;18;19;20;21;22;23;24;25,16,0,0
controlled-48,controlled,hit_0,lead_0/rep_16,17,0,0,No-Selected-Prefetch,0.0,0.0,128,10;11;12;13;14;15;16;17;18;19;20;21;22;23;24;25,,0,0,16
controlled-49,controlled,hit_0,lead_0/rep_16,17,0,0,History-Last1,0.0,0.0,128,10;11;12;13;14;15;16;17;18;19;20;21;22;23;24;25,0;1;2;3;4;5;6;7;8;9;26;27;28;29;30;31,0,16,16
controlled-50,controlled,hit_0,lead_0/rep_16,17,0,0,Oracle,0.0,0.0,128,10;11;12;13;14;15;16;17;18;19;20;21;22;23;24;25,10;11;12;13;14;15;16;17;18;19;20;21;22;23;24;25,16,0,0
controlled-51,controlled,hit_0,lead_0/rep_17,18,0,0,No-Selected-Prefetch,0.0,0.0,128,10;11;12;13;14;15;16;17;18;19;20;21;22;23;24;25,,0,0,16
controlled-52,controlled,hit_0,lead_0/rep_17,18,0,0,History-Last1,0.0,0.0,128,10;11;12;13;14;15;16;17;18;19;20;21;22;23;24;25,0;1;2;3;4;5;6;7;8;9;26;27;28;29;30;31,0,16,16
controlled-53,controlled,hit_0,lead_0/rep_17,18,0,0,Oracle,0.0,0.0,128,10;11;12;13;14;15;16;17;18;19;20;21;22;23;24;25,10;11;12;13;14;15;16;17;18;19;20;21;22;23;24;25,16,0,0
controlled-54,controlled,hit_0,lead_0/rep_18,19,0,0,No-Selected-Prefetch,0.0,0.0,128,10;11;12;13;14;15;16;17;18;19;20;21;22;23;24;25,,0,0,16
controlled-55,controlled,hit_0,lead_0/rep_18,19,0,0,History-Last1,0.0,0.0,128,10;11;12;13;14;15;16;17;18;19;20;21;22;23;24;25,0;1;2;3;4;5;6;7;8;9;26;27;28;29;30;31,0,16,16
controlled-56,controlled,hit_0,lead_0/rep_18,19,0,0,Oracle,0.0,0.0,128,10;11;12;13;14;15;16;17;18;19;20;21;22;23;24;25,10;11;12;13;14;15;16;17;18;19;20;21;22;23;24;25,16,0,0
controlled-57,controlled,hit_0,lead_0/rep_19,20,0,0,No-Selected-Prefetch,0.0,0.0,128,10;11;12;13;14;15;16;17;18;19;20;21;22;23;24;25,,0,0,16
controlled-58,controlled,hit_0,lead_0/rep_19,20,0,0,History-Last1,0.0,0.0,128,10;11;12;13;14;15;16;17;18;19;20;21;22;23;24;25,0;1;2;3;4;5;6;7;8;9;26;27;28;29;30;31,0,16,16
controlled-59,controlled,hit_0,lead_0/rep_19,20,0,0,Oracle,0.0,0.0,128,10;11;12;13;14;15;16;17;18;19;20;21;22;23;24;25,10;11;12;13;14;15;16;17;18;19;20;21;22;23;24;25,16,0,0
controlled-60,controlled,hit_0,lead_0.25/rep_0,1,0,0,No-Selected-Prefetch,0.25,0.0,128,10;11;12;13;14;15;16;17;18;19;20;21;22;23;24;25,,0,0,16
controlled-61,controlled,hit_0,lead_0.25/rep_0,1,0,0,History-Last1,0.25,0.0,128,10;11;12;13;14;15;16;17;18;19;20;21;22;23;24;25,0;1;2;3;4;5;6;7;8;9;26;27;28;29;30;31,0,16,16
controlled-62,controlled,hit_0,lead_0.25/rep_0,1,0,0,Oracle,0.25,0.0,128,10;11;12;13;14;15;16;17;18;19;20;21;22;23;24;25,10;11;12;13;14;15;16;17;18;19;20;21;22;23;24;25,16,0,0
controlled-63,controlled,hit_0,lead_0.25/rep_1,2,0,0,No-Selected-Prefetch,0.25,0.0,128,10;11;12;13;14;15;16;17;18;19;20;21;22;23;24;25,,0,0,16
controlled-64,controlled,hit_0,lead_0.25/rep_1,2,0,0,History-Last1,0.25,0.0,128,10;11;12;13;14;15;16;17;18;19;20;21;22;23;24;25,0;1;2;3;4;5;6;7;8;9;26;27;28;29;30;31,0,16,16
controlled-65,controlled,hit_0,lead_0.25/rep_1,2,0,0,Oracle,0.25,0.0,128,10;11;12;13;14;15;16;17;18;19;20;21;22;23;24;25,10;11;12;13;14;15;16;17;18;19;20;21;22;23;24;25,16,0,0
controlled-66,controlled,hit_0,lead_0.25/rep_2,3,0,0,No-Selected-Prefetch,0.25,0.0,128,10;11;12;13;14;15;16;17;18;19;20;21;22;23;24;25,,0,0,16
controlled-67,controlled,hit_0,lead_0.25/rep_2,3,0,0,History-Last1,0.25,0.0,128,10;11;12;13;14;15;16;17;18;19;20;21;22;23;24;25,0;1;2;3;4;5;6;7;8;9;26;27;28;29;30;31,0,16,16
controlled-68,controlled,hit_0,lead_0.25/rep_2,3,0,0,Oracle,0.25,0.0,128,10;11;12;13;14;15;16;17;18;19;20;21;22;23;24;25,10;11;12;13;14;15;16;17;18;19;20;21;22;23;24;25,16,0,0
controlled-69,controlled,hit_0,lead_0.25/rep_3,4,0,0,No-Selected-Prefetch,0.25,0.0,128,10;11;12;13;14;15;16;17;18;19;20;21;22;23;24;25,,0,0,16
controlled-70,controlled,hit_0,lead_0.25/rep_3,4,0,0,History-Last1,0.25,0.0,128,10;11;12;13;14;15;16;17;18;19;20;21;22;23;24;25,0;1;2;3;4;5;6;7;8;9;26;27;28;29;30;31,0,16,16
controlled-71,controlled,hit_0,lead_0.25/rep_3,4,0,0,Oracle,0.25,0.0,128,10;11;12;13;14;15;16;17;18;19;20;21;22;23;24;25,10;11;12;13;14;15;16;17;18;19;20;21;22;23;24;25,16,0,0
controlled-72,controlled,hit_0,lead_0.25/rep_4,5,0,0,No-Selected-Prefetch,0.25,0.0,128,10;11;12;13;14;15;16;17;18;19;20;21;22;23;24;25,,0,0,16
controlled-73,controlled,hit_0,lead_0.25/rep_4,5,0,0,History-Last1,0.25,0.0,128,10;11;12;13;14;15;16;17;18;19;20;21;22;23;24;25,0;1;2;3;4;5;6;7;8;9;26;27;28;29;30;31,0,16,16
controlled-74,controlled,hit_0,lead_0.25/rep_4,5,0,0,Oracle,0.25,0.0,128,10;11;12;13;14;15;16;17;18;19;20;21;22;23;24;25,10;11;12;13;14;15;16;17;18;19;20;21;22;23;24;25,16,0,0
controlled-75,controlled,hit_0,lead_0.25/rep_5,6,0,0,No-Selected-Prefetch,0.25,0.0,128,10;11;12;13;14;15;16;17;18;19;20;21;22;23;24;25,,0,0,16
controlled-76,controlled,hit_0,lead_0.25/rep_5,6,0,0,History-Last1,0.25,0.0,128,10;11;12;13;14;15;16;17;18;19;20;21;22;23;24;25,0;1;2;3;4;5;6;7;8;9;26;27;28;29;30;31,0,16,16
controlled-77,controlled,hit_0,lead_0.25/rep_5,6,0,0,Oracle,0.25,0.0,128,10;11;12;13;14;15;16;17;18;19;20;21;22;23;24;25,10;11;12;13;14;15;16;17;18;19;20;21;22;23;24;25,16,0,0
controlled-78,controlled,hit_0,lead_0.25/rep_6,7,0,0,No-Selected-Prefetch,0.25,0.0,128,10;11;12;13;14;15;16;17;18;19;20;21;22;23;24;25,,0,0,16
controlled-79,controlled,hit_0,lead_0.25/rep_6,7,0,0,History-Last1,0.25,0.0,128,10;11;12;13;14;15;16;17;18;19;20;21;22;23;24;25,0;1;2;3;4;5;6;7;8;9;26;27;28;29;30;31,0,16,16
controlled-80,controlled,hit_0,lead_0.25/rep_6,7,0,0,Oracle,0.25,0.0,128,10;11;12;13;14;15;16;17;18;19;20;21;22;23;24;25,10;11;12;13;14;15;16;17;18;19;20;21;22;23;24;25,16,0,0
controlled-81,controlled,hit_0,lead_0.25/rep_7,8,0,0,No-Selected-Prefetch,0.25,0.0,128,10;11;12;13;14;15;16;17;18;19;20;21;22;23;24;25,,0,0,16
controlled-82,controlled,hit_0,lead_0.25/rep_7,8,0,0,History-Last1,0.25,0.0,128,10;11;12;13;14;15;16;17;18;19;20;21;22;23;24;25,0;1;2;3;4;5;6;7;8;9;26;27;28;29;30;31,0,16,16
controlled-83,controlled,hit_0,lead_0.25/rep_7,8,0,0,Oracle,0.25,0.0,128,10;11;12;13;14;15;16;17;18;19;20;21;22;23;24;25,10;11;12;13;14;15;16;17;18;19;20;21;22;23;24;25,16,0,0
controlled-84,controlled,hit_0,lead_0.25/rep_8,9,0,0,No-Selected-Prefetch,0.25,0.0,128,10;11;12;13;14;15;16;17;18;19;20;21;22;23;24;25,,0,0,16
controlled-85,controlled,hit_0,lead_0.25/rep_8,9,0,0,History-Last1,0.25,0.0,128,10;11;12;13;14;15;16;17;18;19;20;21;22;23;24;25,0;1;2;3;4;5;6;7;8;9;26;27;28;29;30;31,0,16,16
controlled-86,controlled,hit_0,lead_0.25/rep_8,9,0,0,Oracle,0.25,0.0,128,10;11;12;13;14;15;16;17;18;19;20;21;22;23;24;25,10;11;12;13;14;15;16;17;18;19;20;21;22;23;24;25,16,0,0
controlled-87,controlled,hit_0,lead_0.25/rep_9,10,0,0,No-Selected-Prefetch,0.25,0.0,128,10;11;12;13;14;15;16;17;18;19;20;21;22;23;24;25,,0,0,16
controlled-88,controlled,hit_0,lead_0.25/rep_9,10,0,0,History-Last1,0.25,0.0,128,10;11;12;13;14;15;16;17;18;19;20;21;22;23;24;25,0;1;2;3;4;5;6;7;8;9;26;27;28;29;30;31,0,16,16
controlled-89,controlled,hit_0,lead_0.25/rep_9,10,0,0,Oracle,0.25,0.0,128,10;11;12;13;14;15;16;17;18;19;20;21;22;23;24;25,10;11;12;13;14;15;16;17;18;19;20;21;22;23;24;25,16,0,0
controlled-90,controlled,hit_0,lead_0.25/rep_10,11,0,0,No-Selected-Prefetch,0.25,0.0,128,10;11;12;13;14;15;16;17;18;19;20;21;22;23;24;25,,0,0,16
controlled-91,controlled,hit_0,lead_0.25/rep_10,11,0,0,History-Last1,0.25,0.0,128,10;11;12;13;14;15;16;17;18;19;20;21;22;23;24;25,0;1;2;3;4;5;6;7;8;9;26;27;28;29;30;31,0,16,16
controlled-92,controlled,hit_0,lead_0.25/rep_10,11,0,0,Oracle,0.25,0.0,128,10;11;12;13;14;15;16;17;18;19;20;21;22;23;24;25,10;11;12;13;14;15;16;17;18;19;20;21;22;23;24;25,16,0,0
controlled-93,controlled,hit_0,lead_0.25/rep_11,12,0,0,No-Selected-Prefetch,0.25,0.0,128,10;11;12;13;14;15;16;17;18;19;20;21;22;23;24;25,,0,0,16
controlled-94,controlled,hit_0,lead_0.25/rep_11,12,0,0,History-Last1,0.25,0.0,128,10;11;12;13;14;15;16;17;18;19;20;21;22;23;24;25,0;1;2;3;4;5;6;7;8;9;26;27;28;29;30;31,0,16,16
controlled-95,controlled,hit_0,lead_0.25/rep_11,12,0,0,Oracle,0.25,0.0,128,10;11;12;13;14;15;16;17;18;19;20;21;22;23;24;25,10;11;12;13;14;15;16;17;18;19;20;21;22;23;24;25,16,0,0
controlled-96,controlled,hit_0,lead_0.25/rep_12,13,0,0,No-Selected-Prefetch,0.25,0.0,128,10;11;12;13;14;15;16;17;18;19;20;21;22;23;24;25,,0,0,16
controlled-97,controlled,hit_0,lead_0.25/rep_12,13,0,0,History-Last1,0.25,0.0,128,10;11;12;13;14;15;16;17;18;19;20;21;22;23;24;25,0;1;2;3;4;5;6;7;8;9;26;27;28;29;30;31,0,16,16
controlled-98,controlled,hit_0,lead_0.25/rep_12,13,0,0,Oracle,0.25,0.0,128,10;11;12;13;14;15;16;17;18;19;20;21;22;23;24;25,10;11;12;13;14;15;16;17;18;19;20;21;22;23;24;25,16,0,0
controlled-99,controlled,hit_0,lead_0.25/rep_13,14,0,0,No-Selected-Prefetch,0.25,0.0,128,10;11;12;13;14;15;16;17;18;19;20;21;22;23;24;25,,0,0,16
controlled-100,controlled,hit_0,lead_0.25/rep_13,14,0,0,History-Last1,0.25,0.0,128,10;11;12;13;14;15;16;17;18;19;20;21;22;23;24;25,0;1;2;3;4;5;6;7;8;9;26;27;28;29;30;31,0,16,16
controlled-101,controlled,hit_0,lead_0.25/rep_13,14,0,0,Oracle,0.25,0.0,128,10;11;12;13;14;15;16;17;18;19;20;21;22;23;24;25,10;11;12;13;14;15;16;17;18;19;20;21;22;23;24;25,16,0,0
controlled-102,controlled,hit_0,lead_0.25/rep_14,15,0,0,No-Selected-Prefetch,0.25,0.0,128,10;11;12;13;14;15;16;17;18;19;20;21;22;23;24;25,,0,0,16
controlled-103,controlled,hit_0,lead_0.25/rep_14,15,0,0,History-Last1,0.25,0.0,128,10;11;12;13;14;15;16;17;18;19;20;21;22;23;24;25,0;1;2;3;4;5;6;7;8;9;26;27;28;29;30;31,0,16,16
controlled-104,controlled,hit_0,lead_0.25/rep_14,15,0,0,Oracle,0.25,0.0,128,10;11;12;13;14;15;16;17;18;19;20;21;22;23;24;25,10;11;12;13;14;15;16;17;18;19;20;21;22;23;24;25,16,0,0
controlled-105,controlled,hit_0,lead_0.25/rep_15,16,0,0,No-Selected-Prefetch,0.25,0.0,128,10;11;12;13;14;15;16;17;18;19;20;21;22;23;24;25,,0,0,16
controlled-106,controlled,hit_0,lead_0.25/rep_15,16,0,0,History-Last1,0.25,0.0,128,10;11;12;13;14;15;16;17;18;19;20;21;22;23;24;25,0;1;2;3;4;5;6;7;8;9;26;27;28;29;30;31,0,16,16
controlled-107,controlled,hit_0,lead_0.25/rep_15,16,0,0,Oracle,0.25,0.0,128,10;11;12;13;14;15;16;17;18;19;20;21;22;23;24;25,10;11;12;13;14;15;16;17;18;19;20;21;22;23;24;25,16,0,0
controlled-108,controlled,hit_0,lead_0.25/rep_16,17,0,0,No-Selected-Prefetch,0.25,0.0,128,10;11;12;13;14;15;16;17;18;19;20;21;22;23;24;25,,0,0,16
controlled-109,controlled,hit_0,lead_0.25/rep_16,17,0,0,History-Last1,0.25,0.0,128,10;11;12;13;14;15;16;17;18;19;20;21;22;23;24;25,0;1;2;3;4;5;6;7;8;9;26;27;28;29;30;31,0,16,16
controlled-110,controlled,hit_0,lead_0.25/rep_16,17,0,0,Oracle,0.25,0.0,128,10;11;12;13;14;15;16;17;18;19;20;21;22;23;24;25,10;11;12;13;14;15;16;17;18;19;20;21;22;23;24;25,16,0,0
controlled-111,controlled,hit_0,lead_0.25/rep_17,18,0,0,No-Selected-Prefetch,0.25,0.0,128,10;11;12;13;14;15;16;17;18;19;20;21;22;23;24;25,,0,0,16
controlled-112,controlled,hit_0,lead_0.25/rep_17,18,0,0,History-Last1,0.25,0.0,128,10;11;12;13;14;15;16;17;18;19;20;21;22;23;24;25,0;1;2;3;4;5;6;7;8;9;26;27;28;29;30;31,0,16,16
controlled-113,controlled,hit_0,lead_0.25/rep_17,18,0,0,Oracle,0.25,0.0,128,10;11;12;13;14;15;16;17;18;19;20;21;22;23;24;25,10;11;12;13;14;15;16;17;18;19;20;21;22;23;24;25,16,0,0
controlled-114,controlled,hit_0,lead_0.25/rep_18,19,0,0,No-Selected-Prefetch,0.25,0.0,128,10;11;12;13;14;15;16;17;18;19;20;21;22;23;24;25,,0,0,16
controlled-115,controlled,hit_0,lead_0.25/rep_18,19,0,0,History-Last1,0.25,0.0,128,10;11;12;13;14;15;16;17;18;19;20;21;22;23;24;25,0;1;2;3;4;5;6;7;8;9;26;27;28;29;30;31,0,16,16
controlled-116,controlled,hit_0,lead_0.25/rep_18,19,0,0,Oracle,0.25,0.0,128,10;11;12;13;14;15;16;17;18;19;20;21;22;23;24;25,10;11;12;13;14;15;16;17;18;19;20;21;22;23;24;25,16,0,0
controlled-117,controlled,hit_0,lead_0.25/rep_19,20,0,0,No-Selected-Prefetch,0.25,0.0,128,10;11;12;13;14;15;16;17;18;19;20;21;22;23;24;25,,0,0,16
controlled-118,controlled,hit_0,lead_0.25/rep_19,20,0,0,History-Last1,0.25,0.0,128,10;11;12;13;14;15;16;17;18;19;20;21;22;23;24;25,0;1;2;3;4;5;6;7;8;9;26;27;28;29;30;31,0,16,16
controlled-119,controlled,hit_0,lead_0.25/rep_19,20,0,0,Oracle,0.25,0.0,128,10;11;12;13;14;15;16;17;18;19;20;21;22;23;24;25,10;11;12;13;14;15;16;17;18;19;20;21;22;23;24;25,16,0,0
controlled-120,controlled,hit_0,lead_0.5/rep_0,1,0,0,No-Selected-Prefetch,0.5,0.0,128,10;11;12;13;14;15;16;17;18;19;20;21;22;23;24;25,,0,0,16
controlled-121,controlled,hit_0,lead_0.5/rep_0,1,0,0,History-Last1,0.5,0.0,128,10;11;12;13;14;15;16;17;18;19;20;21;22;23;24;25,0;1;2;3;4;5;6;7;8;9;26;27;28;29;30;31,0,16,16
controlled-122,controlled,hit_0,lead_0.5/rep_0,1,0,0,Oracle,0.5,0.0,128,10;11;12;13;14;15;16;17;18;19;20;21;22;23;24;25,10;11;12;13;14;15;16;17;18;19;20;21;22;23;24;25,16,0,0
controlled-123,controlled,hit_0,lead_0.5/rep_1,2,0,0,No-Selected-Prefetch,0.5,0.0,128,10;11;12;13;14;15;16;17;18;19;20;21;22;23;24;25,,0,0,16
controlled-124,controlled,hit_0,lead_0.5/rep_1,2,0,0,History-Last1,0.5,0.0,128,10;11;12;13;14;15;16;17;18;19;20;21;22;23;24;25,0;1;2;3;4;5;6;7;8;9;26;27;28;29;30;31,0,16,16
controlled-125,controlled,hit_0,lead_0.5/rep_1,2,0,0,Oracle,0.5,0.0,128,10;11;12;13;14;15;16;17;18;19;20;21;22;23;24;25,10;11;12;13;14;15;16;17;18;19;20;21;22;23;24;25,16,0,0
controlled-126,controlled,hit_0,lead_0.5/rep_2,3,0,0,No-Selected-Prefetch,0.5,0.0,128,10;11;12;13;14;15;16;17;18;19;20;21;22;23;24;25,,0,0,16
controlled-127,controlled,hit_0,lead_0.5/rep_2,3,0,0,History-Last1,0.5,0.0,128,10;11;12;13;14;15;16;17;18;19;20;21;22;23;24;25,0;1;2;3;4;5;6;7;8;9;26;27;28;29;30;31,0,16,16
controlled-128,controlled,hit_0,lead_0.5/rep_2,3,0,0,Oracle,0.5,0.0,128,10;11;12;13;14;15;16;17;18;19;20;21;22;23;24;25,10;11;12;13;14;15;16;17;18;19;20;21;22;23;24;25,16,0,0
controlled-129,controlled,hit_0,lead_0.5/rep_3,4,0,0,No-Selected-Prefetch,0.5,0.0,128,10;11;12;13;14;15;16;17;18;19;20;21;22;23;24;25,,0,0,16
controlled-130,controlled,hit_0,lead_0.5/rep_3,4,0,0,History-Last1,0.5,0.0,128,10;11;12;13;14;15;16;17;18;19;20;21;22;23;24;25,0;1;2;3;4;5;6;7;8;9;26;27;28;29;30;31,0,16,16
controlled-131,controlled,hit_0,lead_0.5/rep_3,4,0,0,Oracle,0.5,0.0,128,10;11;12;13;14;15;16;17;18;19;20;21;22;23;24;25,10;11;12;13;14;15;16;17;18;19;20;21;22;23;24;25,16,0,0
controlled-132,controlled,hit_0,lead_0.5/rep_4,5,0,0,No-Selected-Prefetch,0.5,0.0,128,10;11;12;13;14;15;16;17;18;19;20;21;22;23;24;25,,0,0,16
controlled-133,controlled,hit_0,lead_0.5/rep_4,5,0,0,History-Last1,0.5,0.0,128,10;11;12;13;14;15;16;17;18;19;20;21;22;23;24;25,0;1;2;3;4;5;6;7;8;9;26;27;28;29;30;31,0,16,16
controlled-134,controlled,hit_0,lead_0.5/rep_4,5,0,0,Oracle,0.5,0.0,128,10;11;12;13;14;15;16;17;18;19;20;21;22;23;24;25,10;11;12;13;14;15;16;17;18;19;20;21;22;23;24;25,16,0,0
controlled-135,controlled,hit_0,lead_0.5/rep_5,6,0,0,No-Selected-Prefetch,0.5,0.0,128,10;11;12;13;14;15;16;17;18;19;20;21;22;23;24;25,,0,0,16
controlled-136,controlled,hit_0,lead_0.5/rep_5,6,0,0,History-Last1,0.5,0.0,128,10;11;12;13;14;15;16;17;18;19;20;21;22;23;24;25,0;1;2;3;4;5;6;7;8;9;26;27;28;29;30;31,0,16,16
controlled-137,controlled,hit_0,lead_0.5/rep_5,6,0,0,Oracle,0.5,0.0,128,10;11;12;13;14;15;16;17;18;19;20;21;22;23;24;25,10;11;12;13;14;15;16;17;18;19;20;21;22;23;24;25,16,0,0
controlled-138,controlled,hit_0,lead_0.5/rep_6,7,0,0,No-Selected-Prefetch,0.5,0.0,128,10;11;12;13;14;15;16;17;18;19;20;21;22;23;24;25,,0,0,16
controlled-139,controlled,hit_0,lead_0.5/rep_6,7,0,0,History-Last1,0.5,0.0,128,10;11;12;13;14;15;16;17;18;19;20;21;22;23;24;25,0;1;2;3;4;5;6;7;8;9;26;27;28;29;30;31,0,16,16
controlled-140,controlled,hit_0,lead_0.5/rep_6,7,0,0,Oracle,0.5,0.0,128,10;11;12;13;14;15;16;17;18;19;20;21;22;23;24;25,10;11;12;13;14;15;16;17;18;19;20;21;22;23;24;25,16,0,0
controlled-141,controlled,hit_0,lead_0.5/rep_7,8,0,0,No-Selected-Prefetch,0.5,0.0,128,10;11;12;13;14;15;16;17;18;19;20;21;22;23;24;25,,0,0,16
controlled-142,controlled,hit_0,lead_0.5/rep_7,8,0,0,History-Last1,0.5,0.0,128,10;11;12;13;14;15;16;17;18;19;20;21;22;23;24;25,0;1;2;3;4;5;6;7;8;9;26;27;28;29;30;31,0,16,16
controlled-143,controlled,hit_0,lead_0.5/rep_7,8,0,0,Oracle,0.5,0.0,128,10;11;12;13;14;15;16;17;18;19;20;21;22;23;24;25,10;11;12;13;14;15;16;17;18;19;20;21;22;23;24;25,16,0,0
controlled-144,controlled,hit_0,lead_0.5/rep_8,9,0,0,No-Selected-Prefetch,0.5,0.0,128,10;11;12;13;14;15;16;17;18;19;20;21;22;23;24;25,,0,0,16
controlled-145,controlled,hit_0,lead_0.5/rep_8,9,0,0,History-Last1,0.5,0.0,128,10;11;12;13;14;15;16;17;18;19;20;21;22;23;24;25,0;1;2;3;4;5;6;7;8;9;26;27;28;29;30;31,0,16,16
controlled-146,controlled,hit_0,lead_0.5/rep_8,9,0,0,Oracle,0.5,0.0,128,10;11;12;13;14;15;16;17;18;19;20;21;22;23;24;25,10;11;12;13;14;15;16;17;18;19;20;21;22;23;24;25,16,0,0
controlled-147,controlled,hit_0,lead_0.5/rep_9,10,0,0,No-Selected-Prefetch,0.5,0.0,128,10;11;12;13;14;15;16;17;18;19;20;21;22;23;24;25,,0,0,16
controlled-148,controlled,hit_0,lead_0.5/rep_9,10,0,0,History-Last1,0.5,0.0,128,10;11;12;13;14;15;16;17;18;19;20;21;22;23;24;25,0;1;2;3;4;5;6;7;8;9;26;27;28;29;30;31,0,16,16
controlled-149,controlled,hit_0,lead_0.5/rep_9,10,0,0,Oracle,0.5,0.0,128,10;11;12;13;14;15;16;17;18;19;20;21;22;23;24;25,10;11;12;13;14;15;16;17;18;19;20;21;22;23;24;25,16,0,0
controlled-150,controlled,hit_0,lead_0.5/rep_10,11,0,0,No-Selected-Prefetch,0.5,0.0,128,10;11;12;13;14;15;16;17;18;19;20;21;22;23;24;25,,0,0,16
controlled-151,controlled,hit_0,lead_0.5/rep_10,11,0,0,History-Last1,0.5,0.0,128,10;11;12;13;14;15;16;17;18;19;20;21;22;23;24;25,0;1;2;3;4;5;6;7;8;9;26;27;28;29;30;31,0,16,16
controlled-152,controlled,hit_0,lead_0.5/rep_10,11,0,0,Oracle,0.5,0.0,128,10;11;12;13;14;15;16;17;18;19;20;21;22;23;24;25,10;11;12;13;14;15;16;17;18;19;20;21;22;23;24;25,16,0,0
controlled-153,controlled,hit_0,lead_0.5/rep_11,12,0,0,No-Selected-Prefetch,0.5,0.0,128,10;11;12;13;14;15;16;17;18;19;20;21;22;23;24;25,,0,0,16
controlled-154,controlled,hit_0,lead_0.5/rep_11,12,0,0,History-Last1,0.5,0.0,128,10;11;12;13;14;15;16;17;18;19;20;21;22;23;24;25,0;1;2;3;4;5;6;7;8;9;26;27;28;29;30;31,0,16,16
controlled-155,controlled,hit_0,lead_0.5/rep_11,12,0,0,Oracle,0.5,0.0,128,10;11;12;13;14;15;16;17;18;19;20;21;22;23;24;25,10;11;12;13;14;15;16;17;18;19;20;21;22;23;24;25,16,0,0
controlled-156,controlled,hit_0,lead_0.5/rep_12,13,0,0,No-Selected-Prefetch,0.5,0.0,128,10;11;12;13;14;15;16;17;18;19;20;21;22;23;24;25,,0,0,16
controlled-157,controlled,hit_0,lead_0.5/rep_12,13,0,0,History-Last1,0.5,0.0,128,10;11;12;13;14;15;16;17;18;19;20;21;22;23;24;25,0;1;2;3;4;5;6;7;8;9;26;27;28;29;30;31,0,16,16
controlled-158,controlled,hit_0,lead_0.5/rep_12,13,0,0,Oracle,0.5,0.0,128,10;11;12;13;14;15;16;17;18;19;20;21;22;23;24;25,10;11;12;13;14;15;16;17;18;19;20;21;22;23;24;25,16,0,0
controlled-159,controlled,hit_0,lead_0.5/rep_13,14,0,0,No-Selected-Prefetch,0.5,0.0,128,10;11;12;13;14;15;16;17;18;19;20;21;22;23;24;25,,0,0,16
controlled-160,controlled,hit_0,lead_0.5/rep_13,14,0,0,History-Last1,0.5,0.0,128,10;11;12;13;14;15;16;17;18;19;20;21;22;23;24;25,0;1;2;3;4;5;6;7;8;9;26;27;28;29;30;31,0,16,16
controlled-161,controlled,hit_0,lead_0.5/rep_13,14,0,0,Oracle,0.5,0.0,128,10;11;12;13;14;15;16;17;18;19;20;21;22;23;24;25,10;11;12;13;14;15;16;17;18;19;20;21;22;23;24;25,16,0,0
controlled-162,controlled,hit_0,lead_0.5/rep_14,15,0,0,No-Selected-Prefetch,0.5,0.0,128,10;11;12;13;14;15;16;17;18;19;20;21;22;23;24;25,,0,0,16
controlled-163,controlled,hit_0,lead_0.5/rep_14,15,0,0,History-Last1,0.5,0.0,128,10;11;12;13;14;15;16;17;18;19;20;21;22;23;24;25,0;1;2;3;4;5;6;7;8;9;26;27;28;29;30;31,0,16,16
controlled-164,controlled,hit_0,lead_0.5/rep_14,15,0,0,Oracle,0.5,0.0,128,10;11;12;13;14;15;16;17;18;19;20;21;22;23;24;25,10;11;12;13;14;15;16;17;18;19;20;21;22;23;24;25,16,0,0
controlled-165,controlled,hit_0,lead_0.5/rep_15,16,0,0,No-Selected-Prefetch,0.5,0.0,128,10;11;12;13;14;15;16;17;18;19;20;21;22;23;24;25,,0,0,16
controlled-166,controlled,hit_0,lead_0.5/rep_15,16,0,0,History-Last1,0.5,0.0,128,10;11;12;13;14;15;16;17;18;19;20;21;22;23;24;25,0;1;2;3;4;5;6;7;8;9;26;27;28;29;30;31,0,16,16
controlled-167,controlled,hit_0,lead_0.5/rep_15,16,0,0,Oracle,0.5,0.0,128,10;11;12;13;14;15;16;17;18;19;20;21;22;23;24;25,10;11;12;13;14;15;16;17;18;19;20;21;22;23;24;25,16,0,0
controlled-168,controlled,hit_0,lead_0.5/rep_16,17,0,0,No-Selected-Prefetch,0.5,0.0,128,10;11;12;13;14;15;16;17;18;19;20;21;22;23;24;25,,0,0,16
controlled-169,controlled,hit_0,lead_0.5/rep_16,17,0,0,History-Last1,0.5,0.0,128,10;11;12;13;14;15;16;17;18;19;20;21;22;23;24;25,0;1;2;3;4;5;6;7;8;9;26;27;28;29;30;31,0,16,16
controlled-170,controlled,hit_0,lead_0.5/rep_16,17,0,0,Oracle,0.5,0.0,128,10;11;12;13;14;15;16;17;18;19;20;21;22;23;24;25,10;11;12;13;14;15;16;17;18;19;20;21;22;23;24;25,16,0,0
controlled-171,controlled,hit_0,lead_0.5/rep_17,18,0,0,No-Selected-Prefetch,0.5,0.0,128,10;11;12;13;14;15;16;17;18;19;20;21;22;23;24;25,,0,0,16
controlled-172,controlled,hit_0,lead_0.5/rep_17,18,0,0,History-Last1,0.5,0.0,128,10;11;12;13;14;15;16;17;18;19;20;21;22;23;24;25,0;1;2;3;4;5;6;7;8;9;26;27;28;29;30;31,0,16,16
controlled-173,controlled,hit_0,lead_0.5/rep_17,18,0,0,Oracle,0.5,0.0,128,10;11;12;13;14;15;16;17;18;19;20;21;22;23;24;25,10;11;12;13;14;15;16;17;18;19;20;21;22;23;24;25,16,0,0
controlled-174,controlled,hit_0,lead_0.5/rep_18,19,0,0,No-Selected-Prefetch,0.5,0.0,128,10;11;12;13;14;15;16;17;18;19;20;21;22;23;24;25,,0,0,16
controlled-175,controlled,hit_0,lead_0.5/rep_18,19,0,0,History-Last1,0.5,0.0,128,10;11;12;13;14;15;16;17;18;19;20;21;22;23;24;25,0;1;2;3;4;5;6;7;8;9;26;27;28;29;30;31,0,16,16
controlled-176,controlled,hit_0,lead_0.5/rep_18,19,0,0,Oracle,0.5,0.0,128,10;11;12;13;14;15;16;17;18;19;20;21;22;23;24;25,10;11;12;13;14;15;16;17;18;19;20;21;22;23;24;25,16,0,0
controlled-177,controlled,hit_0,lead_0.5/rep_19,20,0,0,No-Selected-Prefetch,0.5,0.0,128,10;11;12;13;14;15;16;17;18;19;20;21;22;23;24;25,,0,0,16
controlled-178,controlled,hit_0,lead_0.5/rep_19,20,0,0,History-Last1,0.5,0.0,128,10;11;12;13;14;15;16;17;18;19;20;21;22;23;24;25,0;1;2;3;4;5;6;7;8;9;26;27;28;29;30;31,0,16,16
controlled-179,controlled,hit_0,lead_0.5/rep_19,20,0,0,Oracle,0.5,0.0,128,10;11;12;13;14;15;16;17;18;19;20;21;22;23;24;25,10;11;12;13;14;15;16;17;18;19;20;21;22;23;24;25,16,0,0
controlled-180,controlled,hit_0,lead_1/rep_0,1,0,0,No-Selected-Prefetch,1.0,0.0,128,10;11;12;13;14;15;16;17;18;19;20;21;22;23;24;25,,0,0,16
controlled-181,controlled,hit_0,lead_1/rep_0,1,0,0,History-Last1,1.0,0.0,128,10;11;12;13;14;15;16;17;18;19;20;21;22;23;24;25,0;1;2;3;4;5;6;7;8;9;26;27;28;29;30;31,0,16,16
controlled-182,controlled,hit_0,lead_1/rep_0,1,0,0,Oracle,1.0,0.0,128,10;11;12;13;14;15;16;17;18;19;20;21;22;23;24;25,10;11;12;13;14;15;16;17;18;19;20;21;22;23;24;25,16,0,0
controlled-183,controlled,hit_0,lead_1/rep_1,2,0,0,No-Selected-Prefetch,1.0,0.0,128,10;11;12;13;14;15;16;17;18;19;20;21;22;23;24;25,,0,0,16
controlled-184,controlled,hit_0,lead_1/rep_1,2,0,0,History-Last1,1.0,0.0,128,10;11;12;13;14;15;16;17;18;19;20;21;22;23;24;25,0;1;2;3;4;5;6;7;8;9;26;27;28;29;30;31,0,16,16
controlled-185,controlled,hit_0,lead_1/rep_1,2,0,0,Oracle,1.0,0.0,128,10;11;12;13;14;15;16;17;18;19;20;21;22;23;24;25,10;11;12;13;14;15;16;17;18;19;20;21;22;23;24;25,16,0,0
controlled-186,controlled,hit_0,lead_1/rep_2,3,0,0,No-Selected-Prefetch,1.0,0.0,128,10;11;12;13;14;15;16;17;18;19;20;21;22;23;24;25,,0,0,16
controlled-187,controlled,hit_0,lead_1/rep_2,3,0,0,History-Last1,1.0,0.0,128,10;11;12;13;14;15;16;17;18;19;20;21;22;23;24;25,0;1;2;3;4;5;6;7;8;9;26;27;28;29;30;31,0,16,16
controlled-188,controlled,hit_0,lead_1/rep_2,3,0,0,Oracle,1.0,0.0,128,10;11;12;13;14;15;16;17;18;19;20;21;22;23;24;25,10;11;12;13;14;15;16;17;18;19;20;21;22;23;24;25,16,0,0
controlled-189,controlled,hit_0,lead_1/rep_3,4,0,0,No-Selected-Prefetch,1.0,0.0,128,10;11;12;13;14;15;16;17;18;19;20;21;22;23;24;25,,0,0,16
controlled-190,controlled,hit_0,lead_1/rep_3,4,0,0,History-Last1,1.0,0.0,128,10;11;12;13;14;15;16;17;18;19;20;21;22;23;24;25,0;1;2;3;4;5;6;7;8;9;26;27;28;29;30;31,0,16,16
controlled-191,controlled,hit_0,lead_1/rep_3,4,0,0,Oracle,1.0,0.0,128,10;11;12;13;14;15;16;17;18;19;20;21;22;23;24;25,10;11;12;13;14;15;16;17;18;19;20;21;22;23;24;25,16,0,0
controlled-192,controlled,hit_0,lead_1/rep_4,5,0,0,No-Selected-Prefetch,1.0,0.0,128,10;11;12;13;14;15;16;17;18;19;20;21;22;23;24;25,,0,0,16
controlled-193,controlled,hit_0,lead_1/rep_4,5,0,0,History-Last1,1.0,0.0,128,10;11;12;13;14;15;16;17;18;19;20;21;22;23;24;25,0;1;2;3;4;5;6;7;8;9;26;27;28;29;30;31,0,16,16
controlled-194,controlled,hit_0,lead_1/rep_4,5,0,0,Oracle,1.0,0.0,128,10;11;12;13;14;15;16;17;18;19;20;21;22;23;24;25,10;11;12;13;14;15;16;17;18;19;20;21;22;23;24;25,16,0,0
controlled-195,controlled,hit_0,lead_1/rep_5,6,0,0,No-Selected-Prefetch,1.0,0.0,128,10;11;12;13;14;15;16;17;18;19;20;21;22;23;24;25,,0,0,16
controlled-196,controlled,hit_0,lead_1/rep_5,6,0,0,History-Last1,1.0,0.0,128,10;11;12;13;14;15;16;17;18;19;20;21;22;23;24;25,0;1;2;3;4;5;6;7;8;9;26;27;28;29;30;31,0,16,16
controlled-197,controlled,hit_0,lead_1/rep_5,6,0,0,Oracle,1.0,0.0,128,10;11;12;13;14;15;16;17;18;19;20;21;22;23;24;25,10;11;12;13;14;15;16;17;18;19;20;21;22;23;24;25,16,0,0
controlled-198,controlled,hit_0,lead_1/rep_6,7,0,0,No-Selected-Prefetch,1.0,0.0,128,10;11;12;13;14;15;16;17;18;19;20;21;22;23;24;25,,0,0,16
controlled-199,controlled,hit_0,lead_1/rep_6,7,0,0,History-Last1,1.0,0.0,128,10;11;12;13;14;15;16;17;18;19;20;21;22;23;24;25,0;1;2;3;4;5;6;7;8;9;26;27;28;29;30;31,0,16,16
controlled-200,controlled,hit_0,lead_1/rep_6,7,0,0,Oracle,1.0,0.0,128,10;11;12;13;14;15;16;17;18;19;20;21;22;23;24;25,10;11;12;13;14;15;16;17;18;19;20;21;22;23;24;25,16,0,0
controlled-201,controlled,hit_0,lead_1/rep_7,8,0,0,No-Selected-Prefetch,1.0,0.0,128,10;11;12;13;14;15;16;17;18;19;20;21;22;23;24;25,,0,0,16
controlled-202,controlled,hit_0,lead_1/rep_7,8,0,0,History-Last1,1.0,0.0,128,10;11;12;13;14;15;16;17;18;19;20;21;22;23;24;25,0;1;2;3;4;5;6;7;8;9;26;27;28;29;30;31,0,16,16
controlled-203,controlled,hit_0,lead_1/rep_7,8,0,0,Oracle,1.0,0.0,128,10;11;12;13;14;15;16;17;18;19;20;21;22;23;24;25,10;11;12;13;14;15;16;17;18;19;20;21;22;23;24;25,16,0,0
controlled-204,controlled,hit_0,lead_1/rep_8,9,0,0,No-Selected-Prefetch,1.0,0.0,128,10;11;12;13;14;15;16;17;18;19;20;21;22;23;24;25,,0,0,16
controlled-205,controlled,hit_0,lead_1/rep_8,9,0,0,History-Last1,1.0,0.0,128,10;11;12;13;14;15;16;17;18;19;20;21;22;23;24;25,0;1;2;3;4;5;6;7;8;9;26;27;28;29;30;31,0,16,16
controlled-206,controlled,hit_0,lead_1/rep_8,9,0,0,Oracle,1.0,0.0,128,10;11;12;13;14;15;16;17;18;19;20;21;22;23;24;25,10;11;12;13;14;15;16;17;18;19;20;21;22;23;24;25,16,0,0
controlled-207,controlled,hit_0,lead_1/rep_9,10,0,0,No-Selected-Prefetch,1.0,0.0,128,10;11;12;13;14;15;16;17;18;19;20;21;22;23;24;25,,0,0,16
controlled-208,controlled,hit_0,lead_1/rep_9,10,0,0,History-Last1,1.0,0.0,128,10;11;12;13;14;15;16;17;18;19;20;21;22;23;24;25,0;1;2;3;4;5;6;7;8;9;26;27;28;29;30;31,0,16,16
controlled-209,controlled,hit_0,lead_1/rep_9,10,0,0,Oracle,1.0,0.0,128,10;11;12;13;14;15;16;17;18;19;20;21;22;23;24;25,10;11;12;13;14;15;16;17;18;19;20;21;22;23;24;25,16,0,0
controlled-210,controlled,hit_0,lead_1/rep_10,11,0,0,No-Selected-Prefetch,1.0,0.0,128,10;11;12;13;14;15;16;17;18;19;20;21;22;23;24;25,,0,0,16
controlled-211,controlled,hit_0,lead_1/rep_10,11,0,0,History-Last1,1.0,0.0,128,10;11;12;13;14;15;16;17;18;19;20;21;22;23;24;25,0;1;2;3;4;5;6;7;8;9;26;27;28;29;30;31,0,16,16
controlled-212,controlled,hit_0,lead_1/rep_10,11,0,0,Oracle,1.0,0.0,128,10;11;12;13;14;15;16;17;18;19;20;21;22;23;24;25,10;11;12;13;14;15;16;17;18;19;20;21;22;23;24;25,16,0,0
controlled-213,controlled,hit_0,lead_1/rep_11,12,0,0,No-Selected-Prefetch,1.0,0.0,128,10;11;12;13;14;15;16;17;18;19;20;21;22;23;24;25,,0,0,16
controlled-214,controlled,hit_0,lead_1/rep_11,12,0,0,History-Last1,1.0,0.0,128,10;11;12;13;14;15;16;17;18;19;20;21;22;23;24;25,0;1;2;3;4;5;6;7;8;9;26;27;28;29;30;31,0,16,16
controlled-215,controlled,hit_0,lead_1/rep_11,12,0,0,Oracle,1.0,0.0,128,10;11;12;13;14;15;16;17;18;19;20;21;22;23;24;25,10;11;12;13;14;15;16;17;18;19;20;21;22;23;24;25,16,0,0
controlled-216,controlled,hit_0,lead_1/rep_12,13,0,0,No-Selected-Prefetch,1.0,0.0,128,10;11;12;13;14;15;16;17;18;19;20;21;22;23;24;25,,0,0,16
controlled-217,controlled,hit_0,lead_1/rep_12,13,0,0,History-Last1,1.0,0.0,128,10;11;12;13;14;15;16;17;18;19;20;21;22;23;24;25,0;1;2;3;4;5;6;7;8;9;26;27;28;29;30;31,0,16,16
controlled-218,controlled,hit_0,lead_1/rep_12,13,0,0,Oracle,1.0,0.0,128,10;11;12;13;14;15;16;17;18;19;20;21;22;23;24;25,10;11;12;13;14;15;16;17;18;19;20;21;22;23;24;25,16,0,0
controlled-219,controlled,hit_0,lead_1/rep_13,14,0,0,No-Selected-Prefetch,1.0,0.0,128,10;11;12;13;14;15;16;17;18;19;20;21;22;23;24;25,,0,0,16
controlled-220,controlled,hit_0,lead_1/rep_13,14,0,0,History-Last1,1.0,0.0,128,10;11;12;13;14;15;16;17;18;19;20;21;22;23;24;25,0;1;2;3;4;5;6;7;8;9;26;27;28;29;30;31,0,16,16
controlled-221,controlled,hit_0,lead_1/rep_13,14,0,0,Oracle,1.0,0.0,128,10;11;12;13;14;15;16;17;18;19;20;21;22;23;24;25,10;11;12;13;14;15;16;17;18;19;20;21;22;23;24;25,16,0,0
controlled-222,controlled,hit_0,lead_1/rep_14,15,0,0,No-Selected-Prefetch,1.0,0.0,128,10;11;12;13;14;15;16;17;18;19;20;21;22;23;24;25,,0,0,16
controlled-223,controlled,hit_0,lead_1/rep_14,15,0,0,History-Last1,1.0,0.0,128,10;11;12;13;14;15;16;17;18;19;20;21;22;23;24;25,0;1;2;3;4;5;6;7;8;9;26;27;28;29;30;31,0,16,16
controlled-224,controlled,hit_0,lead_1/rep_14,15,0,0,Oracle,1.0,0.0,128,10;11;12;13;14;15;16;17;18;19;20;21;22;23;24;25,10;11;12;13;14;15;16;17;18;19;20;21;22;23;24;25,16,0,0
controlled-225,controlled,hit_0,lead_1/rep_15,16,0,0,No-Selected-Prefetch,1.0,0.0,128,10;11;12;13;14;15;16;17;18;19;20;21;22;23;24;25,,0,0,16
controlled-226,controlled,hit_0,lead_1/rep_15,16,0,0,History-Last1,1.0,0.0,128,10;11;12;13;14;15;16;17;18;19;20;21;22;23;24;25,0;1;2;3;4;5;6;7;8;9;26;27;28;29;30;31,0,16,16
controlled-227,controlled,hit_0,lead_1/rep_15,16,0,0,Oracle,1.0,0.0,128,10;11;12;13;14;15;16;17;18;19;20;21;22;23;24;25,10;11;12;13;14;15;16;17;18;19;20;21;22;23;24;25,16,0,0
controlled-228,controlled,hit_0,lead_1/rep_16,17,0,0,No-Selected-Prefetch,1.0,0.0,128,10;11;12;13;14;15;16;17;18;19;20;21;22;23;24;25,,0,0,16
controlled-229,controlled,hit_0,lead_1/rep_16,17,0,0,History-Last1,1.0,0.0,128,10;11;12;13;14;15;16;17;18;19;20;21;22;23;24;25,0;1;2;3;4;5;6;7;8;9;26;27;28;29;30;31,0,16,16
controlled-230,controlled,hit_0,lead_1/rep_16,17,0,0,Oracle,1.0,0.0,128,10;11;12;13;14;15;16;17;18;19;20;21;22;23;24;25,10;11;12;13;14;15;16;17;18;19;20;21;22;23;24;25,16,0,0
controlled-231,controlled,hit_0,lead_1/rep_17,18,0,0,No-Selected-Prefetch,1.0,0.0,128,10;11;12;13;14;15;16;17;18;19;20;21;22;23;24;25,,0,0,16
controlled-232,controlled,hit_0,lead_1/rep_17,18,0,0,History-Last1,1.0,0.0,128,10;11;12;13;14;15;16;17;18;19;20;21;22;23;24;25,0;1;2;3;4;5;6;7;8;9;26;27;28;29;30;31,0,16,16
controlled-233,controlled,hit_0,lead_1/rep_17,18,0,0,Oracle,1.0,0.0,128,10;11;12;13;14;15;16;17;18;19;20;21;22;23;24;25,10;11;12;13;14;15;16;17;18;19;20;21;22;23;24;25,16,0,0
controlled-234,controlled,hit_0,lead_1/rep_18,19,0,0,No-Selected-Prefetch,1.0,0.0,128,10;11;12;13;14;15;16;17;18;19;20;21;22;23;24;25,,0,0,16
controlled-235,controlled,hit_0,lead_1/rep_18,19,0,0,History-Last1,1.0,0.0,128,10;11;12;13;14;15;16;17;18;19;20;21;22;23;24;25,0;1;2;3;4;5;6;7;8;9;26;27;28;29;30;31,0,16,16
controlled-236,controlled,hit_0,lead_1/rep_18,19,0,0,Oracle,1.0,0.0,128,10;11;12;13;14;15;16;17;18;19;20;21;22;23;24;25,10;11;12;13;14;15;16;17;18;19;20;21;22;23;24;25,16,0,0
controlled-237,controlled,hit_0,lead_1/rep_19,20,0,0,No-Selected-Prefetch,1.0,0.0,128,10;11;12;13;14;15;16;17;18;19;20;21;22;23;24;25,,0,0,16
controlled-238,controlled,hit_0,lead_1/rep_19,20,0,0,History-Last1,1.0,0.0,128,10;11;12;13;14;15;16;17;18;19;20;21;22;23;24;25,0;1;2;3;4;5;6;7;8;9;26;27;28;29;30;31,0,16,16
controlled-239,controlled,hit_0,lead_1/rep_19,20,0,0,Oracle,1.0,0.0,128,10;11;12;13;14;15;16;17;18;19;20;21;22;23;24;25,10;11;12;13;14;15;16;17;18;19;20;21;22;23;24;25,16,0,0
controlled-240,controlled,hit_0,lead_2/rep_0,1,0,0,No-Selected-Prefetch,2.0,0.0,128,10;11;12;13;14;15;16;17;18;19;20;21;22;23;24;25,,0,0,16
controlled-241,controlled,hit_0,lead_2/rep_0,1,0,0,History-Last1,2.0,0.0,128,10;11;12;13;14;15;16;17;18;19;20;21;22;23;24;25,0;1;2;3;4;5;6;7;8;9;26;27;28;29;30;31,0,16,16
controlled-242,controlled,hit_0,lead_2/rep_0,1,0,0,Oracle,2.0,0.0,128,10;11;12;13;14;15;16;17;18;19;20;21;22;23;24;25,10;11;12;13;14;15;16;17;18;19;20;21;22;23;24;25,16,0,0
controlled-243,controlled,hit_0,lead_2/rep_1,2,0,0,No-Selected-Prefetch,2.0,0.0,128,10;11;12;13;14;15;16;17;18;19;20;21;22;23;24;25,,0,0,16
controlled-244,controlled,hit_0,lead_2/rep_1,2,0,0,History-Last1,2.0,0.0,128,10;11;12;13;14;15;16;17;18;19;20;21;22;23;24;25,0;1;2;3;4;5;6;7;8;9;26;27;28;29;30;31,0,16,16
controlled-245,controlled,hit_0,lead_2/rep_1,2,0,0,Oracle,2.0,0.0,128,10;11;12;13;14;15;16;17;18;19;20;21;22;23;24;25,10;11;12;13;14;15;16;17;18;19;20;21;22;23;24;25,16,0,0
controlled-246,controlled,hit_0,lead_2/rep_2,3,0,0,No-Selected-Prefetch,2.0,0.0,128,10;11;12;13;14;15;16;17;18;19;20;21;22;23;24;25,,0,0,16
controlled-247,controlled,hit_0,lead_2/rep_2,3,0,0,History-Last1,2.0,0.0,128,10;11;12;13;14;15;16;17;18;19;20;21;22;23;24;25,0;1;2;3;4;5;6;7;8;9;26;27;28;29;30;31,0,16,16
controlled-248,controlled,hit_0,lead_2/rep_2,3,0,0,Oracle,2.0,0.0,128,10;11;12;13;14;15;16;17;18;19;20;21;22;23;24;25,10;11;12;13;14;15;16;17;18;19;20;21;22;23;24;25,16,0,0
controlled-249,controlled,hit_0,lead_2/rep_3,4,0,0,No-Selected-Prefetch,2.0,0.0,128,10;11;12;13;14;15;16;17;18;19;20;21;22;23;24;25,,0,0,16
controlled-250,controlled,hit_0,lead_2/rep_3,4,0,0,History-Last1,2.0,0.0,128,10;11;12;13;14;15;16;17;18;19;20;21;22;23;24;25,0;1;2;3;4;5;6;7;8;9;26;27;28;29;30;31,0,16,16
controlled-251,controlled,hit_0,lead_2/rep_3,4,0,0,Oracle,2.0,0.0,128,10;11;12;13;14;15;16;17;18;19;20;21;22;23;24;25,10;11;12;13;14;15;16;17;18;19;20;21;22;23;24;25,16,0,0
controlled-252,controlled,hit_0,lead_2/rep_4,5,0,0,No-Selected-Prefetch,2.0,0.0,128,10;11;12;13;14;15;16;17;18;19;20;21;22;23;24;25,,0,0,16
controlled-253,controlled,hit_0,lead_2/rep_4,5,0,0,History-Last1,2.0,0.0,128,10;11;12;13;14;15;16;17;18;19;20;21;22;23;24;25,0;1;2;3;4;5;6;7;8;9;26;27;28;29;30;31,0,16,16
controlled-254,controlled,hit_0,lead_2/rep_4,5,0,0,Oracle,2.0,0.0,128,10;11;12;13;14;15;16;17;18;19;20;21;22;23;24;25,10;11;12;13;14;15;16;17;18;19;20;21;22;23;24;25,16,0,0
controlled-255,controlled,hit_0,lead_2/rep_5,6,0,0,No-Selected-Prefetch,2.0,0.0,128,10;11;12;13;14;15;16;17;18;19;20;21;22;23;24;25,,0,0,16
controlled-256,controlled,hit_0,lead_2/rep_5,6,0,0,History-Last1,2.0,0.0,128,10;11;12;13;14;15;16;17;18;19;20;21;22;23;24;25,0;1;2;3;4;5;6;7;8;9;26;27;28;29;30;31,0,16,16
controlled-257,controlled,hit_0,lead_2/rep_5,6,0,0,Oracle,2.0,0.0,128,10;11;12;13;14;15;16;17;18;19;20;21;22;23;24;25,10;11;12;13;14;15;16;17;18;19;20;21;22;23;24;25,16,0,0
controlled-258,controlled,hit_0,lead_2/rep_6,7,0,0,No-Selected-Prefetch,2.0,0.0,128,10;11;12;13;14;15;16;17;18;19;20;21;22;23;24;25,,0,0,16
controlled-259,controlled,hit_0,lead_2/rep_6,7,0,0,History-Last1,2.0,0.0,128,10;11;12;13;14;15;16;17;18;19;20;21;22;23;24;25,0;1;2;3;4;5;6;7;8;9;26;27;28;29;30;31,0,16,16
controlled-260,controlled,hit_0,lead_2/rep_6,7,0,0,Oracle,2.0,0.0,128,10;11;12;13;14;15;16;17;18;19;20;21;22;23;24;25,10;11;12;13;14;15;16;17;18;19;20;21;22;23;24;25,16,0,0
controlled-261,controlled,hit_0,lead_2/rep_7,8,0,0,No-Selected-Prefetch,2.0,0.0,128,10;11;12;13;14;15;16;17;18;19;20;21;22;23;24;25,,0,0,16
controlled-262,controlled,hit_0,lead_2/rep_7,8,0,0,History-Last1,2.0,0.0,128,10;11;12;13;14;15;16;17;18;19;20;21;22;23;24;25,0;1;2;3;4;5;6;7;8;9;26;27;28;29;30;31,0,16,16
controlled-263,controlled,hit_0,lead_2/rep_7,8,0,0,Oracle,2.0,0.0,128,10;11;12;13;14;15;16;17;18;19;20;21;22;23;24;25,10;11;12;13;14;15;16;17;18;19;20;21;22;23;24;25,16,0,0
controlled-264,controlled,hit_0,lead_2/rep_8,9,0,0,No-Selected-Prefetch,2.0,0.0,128,10;11;12;13;14;15;16;17;18;19;20;21;22;23;24;25,,0,0,16
controlled-265,controlled,hit_0,lead_2/rep_8,9,0,0,History-Last1,2.0,0.0,128,10;11;12;13;14;15;16;17;18;19;20;21;22;23;24;25,0;1;2;3;4;5;6;7;8;9;26;27;28;29;30;31,0,16,16
controlled-266,controlled,hit_0,lead_2/rep_8,9,0,0,Oracle,2.0,0.0,128,10;11;12;13;14;15;16;17;18;19;20;21;22;23;24;25,10;11;12;13;14;15;16;17;18;19;20;21;22;23;24;25,16,0,0
controlled-267,controlled,hit_0,lead_2/rep_9,10,0,0,No-Selected-Prefetch,2.0,0.0,128,10;11;12;13;14;15;16;17;18;19;20;21;22;23;24;25,,0,0,16
controlled-268,controlled,hit_0,lead_2/rep_9,10,0,0,History-Last1,2.0,0.0,128,10;11;12;13;14;15;16;17;18;19;20;21;22;23;24;25,0;1;2;3;4;5;6;7;8;9;26;27;28;29;30;31,0,16,16
controlled-269,controlled,hit_0,lead_2/rep_9,10,0,0,Oracle,2.0,0.0,128,10;11;12;13;14;15;16;17;18;19;20;21;22;23;24;25,10;11;12;13;14;15;16;17;18;19;20;21;22;23;24;25,16,0,0
controlled-270,controlled,hit_0,lead_2/rep_10,11,0,0,No-Selected-Prefetch,2.0,0.0,128,10;11;12;13;14;15;16;17;18;19;20;21;22;23;24;25,,0,0,16
controlled-271,controlled,hit_0,lead_2/rep_10,11,0,0,History-Last1,2.0,0.0,128,10;11;12;13;14;15;16;17;18;19;20;21;22;23;24;25,0;1;2;3;4;5;6;7;8;9;26;27;28;29;30;31,0,16,16
controlled-272,controlled,hit_0,lead_2/rep_10,11,0,0,Oracle,2.0,0.0,128,10;11;12;13;14;15;16;17;18;19;20;21;22;23;24;25,10;11;12;13;14;15;16;17;18;19;20;21;22;23;24;25,16,0,0
controlled-273,controlled,hit_0,lead_2/rep_11,12,0,0,No-Selected-Prefetch,2.0,0.0,128,10;11;12;13;14;15;16;17;18;19;20;21;22;23;24;25,,0,0,16
controlled-274,controlled,hit_0,lead_2/rep_11,12,0,0,History-Last1,2.0,0.0,128,10;11;12;13;14;15;16;17;18;19;20;21;22;23;24;25,0;1;2;3;4;5;6;7;8;9;26;27;28;29;30;31,0,16,16
controlled-275,controlled,hit_0,lead_2/rep_11,12,0,0,Oracle,2.0,0.0,128,10;11;12;13;14;15;16;17;18;19;20;21;22;23;24;25,10;11;12;13;14;15;16;17;18;19;20;21;22;23;24;25,16,0,0
controlled-276,controlled,hit_0,lead_2/rep_12,13,0,0,No-Selected-Prefetch,2.0,0.0,128,10;11;12;13;14;15;16;17;18;19;20;21;22;23;24;25,,0,0,16
controlled-277,controlled,hit_0,lead_2/rep_12,13,0,0,History-Last1,2.0,0.0,128,10;11;12;13;14;15;16;17;18;19;20;21;22;23;24;25,0;1;2;3;4;5;6;7;8;9;26;27;28;29;30;31,0,16,16
controlled-278,controlled,hit_0,lead_2/rep_12,13,0,0,Oracle,2.0,0.0,128,10;11;12;13;14;15;16;17;18;19;20;21;22;23;24;25,10;11;12;13;14;15;16;17;18;19;20;21;22;23;24;25,16,0,0
controlled-279,controlled,hit_0,lead_2/rep_13,14,0,0,No-Selected-Prefetch,2.0,0.0,128,10;11;12;13;14;15;16;17;18;19;20;21;22;23;24;25,,0,0,16
controlled-280,controlled,hit_0,lead_2/rep_13,14,0,0,History-Last1,2.0,0.0,128,10;11;12;13;14;15;16;17;18;19;20;21;22;23;24;25,0;1;2;3;4;5;6;7;8;9;26;27;28;29;30;31,0,16,16
controlled-281,controlled,hit_0,lead_2/rep_13,14,0,0,Oracle,2.0,0.0,128,10;11;12;13;14;15;16;17;18;19;20;21;22;23;24;25,10;11;12;13;14;15;16;17;18;19;20;21;22;23;24;25,16,0,0
controlled-282,controlled,hit_0,lead_2/rep_14,15,0,0,No-Selected-Prefetch,2.0,0.0,128,10;11;12;13;14;15;16;17;18;19;20;21;22;23;24;25,,0,0,16
controlled-283,controlled,hit_0,lead_2/rep_14,15,0,0,History-Last1,2.0,0.0,128,10;11;12;13;14;15;16;17;18;19;20;21;22;23;24;25,0;1;2;3;4;5;6;7;8;9;26;27;28;29;30;31,0,16,16
controlled-284,controlled,hit_0,lead_2/rep_14,15,0,0,Oracle,2.0,0.0,128,10;11;12;13;14;15;16;17;18;19;20;21;22;23;24;25,10;11;12;13;14;15;16;17;18;19;20;21;22;23;24;25,16,0,0
controlled-285,controlled,hit_0,lead_2/rep_15,16,0,0,No-Selected-Prefetch,2.0,0.0,128,10;11;12;13;14;15;16;17;18;19;20;21;22;23;24;25,,0,0,16
controlled-286,controlled,hit_0,lead_2/rep_15,16,0,0,History-Last1,2.0,0.0,128,10;11;12;13;14;15;16;17;18;19;20;21;22;23;24;25,0;1;2;3;4;5;6;7;8;9;26;27;28;29;30;31,0,16,16
controlled-287,controlled,hit_0,lead_2/rep_15,16,0,0,Oracle,2.0,0.0,128,10;11;12;13;14;15;16;17;18;19;20;21;22;23;24;25,10;11;12;13;14;15;16;17;18;19;20;21;22;23;24;25,16,0,0
controlled-288,controlled,hit_0,lead_2/rep_16,17,0,0,No-Selected-Prefetch,2.0,0.0,128,10;11;12;13;14;15;16;17;18;19;20;21;22;23;24;25,,0,0,16
controlled-289,controlled,hit_0,lead_2/rep_16,17,0,0,History-Last1,2.0,0.0,128,10;11;12;13;14;15;16;17;18;19;20;21;22;23;24;25,0;1;2;3;4;5;6;7;8;9;26;27;28;29;30;31,0,16,16
controlled-290,controlled,hit_0,lead_2/rep_16,17,0,0,Oracle,2.0,0.0,128,10;11;12;13;14;15;16;17;18;19;20;21;22;23;24;25,10;11;12;13;14;15;16;17;18;19;20;21;22;23;24;25,16,0,0
controlled-291,controlled,hit_0,lead_2/rep_17,18,0,0,No-Selected-Prefetch,2.0,0.0,128,10;11;12;13;14;15;16;17;18;19;20;21;22;23;24;25,,0,0,16
controlled-292,controlled,hit_0,lead_2/rep_17,18,0,0,History-Last1,2.0,0.0,128,10;11;12;13;14;15;16;17;18;19;20;21;22;23;24;25,0;1;2;3;4;5;6;7;8;9;26;27;28;29;30;31,0,16,16
controlled-293,controlled,hit_0,lead_2/rep_17,18,0,0,Oracle,2.0,0.0,128,10;11;12;13;14;15;16;17;18;19;20;21;22;23;24;25,10;11;12;13;14;15;16;17;18;19;20;21;22;23;24;25,16,0,0
controlled-294,controlled,hit_0,lead_2/rep_18,19,0,0,No-Selected-Prefetch,2.0,0.0,128,10;11;12;13;14;15;16;17;18;19;20;21;22;23;24;25,,0,0,16
controlled-295,controlled,hit_0,lead_2/rep_18,19,0,0,History-Last1,2.0,0.0,128,10;11;12;13;14;15;16;17;18;19;20;21;22;23;24;25,0;1;2;3;4;5;6;7;8;9;26;27;28;29;30;31,0,16,16
controlled-296,controlled,hit_0,lead_2/rep_18,19,0,0,Oracle,2.0,0.0,128,10;11;12;13;14;15;16;17;18;19;20;21;22;23;24;25,10;11;12;13;14;15;16;17;18;19;20;21;22;23;24;25,16,0,0
controlled-297,controlled,hit_0,lead_2/rep_19,20,0,0,No-Selected-Prefetch,2.0,0.0,128,10;11;12;13;14;15;16;17;18;19;20;21;22;23;24;25,,0,0,16
controlled-298,controlled,hit_0,lead_2/rep_19,20,0,0,History-Last1,2.0,0.0,128,10;11;12;13;14;15;16;17;18;19;20;21;22;23;24;25,0;1;2;3;4;5;6;7;8;9;26;27;28;29;30;31,0,16,16
controlled-299,controlled,hit_0,lead_2/rep_19,20,0,0,Oracle,2.0,0.0,128,10;11;12;13;14;15;16;17;18;19;20;21;22;23;24;25,10;11;12;13;14;15;16;17;18;19;20;21;22;23;24;25,16,0,0
controlled-300,controlled,hit_0,lead_4/rep_0,1,0,0,No-Selected-Prefetch,4.0,0.0,128,10;11;12;13;14;15;16;17;18;19;20;21;22;23;24;25,,0,0,16
controlled-301,controlled,hit_0,lead_4/rep_0,1,0,0,History-Last1,4.0,0.0,128,10;11;12;13;14;15;16;17;18;19;20;21;22;23;24;25,0;1;2;3;4;5;6;7;8;9;26;27;28;29;30;31,0,16,16
controlled-302,controlled,hit_0,lead_4/rep_0,1,0,0,Oracle,4.0,0.0,128,10;11;12;13;14;15;16;17;18;19;20;21;22;23;24;25,10;11;12;13;14;15;16;17;18;19;20;21;22;23;24;25,16,0,0
controlled-303,controlled,hit_0,lead_4/rep_1,2,0,0,No-Selected-Prefetch,4.0,0.0,128,10;11;12;13;14;15;16;17;18;19;20;21;22;23;24;25,,0,0,16
controlled-304,controlled,hit_0,lead_4/rep_1,2,0,0,History-Last1,4.0,0.0,128,10;11;12;13;14;15;16;17;18;19;20;21;22;23;24;25,0;1;2;3;4;5;6;7;8;9;26;27;28;29;30;31,0,16,16
controlled-305,controlled,hit_0,lead_4/rep_1,2,0,0,Oracle,4.0,0.0,128,10;11;12;13;14;15;16;17;18;19;20;21;22;23;24;25,10;11;12;13;14;15;16;17;18;19;20;21;22;23;24;25,16,0,0
controlled-306,controlled,hit_0,lead_4/rep_2,3,0,0,No-Selected-Prefetch,4.0,0.0,128,10;11;12;13;14;15;16;17;18;19;20;21;22;23;24;25,,0,0,16
controlled-307,controlled,hit_0,lead_4/rep_2,3,0,0,History-Last1,4.0,0.0,128,10;11;12;13;14;15;16;17;18;19;20;21;22;23;24;25,0;1;2;3;4;5;6;7;8;9;26;27;28;29;30;31,0,16,16
controlled-308,controlled,hit_0,lead_4/rep_2,3,0,0,Oracle,4.0,0.0,128,10;11;12;13;14;15;16;17;18;19;20;21;22;23;24;25,10;11;12;13;14;15;16;17;18;19;20;21;22;23;24;25,16,0,0
controlled-309,controlled,hit_0,lead_4/rep_3,4,0,0,No-Selected-Prefetch,4.0,0.0,128,10;11;12;13;14;15;16;17;18;19;20;21;22;23;24;25,,0,0,16
controlled-310,controlled,hit_0,lead_4/rep_3,4,0,0,History-Last1,4.0,0.0,128,10;11;12;13;14;15;16;17;18;19;20;21;22;23;24;25,0;1;2;3;4;5;6;7;8;9;26;27;28;29;30;31,0,16,16
controlled-311,controlled,hit_0,lead_4/rep_3,4,0,0,Oracle,4.0,0.0,128,10;11;12;13;14;15;16;17;18;19;20;21;22;23;24;25,10;11;12;13;14;15;16;17;18;19;20;21;22;23;24;25,16,0,0
controlled-312,controlled,hit_0,lead_4/rep_4,5,0,0,No-Selected-Prefetch,4.0,0.0,128,10;11;12;13;14;15;16;17;18;19;20;21;22;23;24;25,,0,0,16
controlled-313,controlled,hit_0,lead_4/rep_4,5,0,0,History-Last1,4.0,0.0,128,10;11;12;13;14;15;16;17;18;19;20;21;22;23;24;25,0;1;2;3;4;5;6;7;8;9;26;27;28;29;30;31,0,16,16
controlled-314,controlled,hit_0,lead_4/rep_4,5,0,0,Oracle,4.0,0.0,128,10;11;12;13;14;15;16;17;18;19;20;21;22;23;24;25,10;11;12;13;14;15;16;17;18;19;20;21;22;23;24;25,16,0,0
controlled-315,controlled,hit_0,lead_4/rep_5,6,0,0,No-Selected-Prefetch,4.0,0.0,128,10;11;12;13;14;15;16;17;18;19;20;21;22;23;24;25,,0,0,16
controlled-316,controlled,hit_0,lead_4/rep_5,6,0,0,History-Last1,4.0,0.0,128,10;11;12;13;14;15;16;17;18;19;20;21;22;23;24;25,0;1;2;3;4;5;6;7;8;9;26;27;28;29;30;31,0,16,16
controlled-317,controlled,hit_0,lead_4/rep_5,6,0,0,Oracle,4.0,0.0,128,10;11;12;13;14;15;16;17;18;19;20;21;22;23;24;25,10;11;12;13;14;15;16;17;18;19;20;21;22;23;24;25,16,0,0
controlled-318,controlled,hit_0,lead_4/rep_6,7,0,0,No-Selected-Prefetch,4.0,0.0,128,10;11;12;13;14;15;16;17;18;19;20;21;22;23;24;25,,0,0,16
controlled-319,controlled,hit_0,lead_4/rep_6,7,0,0,History-Last1,4.0,0.0,128,10;11;12;13;14;15;16;17;18;19;20;21;22;23;24;25,0;1;2;3;4;5;6;7;8;9;26;27;28;29;30;31,0,16,16
controlled-320,controlled,hit_0,lead_4/rep_6,7,0,0,Oracle,4.0,0.0,128,10;11;12;13;14;15;16;17;18;19;20;21;22;23;24;25,10;11;12;13;14;15;16;17;18;19;20;21;22;23;24;25,16,0,0
controlled-321,controlled,hit_0,lead_4/rep_7,8,0,0,No-Selected-Prefetch,4.0,0.0,128,10;11;12;13;14;15;16;17;18;19;20;21;22;23;24;25,,0,0,16
controlled-322,controlled,hit_0,lead_4/rep_7,8,0,0,History-Last1,4.0,0.0,128,10;11;12;13;14;15;16;17;18;19;20;21;22;23;24;25,0;1;2;3;4;5;6;7;8;9;26;27;28;29;30;31,0,16,16
controlled-323,controlled,hit_0,lead_4/rep_7,8,0,0,Oracle,4.0,0.0,128,10;11;12;13;14;15;16;17;18;19;20;21;22;23;24;25,10;11;12;13;14;15;16;17;18;19;20;21;22;23;24;25,16,0,0
controlled-324,controlled,hit_0,lead_4/rep_8,9,0,0,No-Selected-Prefetch,4.0,0.0,128,10;11;12;13;14;15;16;17;18;19;20;21;22;23;24;25,,0,0,16
controlled-325,controlled,hit_0,lead_4/rep_8,9,0,0,History-Last1,4.0,0.0,128,10;11;12;13;14;15;16;17;18;19;20;21;22;23;24;25,0;1;2;3;4;5;6;7;8;9;26;27;28;29;30;31,0,16,16
controlled-326,controlled,hit_0,lead_4/rep_8,9,0,0,Oracle,4.0,0.0,128,10;11;12;13;14;15;16;17;18;19;20;21;22;23;24;25,10;11;12;13;14;15;16;17;18;19;20;21;22;23;24;25,16,0,0
controlled-327,controlled,hit_0,lead_4/rep_9,10,0,0,No-Selected-Prefetch,4.0,0.0,128,10;11;12;13;14;15;16;17;18;19;20;21;22;23;24;25,,0,0,16
controlled-328,controlled,hit_0,lead_4/rep_9,10,0,0,History-Last1,4.0,0.0,128,10;11;12;13;14;15;16;17;18;19;20;21;22;23;24;25,0;1;2;3;4;5;6;7;8;9;26;27;28;29;30;31,0,16,16
controlled-329,controlled,hit_0,lead_4/rep_9,10,0,0,Oracle,4.0,0.0,128,10;11;12;13;14;15;16;17;18;19;20;21;22;23;24;25,10;11;12;13;14;15;16;17;18;19;20;21;22;23;24;25,16,0,0
controlled-330,controlled,hit_0,lead_4/rep_10,11,0,0,No-Selected-Prefetch,4.0,0.0,128,10;11;12;13;14;15;16;17;18;19;20;21;22;23;24;25,,0,0,16
controlled-331,controlled,hit_0,lead_4/rep_10,11,0,0,History-Last1,4.0,0.0,128,10;11;12;13;14;15;16;17;18;19;20;21;22;23;24;25,0;1;2;3;4;5;6;7;8;9;26;27;28;29;30;31,0,16,16
controlled-332,controlled,hit_0,lead_4/rep_10,11,0,0,Oracle,4.0,0.0,128,10;11;12;13;14;15;16;17;18;19;20;21;22;23;24;25,10;11;12;13;14;15;16;17;18;19;20;21;22;23;24;25,16,0,0
controlled-333,controlled,hit_0,lead_4/rep_11,12,0,0,No-Selected-Prefetch,4.0,0.0,128,10;11;12;13;14;15;16;17;18;19;20;21;22;23;24;25,,0,0,16
controlled-334,controlled,hit_0,lead_4/rep_11,12,0,0,History-Last1,4.0,0.0,128,10;11;12;13;14;15;16;17;18;19;20;21;22;23;24;25,0;1;2;3;4;5;6;7;8;9;26;27;28;29;30;31,0,16,16
controlled-335,controlled,hit_0,lead_4/rep_11,12,0,0,Oracle,4.0,0.0,128,10;11;12;13;14;15;16;17;18;19;20;21;22;23;24;25,10;11;12;13;14;15;16;17;18;19;20;21;22;23;24;25,16,0,0
controlled-336,controlled,hit_0,lead_4/rep_12,13,0,0,No-Selected-Prefetch,4.0,0.0,128,10;11;12;13;14;15;16;17;18;19;20;21;22;23;24;25,,0,0,16
controlled-337,controlled,hit_0,lead_4/rep_12,13,0,0,History-Last1,4.0,0.0,128,10;11;12;13;14;15;16;17;18;19;20;21;22;23;24;25,0;1;2;3;4;5;6;7;8;9;26;27;28;29;30;31,0,16,16
controlled-338,controlled,hit_0,lead_4/rep_12,13,0,0,Oracle,4.0,0.0,128,10;11;12;13;14;15;16;17;18;19;20;21;22;23;24;25,10;11;12;13;14;15;16;17;18;19;20;21;22;23;24;25,16,0,0
controlled-339,controlled,hit_0,lead_4/rep_13,14,0,0,No-Selected-Prefetch,4.0,0.0,128,10;11;12;13;14;15;16;17;18;19;20;21;22;23;24;25,,0,0,16
controlled-340,controlled,hit_0,lead_4/rep_13,14,0,0,History-Last1,4.0,0.0,128,10;11;12;13;14;15;16;17;18;19;20;21;22;23;24;25,0;1;2;3;4;5;6;7;8;9;26;27;28;29;30;31,0,16,16
controlled-341,controlled,hit_0,lead_4/rep_13,14,0,0,Oracle,4.0,0.0,128,10;11;12;13;14;15;16;17;18;19;20;21;22;23;24;25,10;11;12;13;14;15;16;17;18;19;20;21;22;23;24;25,16,0,0
controlled-342,controlled,hit_0,lead_4/rep_14,15,0,0,No-Selected-Prefetch,4.0,0.0,128,10;11;12;13;14;15;16;17;18;19;20;21;22;23;24;25,,0,0,16
controlled-343,controlled,hit_0,lead_4/rep_14,15,0,0,History-Last1,4.0,0.0,128,10;11;12;13;14;15;16;17;18;19;20;21;22;23;24;25,0;1;2;3;4;5;6;7;8;9;26;27;28;29;30;31,0,16,16
controlled-344,controlled,hit_0,lead_4/rep_14,15,0,0,Oracle,4.0,0.0,128,10;11;12;13;14;15;16;17;18;19;20;21;22;23;24;25,10;11;12;13;14;15;16;17;18;19;20;21;22;23;24;25,16,0,0
controlled-345,controlled,hit_0,lead_4/rep_15,16,0,0,No-Selected-Prefetch,4.0,0.0,128,10;11;12;13;14;15;16;17;18;19;20;21;22;23;24;25,,0,0,16
controlled-346,controlled,hit_0,lead_4/rep_15,16,0,0,History-Last1,4.0,0.0,128,10;11;12;13;14;15;16;17;18;19;20;21;22;23;24;25,0;1;2;3;4;5;6;7;8;9;26;27;28;29;30;31,0,16,16
controlled-347,controlled,hit_0,lead_4/rep_15,16,0,0,Oracle,4.0,0.0,128,10;11;12;13;14;15;16;17;18;19;20;21;22;23;24;25,10;11;12;13;14;15;16;17;18;19;20;21;22;23;24;25,16,0,0
controlled-348,controlled,hit_0,lead_4/rep_16,17,0,0,No-Selected-Prefetch,4.0,0.0,128,10;11;12;13;14;15;16;17;18;19;20;21;22;23;24;25,,0,0,16
controlled-349,controlled,hit_0,lead_4/rep_16,17,0,0,History-Last1,4.0,0.0,128,10;11;12;13;14;15;16;17;18;19;20;21;22;23;24;25,0;1;2;3;4;5;6;7;8;9;26;27;28;29;30;31,0,16,16
controlled-350,controlled,hit_0,lead_4/rep_16,17,0,0,Oracle,4.0,0.0,128,10;11;12;13;14;15;16;17;18;19;20;21;22;23;24;25,10;11;12;13;14;15;16;17;18;19;20;21;22;23;24;25,16,0,0
controlled-351,controlled,hit_0,lead_4/rep_17,18,0,0,No-Selected-Prefetch,4.0,0.0,128,10;11;12;13;14;15;16;17;18;19;20;21;22;23;24;25,,0,0,16
controlled-352,controlled,hit_0,lead_4/rep_17,18,0,0,History-Last1,4.0,0.0,128,10;11;12;13;14;15;16;17;18;19;20;21;22;23;24;25,0;1;2;3;4;5;6;7;8;9;26;27;28;29;30;31,0,16,16
controlled-353,controlled,hit_0,lead_4/rep_17,18,0,0,Oracle,4.0,0.0,128,10;11;12;13;14;15;16;17;18;19;20;21;22;23;24;25,10;11;12;13;14;15;16;17;18;19;20;21;22;23;24;25,16,0,0
controlled-354,controlled,hit_0,lead_4/rep_18,19,0,0,No-Selected-Prefetch,4.0,0.0,128,10;11;12;13;14;15;16;17;18;19;20;21;22;23;24;25,,0,0,16
controlled-355,controlled,hit_0,lead_4/rep_18,19,0,0,History-Last1,4.0,0.0,128,10;11;12;13;14;15;16;17;18;19;20;21;22;23;24;25,0;1;2;3;4;5;6;7;8;9;26;27;28;29;30;31,0,16,16
controlled-356,controlled,hit_0,lead_4/rep_18,19,0,0,Oracle,4.0,0.0,128,10;11;12;13;14;15;16;17;18;19;20;21;22;23;24;25,10;11;12;13;14;15;16;17;18;19;20;21;22;23;24;25,16,0,0
controlled-357,controlled,hit_0,lead_4/rep_19,20,0,0,No-Selected-Prefetch,4.0,0.0,128,10;11;12;13;14;15;16;17;18;19;20;21;22;23;24;25,,0,0,16
controlled-358,controlled,hit_0,lead_4/rep_19,20,0,0,History-Last1,4.0,0.0,128,10;11;12;13;14;15;16;17;18;19;20;21;22;23;24;25,0;1;2;3;4;5;6;7;8;9;26;27;28;29;30;31,0,16,16
controlled-359,controlled,hit_0,lead_4/rep_19,20,0,0,Oracle,4.0,0.0,128,10;11;12;13;14;15;16;17;18;19;20;21;22;23;24;25,10;11;12;13;14;15;16;17;18;19;20;21;22;23;24;25,16,0,0
controlled-360,controlled,hit_0,lead_8/rep_0,1,0,0,No-Selected-Prefetch,8.0,0.0,128,10;11;12;13;14;15;16;17;18;19;20;21;22;23;24;25,,0,0,16
controlled-361,controlled,hit_0,lead_8/rep_0,1,0,0,History-Last1,8.0,0.0,128,10;11;12;13;14;15;16;17;18;19;20;21;22;23;24;25,0;1;2;3;4;5;6;7;8;9;26;27;28;29;30;31,0,16,16
controlled-362,controlled,hit_0,lead_8/rep_0,1,0,0,Oracle,8.0,0.0,128,10;11;12;13;14;15;16;17;18;19;20;21;22;23;24;25,10;11;12;13;14;15;16;17;18;19;20;21;22;23;24;25,16,0,0
controlled-363,controlled,hit_0,lead_8/rep_1,2,0,0,No-Selected-Prefetch,8.0,0.0,128,10;11;12;13;14;15;16;17;18;19;20;21;22;23;24;25,,0,0,16
controlled-364,controlled,hit_0,lead_8/rep_1,2,0,0,History-Last1,8.0,0.0,128,10;11;12;13;14;15;16;17;18;19;20;21;22;23;24;25,0;1;2;3;4;5;6;7;8;9;26;27;28;29;30;31,0,16,16
controlled-365,controlled,hit_0,lead_8/rep_1,2,0,0,Oracle,8.0,0.0,128,10;11;12;13;14;15;16;17;18;19;20;21;22;23;24;25,10;11;12;13;14;15;16;17;18;19;20;21;22;23;24;25,16,0,0
controlled-366,controlled,hit_0,lead_8/rep_2,3,0,0,No-Selected-Prefetch,8.0,0.0,128,10;11;12;13;14;15;16;17;18;19;20;21;22;23;24;25,,0,0,16
controlled-367,controlled,hit_0,lead_8/rep_2,3,0,0,History-Last1,8.0,0.0,128,10;11;12;13;14;15;16;17;18;19;20;21;22;23;24;25,0;1;2;3;4;5;6;7;8;9;26;27;28;29;30;31,0,16,16
controlled-368,controlled,hit_0,lead_8/rep_2,3,0,0,Oracle,8.0,0.0,128,10;11;12;13;14;15;16;17;18;19;20;21;22;23;24;25,10;11;12;13;14;15;16;17;18;19;20;21;22;23;24;25,16,0,0
controlled-369,controlled,hit_0,lead_8/rep_3,4,0,0,No-Selected-Prefetch,8.0,0.0,128,10;11;12;13;14;15;16;17;18;19;20;21;22;23;24;25,,0,0,16
controlled-370,controlled,hit_0,lead_8/rep_3,4,0,0,History-Last1,8.0,0.0,128,10;11;12;13;14;15;16;17;18;19;20;21;22;23;24;25,0;1;2;3;4;5;6;7;8;9;26;27;28;29;30;31,0,16,16
controlled-371,controlled,hit_0,lead_8/rep_3,4,0,0,Oracle,8.0,0.0,128,10;11;12;13;14;15;16;17;18;19;20;21;22;23;24;25,10;11;12;13;14;15;16;17;18;19;20;21;22;23;24;25,16,0,0
controlled-372,controlled,hit_0,lead_8/rep_4,5,0,0,No-Selected-Prefetch,8.0,0.0,128,10;11;12;13;14;15;16;17;18;19;20;21;22;23;24;25,,0,0,16
controlled-373,controlled,hit_0,lead_8/rep_4,5,0,0,History-Last1,8.0,0.0,128,10;11;12;13;14;15;16;17;18;19;20;21;22;23;24;25,0;1;2;3;4;5;6;7;8;9;26;27;28;29;30;31,0,16,16
controlled-374,controlled,hit_0,lead_8/rep_4,5,0,0,Oracle,8.0,0.0,128,10;11;12;13;14;15;16;17;18;19;20;21;22;23;24;25,10;11;12;13;14;15;16;17;18;19;20;21;22;23;24;25,16,0,0
controlled-375,controlled,hit_0,lead_8/rep_5,6,0,0,No-Selected-Prefetch,8.0,0.0,128,10;11;12;13;14;15;16;17;18;19;20;21;22;23;24;25,,0,0,16
controlled-376,controlled,hit_0,lead_8/rep_5,6,0,0,History-Last1,8.0,0.0,128,10;11;12;13;14;15;16;17;18;19;20;21;22;23;24;25,0;1;2;3;4;5;6;7;8;9;26;27;28;29;30;31,0,16,16
controlled-377,controlled,hit_0,lead_8/rep_5,6,0,0,Oracle,8.0,0.0,128,10;11;12;13;14;15;16;17;18;19;20;21;22;23;24;25,10;11;12;13;14;15;16;17;18;19;20;21;22;23;24;25,16,0,0
controlled-378,controlled,hit_0,lead_8/rep_6,7,0,0,No-Selected-Prefetch,8.0,0.0,128,10;11;12;13;14;15;16;17;18;19;20;21;22;23;24;25,,0,0,16
controlled-379,controlled,hit_0,lead_8/rep_6,7,0,0,History-Last1,8.0,0.0,128,10;11;12;13;14;15;16;17;18;19;20;21;22;23;24;25,0;1;2;3;4;5;6;7;8;9;26;27;28;29;30;31,0,16,16
controlled-380,controlled,hit_0,lead_8/rep_6,7,0,0,Oracle,8.0,0.0,128,10;11;12;13;14;15;16;17;18;19;20;21;22;23;24;25,10;11;12;13;14;15;16;17;18;19;20;21;22;23;24;25,16,0,0
controlled-381,controlled,hit_0,lead_8/rep_7,8,0,0,No-Selected-Prefetch,8.0,0.0,128,10;11;12;13;14;15;16;17;18;19;20;21;22;23;24;25,,0,0,16
controlled-382,controlled,hit_0,lead_8/rep_7,8,0,0,History-Last1,8.0,0.0,128,10;11;12;13;14;15;16;17;18;19;20;21;22;23;24;25,0;1;2;3;4;5;6;7;8;9;26;27;28;29;30;31,0,16,16
controlled-383,controlled,hit_0,lead_8/rep_7,8,0,0,Oracle,8.0,0.0,128,10;11;12;13;14;15;16;17;18;19;20;21;22;23;24;25,10;11;12;13;14;15;16;17;18;19;20;21;22;23;24;25,16,0,0
controlled-384,controlled,hit_0,lead_8/rep_8,9,0,0,No-Selected-Prefetch,8.0,0.0,128,10;11;12;13;14;15;16;17;18;19;20;21;22;23;24;25,,0,0,16
controlled-385,controlled,hit_0,lead_8/rep_8,9,0,0,History-Last1,8.0,0.0,128,10;11;12;13;14;15;16;17;18;19;20;21;22;23;24;25,0;1;2;3;4;5;6;7;8;9;26;27;28;29;30;31,0,16,16
controlled-386,controlled,hit_0,lead_8/rep_8,9,0,0,Oracle,8.0,0.0,128,10;11;12;13;14;15;16;17;18;19;20;21;22;23;24;25,10;11;12;13;14;15;16;17;18;19;20;21;22;23;24;25,16,0,0
controlled-387,controlled,hit_0,lead_8/rep_9,10,0,0,No-Selected-Prefetch,8.0,0.0,128,10;11;12;13;14;15;16;17;18;19;20;21;22;23;24;25,,0,0,16
controlled-388,controlled,hit_0,lead_8/rep_9,10,0,0,History-Last1,8.0,0.0,128,10;11;12;13;14;15;16;17;18;19;20;21;22;23;24;25,0;1;2;3;4;5;6;7;8;9;26;27;28;29;30;31,0,16,16
controlled-389,controlled,hit_0,lead_8/rep_9,10,0,0,Oracle,8.0,0.0,128,10;11;12;13;14;15;16;17;18;19;20;21;22;23;24;25,10;11;12;13;14;15;16;17;18;19;20;21;22;23;24;25,16,0,0
controlled-390,controlled,hit_0,lead_8/rep_10,11,0,0,No-Selected-Prefetch,8.0,0.0,128,10;11;12;13;14;15;16;17;18;19;20;21;22;23;24;25,,0,0,16
controlled-391,controlled,hit_0,lead_8/rep_10,11,0,0,History-Last1,8.0,0.0,128,10;11;12;13;14;15;16;17;18;19;20;21;22;23;24;25,0;1;2;3;4;5;6;7;8;9;26;27;28;29;30;31,0,16,16
controlled-392,controlled,hit_0,lead_8/rep_10,11,0,0,Oracle,8.0,0.0,128,10;11;12;13;14;15;16;17;18;19;20;21;22;23;24;25,10;11;12;13;14;15;16;17;18;19;20;21;22;23;24;25,16,0,0
controlled-393,controlled,hit_0,lead_8/rep_11,12,0,0,No-Selected-Prefetch,8.0,0.0,128,10;11;12;13;14;15;16;17;18;19;20;21;22;23;24;25,,0,0,16
controlled-394,controlled,hit_0,lead_8/rep_11,12,0,0,History-Last1,8.0,0.0,128,10;11;12;13;14;15;16;17;18;19;20;21;22;23;24;25,0;1;2;3;4;5;6;7;8;9;26;27;28;29;30;31,0,16,16
controlled-395,controlled,hit_0,lead_8/rep_11,12,0,0,Oracle,8.0,0.0,128,10;11;12;13;14;15;16;17;18;19;20;21;22;23;24;25,10;11;12;13;14;15;16;17;18;19;20;21;22;23;24;25,16,0,0
controlled-396,controlled,hit_0,lead_8/rep_12,13,0,0,No-Selected-Prefetch,8.0,0.0,128,10;11;12;13;14;15;16;17;18;19;20;21;22;23;24;25,,0,0,16
controlled-397,controlled,hit_0,lead_8/rep_12,13,0,0,History-Last1,8.0,0.0,128,10;11;12;13;14;15;16;17;18;19;20;21;22;23;24;25,0;1;2;3;4;5;6;7;8;9;26;27;28;29;30;31,0,16,16
controlled-398,controlled,hit_0,lead_8/rep_12,13,0,0,Oracle,8.0,0.0,128,10;11;12;13;14;15;16;17;18;19;20;21;22;23;24;25,10;11;12;13;14;15;16;17;18;19;20;21;22;23;24;25,16,0,0
controlled-399,controlled,hit_0,lead_8/rep_13,14,0,0,No-Selected-Prefetch,8.0,0.0,128,10;11;12;13;14;15;16;17;18;19;20;21;22;23;24;25,,0,0,16
controlled-400,controlled,hit_0,lead_8/rep_13,14,0,0,History-Last1,8.0,0.0,128,10;11;12;13;14;15;16;17;18;19;20;21;22;23;24;25,0;1;2;3;4;5;6;7;8;9;26;27;28;29;30;31,0,16,16
controlled-401,controlled,hit_0,lead_8/rep_13,14,0,0,Oracle,8.0,0.0,128,10;11;12;13;14;15;16;17;18;19;20;21;22;23;24;25,10;11;12;13;14;15;16;17;18;19;20;21;22;23;24;25,16,0,0
controlled-402,controlled,hit_0,lead_8/rep_14,15,0,0,No-Selected-Prefetch,8.0,0.0,128,10;11;12;13;14;15;16;17;18;19;20;21;22;23;24;25,,0,0,16
controlled-403,controlled,hit_0,lead_8/rep_14,15,0,0,History-Last1,8.0,0.0,128,10;11;12;13;14;15;16;17;18;19;20;21;22;23;24;25,0;1;2;3;4;5;6;7;8;9;26;27;28;29;30;31,0,16,16
controlled-404,controlled,hit_0,lead_8/rep_14,15,0,0,Oracle,8.0,0.0,128,10;11;12;13;14;15;16;17;18;19;20;21;22;23;24;25,10;11;12;13;14;15;16;17;18;19;20;21;22;23;24;25,16,0,0
controlled-405,controlled,hit_0,lead_8/rep_15,16,0,0,No-Selected-Prefetch,8.0,0.0,128,10;11;12;13;14;15;16;17;18;19;20;21;22;23;24;25,,0,0,16
controlled-406,controlled,hit_0,lead_8/rep_15,16,0,0,History-Last1,8.0,0.0,128,10;11;12;13;14;15;16;17;18;19;20;21;22;23;24;25,0;1;2;3;4;5;6;7;8;9;26;27;28;29;30;31,0,16,16
controlled-407,controlled,hit_0,lead_8/rep_15,16,0,0,Oracle,8.0,0.0,128,10;11;12;13;14;15;16;17;18;19;20;21;22;23;24;25,10;11;12;13;14;15;16;17;18;19;20;21;22;23;24;25,16,0,0
controlled-408,controlled,hit_0,lead_8/rep_16,17,0,0,No-Selected-Prefetch,8.0,0.0,128,10;11;12;13;14;15;16;17;18;19;20;21;22;23;24;25,,0,0,16
controlled-409,controlled,hit_0,lead_8/rep_16,17,0,0,History-Last1,8.0,0.0,128,10;11;12;13;14;15;16;17;18;19;20;21;22;23;24;25,0;1;2;3;4;5;6;7;8;9;26;27;28;29;30;31,0,16,16
controlled-410,controlled,hit_0,lead_8/rep_16,17,0,0,Oracle,8.0,0.0,128,10;11;12;13;14;15;16;17;18;19;20;21;22;23;24;25,10;11;12;13;14;15;16;17;18;19;20;21;22;23;24;25,16,0,0
controlled-411,controlled,hit_0,lead_8/rep_17,18,0,0,No-Selected-Prefetch,8.0,0.0,128,10;11;12;13;14;15;16;17;18;19;20;21;22;23;24;25,,0,0,16
controlled-412,controlled,hit_0,lead_8/rep_17,18,0,0,History-Last1,8.0,0.0,128,10;11;12;13;14;15;16;17;18;19;20;21;22;23;24;25,0;1;2;3;4;5;6;7;8;9;26;27;28;29;30;31,0,16,16
controlled-413,controlled,hit_0,lead_8/rep_17,18,0,0,Oracle,8.0,0.0,128,10;11;12;13;14;15;16;17;18;19;20;21;22;23;24;25,10;11;12;13;14;15;16;17;18;19;20;21;22;23;24;25,16,0,0
controlled-414,controlled,hit_0,lead_8/rep_18,19,0,0,No-Selected-Prefetch,8.0,0.0,128,10;11;12;13;14;15;16;17;18;19;20;21;22;23;24;25,,0,0,16
controlled-415,controlled,hit_0,lead_8/rep_18,19,0,0,History-Last1,8.0,0.0,128,10;11;12;13;14;15;16;17;18;19;20;21;22;23;24;25,0;1;2;3;4;5;6;7;8;9;26;27;28;29;30;31,0,16,16
controlled-416,controlled,hit_0,lead_8/rep_18,19,0,0,Oracle,8.0,0.0,128,10;11;12;13;14;15;16;17;18;19;20;21;22;23;24;25,10;11;12;13;14;15;16;17;18;19;20;21;22;23;24;25,16,0,0
controlled-417,controlled,hit_0,lead_8/rep_19,20,0,0,No-Selected-Prefetch,8.0,0.0,128,10;11;12;13;14;15;16;17;18;19;20;21;22;23;24;25,,0,0,16
controlled-418,controlled,hit_0,lead_8/rep_19,20,0,0,History-Last1,8.0,0.0,128,10;11;12;13;14;15;16;17;18;19;20;21;22;23;24;25,0;1;2;3;4;5;6;7;8;9;26;27;28;29;30;31,0,16,16
controlled-419,controlled,hit_0,lead_8/rep_19,20,0,0,Oracle,8.0,0.0,128,10;11;12;13;14;15;16;17;18;19;20;21;22;23;24;25,10;11;12;13;14;15;16;17;18;19;20;21;22;23;24;25,16,0,0
controlled-420,controlled,hit_25,lead_0/rep_0,1,0,0,No-Selected-Prefetch,0.0,0.0,128,10;11;12;13;14;15;16;17;18;19;20;21;22;23;24;25,,0,0,16
controlled-421,controlled,hit_25,lead_0/rep_0,1,0,0,History-Last1,0.0,0.0,128,10;11;12;13;14;15;16;17;18;19;20;21;22;23;24;25,0;1;2;3;4;5;6;7;8;9;10;11;12;13;26;27,4,12,12
controlled-422,controlled,hit_25,lead_0/rep_0,1,0,0,Oracle,0.0,0.0,128,10;11;12;13;14;15;16;17;18;19;20;21;22;23;24;25,10;11;12;13;14;15;16;17;18;19;20;21;22;23;24;25,16,0,0
controlled-423,controlled,hit_25,lead_0/rep_1,2,0,0,No-Selected-Prefetch,0.0,0.0,128,10;11;12;13;14;15;16;17;18;19;20;21;22;23;24;25,,0,0,16
controlled-424,controlled,hit_25,lead_0/rep_1,2,0,0,History-Last1,0.0,0.0,128,10;11;12;13;14;15;16;17;18;19;20;21;22;23;24;25,0;1;2;3;4;5;6;7;8;9;10;11;12;13;26;27,4,12,12
controlled-425,controlled,hit_25,lead_0/rep_1,2,0,0,Oracle,0.0,0.0,128,10;11;12;13;14;15;16;17;18;19;20;21;22;23;24;25,10;11;12;13;14;15;16;17;18;19;20;21;22;23;24;25,16,0,0
controlled-426,controlled,hit_25,lead_0/rep_2,3,0,0,No-Selected-Prefetch,0.0,0.0,128,10;11;12;13;14;15;16;17;18;19;20;21;22;23;24;25,,0,0,16
controlled-427,controlled,hit_25,lead_0/rep_2,3,0,0,History-Last1,0.0,0.0,128,10;11;12;13;14;15;16;17;18;19;20;21;22;23;24;25,0;1;2;3;4;5;6;7;8;9;10;11;12;13;26;27,4,12,12
controlled-428,controlled,hit_25,lead_0/rep_2,3,0,0,Oracle,0.0,0.0,128,10;11;12;13;14;15;16;17;18;19;20;21;22;23;24;25,10;11;12;13;14;15;16;17;18;19;20;21;22;23;24;25,16,0,0
controlled-429,controlled,hit_25,lead_0/rep_3,4,0,0,No-Selected-Prefetch,0.0,0.0,128,10;11;12;13;14;15;16;17;18;19;20;21;22;23;24;25,,0,0,16
controlled-430,controlled,hit_25,lead_0/rep_3,4,0,0,History-Last1,0.0,0.0,128,10;11;12;13;14;15;16;17;18;19;20;21;22;23;24;25,0;1;2;3;4;5;6;7;8;9;10;11;12;13;26;27,4,12,12
controlled-431,controlled,hit_25,lead_0/rep_3,4,0,0,Oracle,0.0,0.0,128,10;11;12;13;14;15;16;17;18;19;20;21;22;23;24;25,10;11;12;13;14;15;16;17;18;19;20;21;22;23;24;25,16,0,0
controlled-432,controlled,hit_25,lead_0/rep_4,5,0,0,No-Selected-Prefetch,0.0,0.0,128,10;11;12;13;14;15;16;17;18;19;20;21;22;23;24;25,,0,0,16
controlled-433,controlled,hit_25,lead_0/rep_4,5,0,0,History-Last1,0.0,0.0,128,10;11;12;13;14;15;16;17;18;19;20;21;22;23;24;25,0;1;2;3;4;5;6;7;8;9;10;11;12;13;26;27,4,12,12
controlled-434,controlled,hit_25,lead_0/rep_4,5,0,0,Oracle,0.0,0.0,128,10;11;12;13;14;15;16;17;18;19;20;21;22;23;24;25,10;11;12;13;14;15;16;17;18;19;20;21;22;23;24;25,16,0,0
controlled-435,controlled,hit_25,lead_0/rep_5,6,0,0,No-Selected-Prefetch,0.0,0.0,128,10;11;12;13;14;15;16;17;18;19;20;21;22;23;24;25,,0,0,16
controlled-436,controlled,hit_25,lead_0/rep_5,6,0,0,History-Last1,0.0,0.0,128,10;11;12;13;14;15;16;17;18;19;20;21;22;23;24;25,0;1;2;3;4;5;6;7;8;9;10;11;12;13;26;27,4,12,12
controlled-437,controlled,hit_25,lead_0/rep_5,6,0,0,Oracle,0.0,0.0,128,10;11;12;13;14;15;16;17;18;19;20;21;22;23;24;25,10;11;12;13;14;15;16;17;18;19;20;21;22;23;24;25,16,0,0
controlled-438,controlled,hit_25,lead_0/rep_6,7,0,0,No-Selected-Prefetch,0.0,0.0,128,10;11;12;13;14;15;16;17;18;19;20;21;22;23;24;25,,0,0,16
controlled-439,controlled,hit_25,lead_0/rep_6,7,0,0,History-Last1,0.0,0.0,128,10;11;12;13;14;15;16;17;18;19;20;21;22;23;24;25,0;1;2;3;4;5;6;7;8;9;10;11;12;13;26;27,4,12,12
controlled-440,controlled,hit_25,lead_0/rep_6,7,0,0,Oracle,0.0,0.0,128,10;11;12;13;14;15;16;17;18;19;20;21;22;23;24;25,10;11;12;13;14;15;16;17;18;19;20;21;22;23;24;25,16,0,0
controlled-441,controlled,hit_25,lead_0/rep_7,8,0,0,No-Selected-Prefetch,0.0,0.0,128,10;11;12;13;14;15;16;17;18;19;20;21;22;23;24;25,,0,0,16
controlled-442,controlled,hit_25,lead_0/rep_7,8,0,0,History-Last1,0.0,0.0,128,10;11;12;13;14;15;16;17;18;19;20;21;22;23;24;25,0;1;2;3;4;5;6;7;8;9;10;11;12;13;26;27,4,12,12
controlled-443,controlled,hit_25,lead_0/rep_7,8,0,0,Oracle,0.0,0.0,128,10;11;12;13;14;15;16;17;18;19;20;21;22;23;24;25,10;11;12;13;14;15;16;17;18;19;20;21;22;23;24;25,16,0,0
controlled-444,controlled,hit_25,lead_0/rep_8,9,0,0,No-Selected-Prefetch,0.0,0.0,128,10;11;12;13;14;15;16;17;18;19;20;21;22;23;24;25,,0,0,16
controlled-445,controlled,hit_25,lead_0/rep_8,9,0,0,History-Last1,0.0,0.0,128,10;11;12;13;14;15;16;17;18;19;20;21;22;23;24;25,0;1;2;3;4;5;6;7;8;9;10;11;12;13;26;27,4,12,12
controlled-446,controlled,hit_25,lead_0/rep_8,9,0,0,Oracle,0.0,0.0,128,10;11;12;13;14;15;16;17;18;19;20;21;22;23;24;25,10;11;12;13;14;15;16;17;18;19;20;21;22;23;24;25,16,0,0
controlled-447,controlled,hit_25,lead_0/rep_9,10,0,0,No-Selected-Prefetch,0.0,0.0,128,10;11;12;13;14;15;16;17;18;19;20;21;22;23;24;25,,0,0,16
controlled-448,controlled,hit_25,lead_0/rep_9,10,0,0,History-Last1,0.0,0.0,128,10;11;12;13;14;15;16;17;18;19;20;21;22;23;24;25,0;1;2;3;4;5;6;7;8;9;10;11;12;13;26;27,4,12,12
controlled-449,controlled,hit_25,lead_0/rep_9,10,0,0,Oracle,0.0,0.0,128,10;11;12;13;14;15;16;17;18;19;20;21;22;23;24;25,10;11;12;13;14;15;16;17;18;19;20;21;22;23;24;25,16,0,0
controlled-450,controlled,hit_25,lead_0/rep_10,11,0,0,No-Selected-Prefetch,0.0,0.0,128,10;11;12;13;14;15;16;17;18;19;20;21;22;23;24;25,,0,0,16
controlled-451,controlled,hit_25,lead_0/rep_10,11,0,0,History-Last1,0.0,0.0,128,10;11;12;13;14;15;16;17;18;19;20;21;22;23;24;25,0;1;2;3;4;5;6;7;8;9;10;11;12;13;26;27,4,12,12
controlled-452,controlled,hit_25,lead_0/rep_10,11,0,0,Oracle,0.0,0.0,128,10;11;12;13;14;15;16;17;18;19;20;21;22;23;24;25,10;11;12;13;14;15;16;17;18;19;20;21;22;23;24;25,16,0,0
controlled-453,controlled,hit_25,lead_0/rep_11,12,0,0,No-Selected-Prefetch,0.0,0.0,128,10;11;12;13;14;15;16;17;18;19;20;21;22;23;24;25,,0,0,16
controlled-454,controlled,hit_25,lead_0/rep_11,12,0,0,History-Last1,0.0,0.0,128,10;11;12;13;14;15;16;17;18;19;20;21;22;23;24;25,0;1;2;3;4;5;6;7;8;9;10;11;12;13;26;27,4,12,12
controlled-455,controlled,hit_25,lead_0/rep_11,12,0,0,Oracle,0.0,0.0,128,10;11;12;13;14;15;16;17;18;19;20;21;22;23;24;25,10;11;12;13;14;15;16;17;18;19;20;21;22;23;24;25,16,0,0
controlled-456,controlled,hit_25,lead_0/rep_12,13,0,0,No-Selected-Prefetch,0.0,0.0,128,10;11;12;13;14;15;16;17;18;19;20;21;22;23;24;25,,0,0,16
controlled-457,controlled,hit_25,lead_0/rep_12,13,0,0,History-Last1,0.0,0.0,128,10;11;12;13;14;15;16;17;18;19;20;21;22;23;24;25,0;1;2;3;4;5;6;7;8;9;10;11;12;13;26;27,4,12,12
controlled-458,controlled,hit_25,lead_0/rep_12,13,0,0,Oracle,0.0,0.0,128,10;11;12;13;14;15;16;17;18;19;20;21;22;23;24;25,10;11;12;13;14;15;16;17;18;19;20;21;22;23;24;25,16,0,0
controlled-459,controlled,hit_25,lead_0/rep_13,14,0,0,No-Selected-Prefetch,0.0,0.0,128,10;11;12;13;14;15;16;17;18;19;20;21;22;23;24;25,,0,0,16
controlled-460,controlled,hit_25,lead_0/rep_13,14,0,0,History-Last1,0.0,0.0,128,10;11;12;13;14;15;16;17;18;19;20;21;22;23;24;25,0;1;2;3;4;5;6;7;8;9;10;11;12;13;26;27,4,12,12
controlled-461,controlled,hit_25,lead_0/rep_13,14,0,0,Oracle,0.0,0.0,128,10;11;12;13;14;15;16;17;18;19;20;21;22;23;24;25,10;11;12;13;14;15;16;17;18;19;20;21;22;23;24;25,16,0,0
controlled-462,controlled,hit_25,lead_0/rep_14,15,0,0,No-Selected-Prefetch,0.0,0.0,128,10;11;12;13;14;15;16;17;18;19;20;21;22;23;24;25,,0,0,16
controlled-463,controlled,hit_25,lead_0/rep_14,15,0,0,History-Last1,0.0,0.0,128,10;11;12;13;14;15;16;17;18;19;20;21;22;23;24;25,0;1;2;3;4;5;6;7;8;9;10;11;12;13;26;27,4,12,12
controlled-464,controlled,hit_25,lead_0/rep_14,15,0,0,Oracle,0.0,0.0,128,10;11;12;13;14;15;16;17;18;19;20;21;22;23;24;25,10;11;12;13;14;15;16;17;18;19;20;21;22;23;24;25,16,0,0
controlled-465,controlled,hit_25,lead_0/rep_15,16,0,0,No-Selected-Prefetch,0.0,0.0,128,10;11;12;13;14;15;16;17;18;19;20;21;22;23;24;25,,0,0,16
controlled-466,controlled,hit_25,lead_0/rep_15,16,0,0,History-Last1,0.0,0.0,128,10;11;12;13;14;15;16;17;18;19;20;21;22;23;24;25,0;1;2;3;4;5;6;7;8;9;10;11;12;13;26;27,4,12,12
controlled-467,controlled,hit_25,lead_0/rep_15,16,0,0,Oracle,0.0,0.0,128,10;11;12;13;14;15;16;17;18;19;20;21;22;23;24;25,10;11;12;13;14;15;16;17;18;19;20;21;22;23;24;25,16,0,0
controlled-468,controlled,hit_25,lead_0/rep_16,17,0,0,No-Selected-Prefetch,0.0,0.0,128,10;11;12;13;14;15;16;17;18;19;20;21;22;23;24;25,,0,0,16
controlled-469,controlled,hit_25,lead_0/rep_16,17,0,0,History-Last1,0.0,0.0,128,10;11;12;13;14;15;16;17;18;19;20;21;22;23;24;25,0;1;2;3;4;5;6;7;8;9;10;11;12;13;26;27,4,12,12
controlled-470,controlled,hit_25,lead_0/rep_16,17,0,0,Oracle,0.0,0.0,128,10;11;12;13;14;15;16;17;18;19;20;21;22;23;24;25,10;11;12;13;14;15;16;17;18;19;20;21;22;23;24;25,16,0,0
controlled-471,controlled,hit_25,lead_0/rep_17,18,0,0,No-Selected-Prefetch,0.0,0.0,128,10;11;12;13;14;15;16;17;18;19;20;21;22;23;24;25,,0,0,16
controlled-472,controlled,hit_25,lead_0/rep_17,18,0,0,History-Last1,0.0,0.0,128,10;11;12;13;14;15;16;17;18;19;20;21;22;23;24;25,0;1;2;3;4;5;6;7;8;9;10;11;12;13;26;27,4,12,12
controlled-473,controlled,hit_25,lead_0/rep_17,18,0,0,Oracle,0.0,0.0,128,10;11;12;13;14;15;16;17;18;19;20;21;22;23;24;25,10;11;12;13;14;15;16;17;18;19;20;21;22;23;24;25,16,0,0
controlled-474,controlled,hit_25,lead_0/rep_18,19,0,0,No-Selected-Prefetch,0.0,0.0,128,10;11;12;13;14;15;16;17;18;19;20;21;22;23;24;25,,0,0,16
controlled-475,controlled,hit_25,lead_0/rep_18,19,0,0,History-Last1,0.0,0.0,128,10;11;12;13;14;15;16;17;18;19;20;21;22;23;24;25,0;1;2;3;4;5;6;7;8;9;10;11;12;13;26;27,4,12,12
controlled-476,controlled,hit_25,lead_0/rep_18,19,0,0,Oracle,0.0,0.0,128,10;11;12;13;14;15;16;17;18;19;20;21;22;23;24;25,10;11;12;13;14;15;16;17;18;19;20;21;22;23;24;25,16,0,0
controlled-477,controlled,hit_25,lead_0/rep_19,20,0,0,No-Selected-Prefetch,0.0,0.0,128,10;11;12;13;14;15;16;17;18;19;20;21;22;23;24;25,,0,0,16
controlled-478,controlled,hit_25,lead_0/rep_19,20,0,0,History-Last1,0.0,0.0,128,10;11;12;13;14;15;16;17;18;19;20;21;22;23;24;25,0;1;2;3;4;5;6;7;8;9;10;11;12;13;26;27,4,12,12
controlled-479,controlled,hit_25,lead_0/rep_19,20,0,0,Oracle,0.0,0.0,128,10;11;12;13;14;15;16;17;18;19;20;21;22;23;24;25,10;11;12;13;14;15;16;17;18;19;20;21;22;23;24;25,16,0,0
controlled-480,controlled,hit_25,lead_0.25/rep_0,1,0,0,No-Selected-Prefetch,0.25,0.0,128,10;11;12;13;14;15;16;17;18;19;20;21;22;23;24;25,,0,0,16
controlled-481,controlled,hit_25,lead_0.25/rep_0,1,0,0,History-Last1,0.25,0.0,128,10;11;12;13;14;15;16;17;18;19;20;21;22;23;24;25,0;1;2;3;4;5;6;7;8;9;10;11;12;13;26;27,4,12,12
controlled-482,controlled,hit_25,lead_0.25/rep_0,1,0,0,Oracle,0.25,0.0,128,10;11;12;13;14;15;16;17;18;19;20;21;22;23;24;25,10;11;12;13;14;15;16;17;18;19;20;21;22;23;24;25,16,0,0
controlled-483,controlled,hit_25,lead_0.25/rep_1,2,0,0,No-Selected-Prefetch,0.25,0.0,128,10;11;12;13;14;15;16;17;18;19;20;21;22;23;24;25,,0,0,16
controlled-484,controlled,hit_25,lead_0.25/rep_1,2,0,0,History-Last1,0.25,0.0,128,10;11;12;13;14;15;16;17;18;19;20;21;22;23;24;25,0;1;2;3;4;5;6;7;8;9;10;11;12;13;26;27,4,12,12
controlled-485,controlled,hit_25,lead_0.25/rep_1,2,0,0,Oracle,0.25,0.0,128,10;11;12;13;14;15;16;17;18;19;20;21;22;23;24;25,10;11;12;13;14;15;16;17;18;19;20;21;22;23;24;25,16,0,0
controlled-486,controlled,hit_25,lead_0.25/rep_2,3,0,0,No-Selected-Prefetch,0.25,0.0,128,10;11;12;13;14;15;16;17;18;19;20;21;22;23;24;25,,0,0,16
controlled-487,controlled,hit_25,lead_0.25/rep_2,3,0,0,History-Last1,0.25,0.0,128,10;11;12;13;14;15;16;17;18;19;20;21;22;23;24;25,0;1;2;3;4;5;6;7;8;9;10;11;12;13;26;27,4,12,12
controlled-488,controlled,hit_25,lead_0.25/rep_2,3,0,0,Oracle,0.25,0.0,128,10;11;12;13;14;15;16;17;18;19;20;21;22;23;24;25,10;11;12;13;14;15;16;17;18;19;20;21;22;23;24;25,16,0,0
controlled-489,controlled,hit_25,lead_0.25/rep_3,4,0,0,No-Selected-Prefetch,0.25,0.0,128,10;11;12;13;14;15;16;17;18;19;20;21;22;23;24;25,,0,0,16
controlled-490,controlled,hit_25,lead_0.25/rep_3,4,0,0,History-Last1,0.25,0.0,128,10;11;12;13;14;15;16;17;18;19;20;21;22;23;24;25,0;1;2;3;4;5;6;7;8;9;10;11;12;13;26;27,4,12,12
controlled-491,controlled,hit_25,lead_0.25/rep_3,4,0,0,Oracle,0.25,0.0,128,10;11;12;13;14;15;16;17;18;19;20;21;22;23;24;25,10;11;12;13;14;15;16;17;18;19;20;21;22;23;24;25,16,0,0
controlled-492,controlled,hit_25,lead_0.25/rep_4,5,0,0,No-Selected-Prefetch,0.25,0.0,128,10;11;12;13;14;15;16;17;18;19;20;21;22;23;24;25,,0,0,16
controlled-493,controlled,hit_25,lead_0.25/rep_4,5,0,0,History-Last1,0.25,0.0,128,10;11;12;13;14;15;16;17;18;19;20;21;22;23;24;25,0;1;2;3;4;5;6;7;8;9;10;11;12;13;26;27,4,12,12
controlled-494,controlled,hit_25,lead_0.25/rep_4,5,0,0,Oracle,0.25,0.0,128,10;11;12;13;14;15;16;17;18;19;20;21;22;23;24;25,10;11;12;13;14;15;16;17;18;19;20;21;22;23;24;25,16,0,0
controlled-495,controlled,hit_25,lead_0.25/rep_5,6,0,0,No-Selected-Prefetch,0.25,0.0,128,10;11;12;13;14;15;16;17;18;19;20;21;22;23;24;25,,0,0,16
controlled-496,controlled,hit_25,lead_0.25/rep_5,6,0,0,History-Last1,0.25,0.0,128,10;11;12;13;14;15;16;17;18;19;20;21;22;23;24;25,0;1;2;3;4;5;6;7;8;9;10;11;12;13;26;27,4,12,12
controlled-497,controlled,hit_25,lead_0.25/rep_5,6,0,0,Oracle,0.25,0.0,128,10;11;12;13;14;15;16;17;18;19;20;21;22;23;24;25,10;11;12;13;14;15;16;17;18;19;20;21;22;23;24;25,16,0,0
controlled-498,controlled,hit_25,lead_0.25/rep_6,7,0,0,No-Selected-Prefetch,0.25,0.0,128,10;11;12;13;14;15;16;17;18;19;20;21;22;23;24;25,,0,0,16
controlled-499,controlled,hit_25,lead_0.25/rep_6,7,0,0,History-Last1,0.25,0.0,128,10;11;12;13;14;15;16;17;18;19;20;21;22;23;24;25,0;1;2;3;4;5;6;7;8;9;10;11;12;13;26;27,4,12,12
controlled-500,controlled,hit_25,lead_0.25/rep_6,7,0,0,Oracle,0.25,0.0,128,10;11;12;13;14;15;16;17;18;19;20;21;22;23;24;25,10;11;12;13;14;15;16;17;18;19;20;21;22;23;24;25,16,0,0
controlled-501,controlled,hit_25,lead_0.25/rep_7,8,0,0,No-Selected-Prefetch,0.25,0.0,128,10;11;12;13;14;15;16;17;18;19;20;21;22;23;24;25,,0,0,16
controlled-502,controlled,hit_25,lead_0.25/rep_7,8,0,0,History-Last1,0.25,0.0,128,10;11;12;13;14;15;16;17;18;19;20;21;22;23;24;25,0;1;2;3;4;5;6;7;8;9;10;11;12;13;26;27,4,12,12
controlled-503,controlled,hit_25,lead_0.25/rep_7,8,0,0,Oracle,0.25,0.0,128,10;11;12;13;14;15;16;17;18;19;20;21;22;23;24;25,10;11;12;13;14;15;16;17;18;19;20;21;22;23;24;25,16,0,0
controlled-504,controlled,hit_25,lead_0.25/rep_8,9,0,0,No-Selected-Prefetch,0.25,0.0,128,10;11;12;13;14;15;16;17;18;19;20;21;22;23;24;25,,0,0,16
controlled-505,controlled,hit_25,lead_0.25/rep_8,9,0,0,History-Last1,0.25,0.0,128,10;11;12;13;14;15;16;17;18;19;20;21;22;23;24;25,0;1;2;3;4;5;6;7;8;9;10;11;12;13;26;27,4,12,12
controlled-506,controlled,hit_25,lead_0.25/rep_8,9,0,0,Oracle,0.25,0.0,128,10;11;12;13;14;15;16;17;18;19;20;21;22;23;24;25,10;11;12;13;14;15;16;17;18;19;20;21;22;23;24;25,16,0,0
controlled-507,controlled,hit_25,lead_0.25/rep_9,10,0,0,No-Selected-Prefetch,0.25,0.0,128,10;11;12;13;14;15;16;17;18;19;20;21;22;23;24;25,,0,0,16
controlled-508,controlled,hit_25,lead_0.25/rep_9,10,0,0,History-Last1,0.25,0.0,128,10;11;12;13;14;15;16;17;18;19;20;21;22;23;24;25,0;1;2;3;4;5;6;7;8;9;10;11;12;13;26;27,4,12,12
controlled-509,controlled,hit_25,lead_0.25/rep_9,10,0,0,Oracle,0.25,0.0,128,10;11;12;13;14;15;16;17;18;19;20;21;22;23;24;25,10;11;12;13;14;15;16;17;18;19;20;21;22;23;24;25,16,0,0
controlled-510,controlled,hit_25,lead_0.25/rep_10,11,0,0,No-Selected-Prefetch,0.25,0.0,128,10;11;12;13;14;15;16;17;18;19;20;21;22;23;24;25,,0,0,16
controlled-511,controlled,hit_25,lead_0.25/rep_10,11,0,0,History-Last1,0.25,0.0,128,10;11;12;13;14;15;16;17;18;19;20;21;22;23;24;25,0;1;2;3;4;5;6;7;8;9;10;11;12;13;26;27,4,12,12
controlled-512,controlled,hit_25,lead_0.25/rep_10,11,0,0,Oracle,0.25,0.0,128,10;11;12;13;14;15;16;17;18;19;20;21;22;23;24;25,10;11;12;13;14;15;16;17;18;19;20;21;22;23;24;25,16,0,0
controlled-513,controlled,hit_25,lead_0.25/rep_11,12,0,0,No-Selected-Prefetch,0.25,0.0,128,10;11;12;13;14;15;16;17;18;19;20;21;22;23;24;25,,0,0,16
controlled-514,controlled,hit_25,lead_0.25/rep_11,12,0,0,History-Last1,0.25,0.0,128,10;11;12;13;14;15;16;17;18;19;20;21;22;23;24;25,0;1;2;3;4;5;6;7;8;9;10;11;12;13;26;27,4,12,12
controlled-515,controlled,hit_25,lead_0.25/rep_11,12,0,0,Oracle,0.25,0.0,128,10;11;12;13;14;15;16;17;18;19;20;21;22;23;24;25,10;11;12;13;14;15;16;17;18;19;20;21;22;23;24;25,16,0,0
controlled-516,controlled,hit_25,lead_0.25/rep_12,13,0,0,No-Selected-Prefetch,0.25,0.0,128,10;11;12;13;14;15;16;17;18;19;20;21;22;23;24;25,,0,0,16
controlled-517,controlled,hit_25,lead_0.25/rep_12,13,0,0,History-Last1,0.25,0.0,128,10;11;12;13;14;15;16;17;18;19;20;21;22;23;24;25,0;1;2;3;4;5;6;7;8;9;10;11;12;13;26;27,4,12,12
controlled-518,controlled,hit_25,lead_0.25/rep_12,13,0,0,Oracle,0.25,0.0,128,10;11;12;13;14;15;16;17;18;19;20;21;22;23;24;25,10;11;12;13;14;15;16;17;18;19;20;21;22;23;24;25,16,0,0
controlled-519,controlled,hit_25,lead_0.25/rep_13,14,0,0,No-Selected-Prefetch,0.25,0.0,128,10;11;12;13;14;15;16;17;18;19;20;21;22;23;24;25,,0,0,16
controlled-520,controlled,hit_25,lead_0.25/rep_13,14,0,0,History-Last1,0.25,0.0,128,10;11;12;13;14;15;16;17;18;19;20;21;22;23;24;25,0;1;2;3;4;5;6;7;8;9;10;11;12;13;26;27,4,12,12
controlled-521,controlled,hit_25,lead_0.25/rep_13,14,0,0,Oracle,0.25,0.0,128,10;11;12;13;14;15;16;17;18;19;20;21;22;23;24;25,10;11;12;13;14;15;16;17;18;19;20;21;22;23;24;25,16,0,0
controlled-522,controlled,hit_25,lead_0.25/rep_14,15,0,0,No-Selected-Prefetch,0.25,0.0,128,10;11;12;13;14;15;16;17;18;19;20;21;22;23;24;25,,0,0,16
controlled-523,controlled,hit_25,lead_0.25/rep_14,15,0,0,History-Last1,0.25,0.0,128,10;11;12;13;14;15;16;17;18;19;20;21;22;23;24;25,0;1;2;3;4;5;6;7;8;9;10;11;12;13;26;27,4,12,12
controlled-524,controlled,hit_25,lead_0.25/rep_14,15,0,0,Oracle,0.25,0.0,128,10;11;12;13;14;15;16;17;18;19;20;21;22;23;24;25,10;11;12;13;14;15;16;17;18;19;20;21;22;23;24;25,16,0,0
controlled-525,controlled,hit_25,lead_0.25/rep_15,16,0,0,No-Selected-Prefetch,0.25,0.0,128,10;11;12;13;14;15;16;17;18;19;20;21;22;23;24;25,,0,0,16
controlled-526,controlled,hit_25,lead_0.25/rep_15,16,0,0,History-Last1,0.25,0.0,128,10;11;12;13;14;15;16;17;18;19;20;21;22;23;24;25,0;1;2;3;4;5;6;7;8;9;10;11;12;13;26;27,4,12,12
controlled-527,controlled,hit_25,lead_0.25/rep_15,16,0,0,Oracle,0.25,0.0,128,10;11;12;13;14;15;16;17;18;19;20;21;22;23;24;25,10;11;12;13;14;15;16;17;18;19;20;21;22;23;24;25,16,0,0
controlled-528,controlled,hit_25,lead_0.25/rep_16,17,0,0,No-Selected-Prefetch,0.25,0.0,128,10;11;12;13;14;15;16;17;18;19;20;21;22;23;24;25,,0,0,16
controlled-529,controlled,hit_25,lead_0.25/rep_16,17,0,0,History-Last1,0.25,0.0,128,10;11;12;13;14;15;16;17;18;19;20;21;22;23;24;25,0;1;2;3;4;5;6;7;8;9;10;11;12;13;26;27,4,12,12
controlled-530,controlled,hit_25,lead_0.25/rep_16,17,0,0,Oracle,0.25,0.0,128,10;11;12;13;14;15;16;17;18;19;20;21;22;23;24;25,10;11;12;13;14;15;16;17;18;19;20;21;22;23;24;25,16,0,0
controlled-531,controlled,hit_25,lead_0.25/rep_17,18,0,0,No-Selected-Prefetch,0.25,0.0,128,10;11;12;13;14;15;16;17;18;19;20;21;22;23;24;25,,0,0,16
controlled-532,controlled,hit_25,lead_0.25/rep_17,18,0,0,History-Last1,0.25,0.0,128,10;11;12;13;14;15;16;17;18;19;20;21;22;23;24;25,0;1;2;3;4;5;6;7;8;9;10;11;12;13;26;27,4,12,12
controlled-533,controlled,hit_25,lead_0.25/rep_17,18,0,0,Oracle,0.25,0.0,128,10;11;12;13;14;15;16;17;18;19;20;21;22;23;24;25,10;11;12;13;14;15;16;17;18;19;20;21;22;23;24;25,16,0,0
controlled-534,controlled,hit_25,lead_0.25/rep_18,19,0,0,No-Selected-Prefetch,0.25,0.0,128,10;11;12;13;14;15;16;17;18;19;20;21;22;23;24;25,,0,0,16
controlled-535,controlled,hit_25,lead_0.25/rep_18,19,0,0,History-Last1,0.25,0.0,128,10;11;12;13;14;15;16;17;18;19;20;21;22;23;24;25,0;1;2;3;4;5;6;7;8;9;10;11;12;13;26;27,4,12,12
controlled-536,controlled,hit_25,lead_0.25/rep_18,19,0,0,Oracle,0.25,0.0,128,10;11;12;13;14;15;16;17;18;19;20;21;22;23;24;25,10;11;12;13;14;15;16;17;18;19;20;21;22;23;24;25,16,0,0
controlled-537,controlled,hit_25,lead_0.25/rep_19,20,0,0,No-Selected-Prefetch,0.25,0.0,128,10;11;12;13;14;15;16;17;18;19;20;21;22;23;24;25,,0,0,16
controlled-538,controlled,hit_25,lead_0.25/rep_19,20,0,0,History-Last1,0.25,0.0,128,10;11;12;13;14;15;16;17;18;19;20;21;22;23;24;25,0;1;2;3;4;5;6;7;8;9;10;11;12;13;26;27,4,12,12
controlled-539,controlled,hit_25,lead_0.25/rep_19,20,0,0,Oracle,0.25,0.0,128,10;11;12;13;14;15;16;17;18;19;20;21;22;23;24;25,10;11;12;13;14;15;16;17;18;19;20;21;22;23;24;25,16,0,0
controlled-540,controlled,hit_25,lead_0.5/rep_0,1,0,0,No-Selected-Prefetch,0.5,0.0,128,10;11;12;13;14;15;16;17;18;19;20;21;22;23;24;25,,0,0,16
controlled-541,controlled,hit_25,lead_0.5/rep_0,1,0,0,History-Last1,0.5,0.0,128,10;11;12;13;14;15;16;17;18;19;20;21;22;23;24;25,0;1;2;3;4;5;6;7;8;9;10;11;12;13;26;27,4,12,12
controlled-542,controlled,hit_25,lead_0.5/rep_0,1,0,0,Oracle,0.5,0.0,128,10;11;12;13;14;15;16;17;18;19;20;21;22;23;24;25,10;11;12;13;14;15;16;17;18;19;20;21;22;23;24;25,16,0,0
controlled-543,controlled,hit_25,lead_0.5/rep_1,2,0,0,No-Selected-Prefetch,0.5,0.0,128,10;11;12;13;14;15;16;17;18;19;20;21;22;23;24;25,,0,0,16
controlled-544,controlled,hit_25,lead_0.5/rep_1,2,0,0,History-Last1,0.5,0.0,128,10;11;12;13;14;15;16;17;18;19;20;21;22;23;24;25,0;1;2;3;4;5;6;7;8;9;10;11;12;13;26;27,4,12,12
controlled-545,controlled,hit_25,lead_0.5/rep_1,2,0,0,Oracle,0.5,0.0,128,10;11;12;13;14;15;16;17;18;19;20;21;22;23;24;25,10;11;12;13;14;15;16;17;18;19;20;21;22;23;24;25,16,0,0
controlled-546,controlled,hit_25,lead_0.5/rep_2,3,0,0,No-Selected-Prefetch,0.5,0.0,128,10;11;12;13;14;15;16;17;18;19;20;21;22;23;24;25,,0,0,16
controlled-547,controlled,hit_25,lead_0.5/rep_2,3,0,0,History-Last1,0.5,0.0,128,10;11;12;13;14;15;16;17;18;19;20;21;22;23;24;25,0;1;2;3;4;5;6;7;8;9;10;11;12;13;26;27,4,12,12
controlled-548,controlled,hit_25,lead_0.5/rep_2,3,0,0,Oracle,0.5,0.0,128,10;11;12;13;14;15;16;17;18;19;20;21;22;23;24;25,10;11;12;13;14;15;16;17;18;19;20;21;22;23;24;25,16,0,0
controlled-549,controlled,hit_25,lead_0.5/rep_3,4,0,0,No-Selected-Prefetch,0.5,0.0,128,10;11;12;13;14;15;16;17;18;19;20;21;22;23;24;25,,0,0,16
controlled-550,controlled,hit_25,lead_0.5/rep_3,4,0,0,History-Last1,0.5,0.0,128,10;11;12;13;14;15;16;17;18;19;20;21;22;23;24;25,0;1;2;3;4;5;6;7;8;9;10;11;12;13;26;27,4,12,12
controlled-551,controlled,hit_25,lead_0.5/rep_3,4,0,0,Oracle,0.5,0.0,128,10;11;12;13;14;15;16;17;18;19;20;21;22;23;24;25,10;11;12;13;14;15;16;17;18;19;20;21;22;23;24;25,16,0,0
controlled-552,controlled,hit_25,lead_0.5/rep_4,5,0,0,No-Selected-Prefetch,0.5,0.0,128,10;11;12;13;14;15;16;17;18;19;20;21;22;23;24;25,,0,0,16
controlled-553,controlled,hit_25,lead_0.5/rep_4,5,0,0,History-Last1,0.5,0.0,128,10;11;12;13;14;15;16;17;18;19;20;21;22;23;24;25,0;1;2;3;4;5;6;7;8;9;10;11;12;13;26;27,4,12,12
controlled-554,controlled,hit_25,lead_0.5/rep_4,5,0,0,Oracle,0.5,0.0,128,10;11;12;13;14;15;16;17;18;19;20;21;22;23;24;25,10;11;12;13;14;15;16;17;18;19;20;21;22;23;24;25,16,0,0
controlled-555,controlled,hit_25,lead_0.5/rep_5,6,0,0,No-Selected-Prefetch,0.5,0.0,128,10;11;12;13;14;15;16;17;18;19;20;21;22;23;24;25,,0,0,16
controlled-556,controlled,hit_25,lead_0.5/rep_5,6,0,0,History-Last1,0.5,0.0,128,10;11;12;13;14;15;16;17;18;19;20;21;22;23;24;25,0;1;2;3;4;5;6;7;8;9;10;11;12;13;26;27,4,12,12
controlled-557,controlled,hit_25,lead_0.5/rep_5,6,0,0,Oracle,0.5,0.0,128,10;11;12;13;14;15;16;17;18;19;20;21;22;23;24;25,10;11;12;13;14;15;16;17;18;19;20;21;22;23;24;25,16,0,0
controlled-558,controlled,hit_25,lead_0.5/rep_6,7,0,0,No-Selected-Prefetch,0.5,0.0,128,10;11;12;13;14;15;16;17;18;19;20;21;22;23;24;25,,0,0,16
controlled-559,controlled,hit_25,lead_0.5/rep_6,7,0,0,History-Last1,0.5,0.0,128,10;11;12;13;14;15;16;17;18;19;20;21;22;23;24;25,0;1;2;3;4;5;6;7;8;9;10;11;12;13;26;27,4,12,12
controlled-560,controlled,hit_25,lead_0.5/rep_6,7,0,0,Oracle,0.5,0.0,128,10;11;12;13;14;15;16;17;18;19;20;21;22;23;24;25,10;11;12;13;14;15;16;17;18;19;20;21;22;23;24;25,16,0,0
controlled-561,controlled,hit_25,lead_0.5/rep_7,8,0,0,No-Selected-Prefetch,0.5,0.0,128,10;11;12;13;14;15;16;17;18;19;20;21;22;23;24;25,,0,0,16
controlled-562,controlled,hit_25,lead_0.5/rep_7,8,0,0,History-Last1,0.5,0.0,128,10;11;12;13;14;15;16;17;18;19;20;21;22;23;24;25,0;1;2;3;4;5;6;7;8;9;10;11;12;13;26;27,4,12,12
controlled-563,controlled,hit_25,lead_0.5/rep_7,8,0,0,Oracle,0.5,0.0,128,10;11;12;13;14;15;16;17;18;19;20;21;22;23;24;25,10;11;12;13;14;15;16;17;18;19;20;21;22;23;24;25,16,0,0
controlled-564,controlled,hit_25,lead_0.5/rep_8,9,0,0,No-Selected-Prefetch,0.5,0.0,128,10;11;12;13;14;15;16;17;18;19;20;21;22;23;24;25,,0,0,16
controlled-565,controlled,hit_25,lead_0.5/rep_8,9,0,0,History-Last1,0.5,0.0,128,10;11;12;13;14;15;16;17;18;19;20;21;22;23;24;25,0;1;2;3;4;5;6;7;8;9;10;11;12;13;26;27,4,12,12
controlled-566,controlled,hit_25,lead_0.5/rep_8,9,0,0,Oracle,0.5,0.0,128,10;11;12;13;14;15;16;17;18;19;20;21;22;23;24;25,10;11;12;13;14;15;16;17;18;19;20;21;22;23;24;25,16,0,0
controlled-567,controlled,hit_25,lead_0.5/rep_9,10,0,0,No-Selected-Prefetch,0.5,0.0,128,10;11;12;13;14;15;16;17;18;19;20;21;22;23;24;25,,0,0,16
controlled-568,controlled,hit_25,lead_0.5/rep_9,10,0,0,History-Last1,0.5,0.0,128,10;11;12;13;14;15;16;17;18;19;20;21;22;23;24;25,0;1;2;3;4;5;6;7;8;9;10;11;12;13;26;27,4,12,12
controlled-569,controlled,hit_25,lead_0.5/rep_9,10,0,0,Oracle,0.5,0.0,128,10;11;12;13;14;15;16;17;18;19;20;21;22;23;24;25,10;11;12;13;14;15;16;17;18;19;20;21;22;23;24;25,16,0,0
controlled-570,controlled,hit_25,lead_0.5/rep_10,11,0,0,No-Selected-Prefetch,0.5,0.0,128,10;11;12;13;14;15;16;17;18;19;20;21;22;23;24;25,,0,0,16
controlled-571,controlled,hit_25,lead_0.5/rep_10,11,0,0,History-Last1,0.5,0.0,128,10;11;12;13;14;15;16;17;18;19;20;21;22;23;24;25,0;1;2;3;4;5;6;7;8;9;10;11;12;13;26;27,4,12,12
controlled-572,controlled,hit_25,lead_0.5/rep_10,11,0,0,Oracle,0.5,0.0,128,10;11;12;13;14;15;16;17;18;19;20;21;22;23;24;25,10;11;12;13;14;15;16;17;18;19;20;21;22;23;24;25,16,0,0
controlled-573,controlled,hit_25,lead_0.5/rep_11,12,0,0,No-Selected-Prefetch,0.5,0.0,128,10;11;12;13;14;15;16;17;18;19;20;21;22;23;24;25,,0,0,16
controlled-574,controlled,hit_25,lead_0.5/rep_11,12,0,0,History-Last1,0.5,0.0,128,10;11;12;13;14;15;16;17;18;19;20;21;22;23;24;25,0;1;2;3;4;5;6;7;8;9;10;11;12;13;26;27,4,12,12
controlled-575,controlled,hit_25,lead_0.5/rep_11,12,0,0,Oracle,0.5,0.0,128,10;11;12;13;14;15;16;17;18;19;20;21;22;23;24;25,10;11;12;13;14;15;16;17;18;19;20;21;22;23;24;25,16,0,0
controlled-576,controlled,hit_25,lead_0.5/rep_12,13,0,0,No-Selected-Prefetch,0.5,0.0,128,10;11;12;13;14;15;16;17;18;19;20;21;22;23;24;25,,0,0,16
controlled-577,controlled,hit_25,lead_0.5/rep_12,13,0,0,History-Last1,0.5,0.0,128,10;11;12;13;14;15;16;17;18;19;20;21;22;23;24;25,0;1;2;3;4;5;6;7;8;9;10;11;12;13;26;27,4,12,12
controlled-578,controlled,hit_25,lead_0.5/rep_12,13,0,0,Oracle,0.5,0.0,128,10;11;12;13;14;15;16;17;18;19;20;21;22;23;24;25,10;11;12;13;14;15;16;17;18;19;20;21;22;23;24;25,16,0,0
controlled-579,controlled,hit_25,lead_0.5/rep_13,14,0,0,No-Selected-Prefetch,0.5,0.0,128,10;11;12;13;14;15;16;17;18;19;20;21;22;23;24;25,,0,0,16
controlled-580,controlled,hit_25,lead_0.5/rep_13,14,0,0,History-Last1,0.5,0.0,128,10;11;12;13;14;15;16;17;18;19;20;21;22;23;24;25,0;1;2;3;4;5;6;7;8;9;10;11;12;13;26;27,4,12,12
controlled-581,controlled,hit_25,lead_0.5/rep_13,14,0,0,Oracle,0.5,0.0,128,10;11;12;13;14;15;16;17;18;19;20;21;22;23;24;25,10;11;12;13;14;15;16;17;18;19;20;21;22;23;24;25,16,0,0
controlled-582,controlled,hit_25,lead_0.5/rep_14,15,0,0,No-Selected-Prefetch,0.5,0.0,128,10;11;12;13;14;15;16;17;18;19;20;21;22;23;24;25,,0,0,16
controlled-583,controlled,hit_25,lead_0.5/rep_14,15,0,0,History-Last1,0.5,0.0,128,10;11;12;13;14;15;16;17;18;19;20;21;22;23;24;25,0;1;2;3;4;5;6;7;8;9;10;11;12;13;26;27,4,12,12
controlled-584,controlled,hit_25,lead_0.5/rep_14,15,0,0,Oracle,0.5,0.0,128,10;11;12;13;14;15;16;17;18;19;20;21;22;23;24;25,10;11;12;13;14;15;16;17;18;19;20;21;22;23;24;25,16,0,0
controlled-585,controlled,hit_25,lead_0.5/rep_15,16,0,0,No-Selected-Prefetch,0.5,0.0,128,10;11;12;13;14;15;16;17;18;19;20;21;22;23;24;25,,0,0,16
controlled-586,controlled,hit_25,lead_0.5/rep_15,16,0,0,History-Last1,0.5,0.0,128,10;11;12;13;14;15;16;17;18;19;20;21;22;23;24;25,0;1;2;3;4;5;6;7;8;9;10;11;12;13;26;27,4,12,12
controlled-587,controlled,hit_25,lead_0.5/rep_15,16,0,0,Oracle,0.5,0.0,128,10;11;12;13;14;15;16;17;18;19;20;21;22;23;24;25,10;11;12;13;14;15;16;17;18;19;20;21;22;23;24;25,16,0,0
controlled-588,controlled,hit_25,lead_0.5/rep_16,17,0,0,No-Selected-Prefetch,0.5,0.0,128,10;11;12;13;14;15;16;17;18;19;20;21;22;23;24;25,,0,0,16
controlled-589,controlled,hit_25,lead_0.5/rep_16,17,0,0,History-Last1,0.5,0.0,128,10;11;12;13;14;15;16;17;18;19;20;21;22;23;24;25,0;1;2;3;4;5;6;7;8;9;10;11;12;13;26;27,4,12,12
controlled-590,controlled,hit_25,lead_0.5/rep_16,17,0,0,Oracle,0.5,0.0,128,10;11;12;13;14;15;16;17;18;19;20;21;22;23;24;25,10;11;12;13;14;15;16;17;18;19;20;21;22;23;24;25,16,0,0
controlled-591,controlled,hit_25,lead_0.5/rep_17,18,0,0,No-Selected-Prefetch,0.5,0.0,128,10;11;12;13;14;15;16;17;18;19;20;21;22;23;24;25,,0,0,16
controlled-592,controlled,hit_25,lead_0.5/rep_17,18,0,0,History-Last1,0.5,0.0,128,10;11;12;13;14;15;16;17;18;19;20;21;22;23;24;25,0;1;2;3;4;5;6;7;8;9;10;11;12;13;26;27,4,12,12
controlled-593,controlled,hit_25,lead_0.5/rep_17,18,0,0,Oracle,0.5,0.0,128,10;11;12;13;14;15;16;17;18;19;20;21;22;23;24;25,10;11;12;13;14;15;16;17;18;19;20;21;22;23;24;25,16,0,0
controlled-594,controlled,hit_25,lead_0.5/rep_18,19,0,0,No-Selected-Prefetch,0.5,0.0,128,10;11;12;13;14;15;16;17;18;19;20;21;22;23;24;25,,0,0,16
controlled-595,controlled,hit_25,lead_0.5/rep_18,19,0,0,History-Last1,0.5,0.0,128,10;11;12;13;14;15;16;17;18;19;20;21;22;23;24;25,0;1;2;3;4;5;6;7;8;9;10;11;12;13;26;27,4,12,12
controlled-596,controlled,hit_25,lead_0.5/rep_18,19,0,0,Oracle,0.5,0.0,128,10;11;12;13;14;15;16;17;18;19;20;21;22;23;24;25,10;11;12;13;14;15;16;17;18;19;20;21;22;23;24;25,16,0,0
controlled-597,controlled,hit_25,lead_0.5/rep_19,20,0,0,No-Selected-Prefetch,0.5,0.0,128,10;11;12;13;14;15;16;17;18;19;20;21;22;23;24;25,,0,0,16
controlled-598,controlled,hit_25,lead_0.5/rep_19,20,0,0,History-Last1,0.5,0.0,128,10;11;12;13;14;15;16;17;18;19;20;21;22;23;24;25,0;1;2;3;4;5;6;7;8;9;10;11;12;13;26;27,4,12,12
controlled-599,controlled,hit_25,lead_0.5/rep_19,20,0,0,Oracle,0.5,0.0,128,10;11;12;13;14;15;16;17;18;19;20;21;22;23;24;25,10;11;12;13;14;15;16;17;18;19;20;21;22;23;24;25,16,0,0
controlled-600,controlled,hit_25,lead_1/rep_0,1,0,0,No-Selected-Prefetch,1.0,0.0,128,10;11;12;13;14;15;16;17;18;19;20;21;22;23;24;25,,0,0,16
controlled-601,controlled,hit_25,lead_1/rep_0,1,0,0,History-Last1,1.0,0.0,128,10;11;12;13;14;15;16;17;18;19;20;21;22;23;24;25,0;1;2;3;4;5;6;7;8;9;10;11;12;13;26;27,4,12,12
controlled-602,controlled,hit_25,lead_1/rep_0,1,0,0,Oracle,1.0,0.0,128,10;11;12;13;14;15;16;17;18;19;20;21;22;23;24;25,10;11;12;13;14;15;16;17;18;19;20;21;22;23;24;25,16,0,0
controlled-603,controlled,hit_25,lead_1/rep_1,2,0,0,No-Selected-Prefetch,1.0,0.0,128,10;11;12;13;14;15;16;17;18;19;20;21;22;23;24;25,,0,0,16
controlled-604,controlled,hit_25,lead_1/rep_1,2,0,0,History-Last1,1.0,0.0,128,10;11;12;13;14;15;16;17;18;19;20;21;22;23;24;25,0;1;2;3;4;5;6;7;8;9;10;11;12;13;26;27,4,12,12
controlled-605,controlled,hit_25,lead_1/rep_1,2,0,0,Oracle,1.0,0.0,128,10;11;12;13;14;15;16;17;18;19;20;21;22;23;24;25,10;11;12;13;14;15;16;17;18;19;20;21;22;23;24;25,16,0,0
controlled-606,controlled,hit_25,lead_1/rep_2,3,0,0,No-Selected-Prefetch,1.0,0.0,128,10;11;12;13;14;15;16;17;18;19;20;21;22;23;24;25,,0,0,16
controlled-607,controlled,hit_25,lead_1/rep_2,3,0,0,History-Last1,1.0,0.0,128,10;11;12;13;14;15;16;17;18;19;20;21;22;23;24;25,0;1;2;3;4;5;6;7;8;9;10;11;12;13;26;27,4,12,12
controlled-608,controlled,hit_25,lead_1/rep_2,3,0,0,Oracle,1.0,0.0,128,10;11;12;13;14;15;16;17;18;19;20;21;22;23;24;25,10;11;12;13;14;15;16;17;18;19;20;21;22;23;24;25,16,0,0
controlled-609,controlled,hit_25,lead_1/rep_3,4,0,0,No-Selected-Prefetch,1.0,0.0,128,10;11;12;13;14;15;16;17;18;19;20;21;22;23;24;25,,0,0,16
controlled-610,controlled,hit_25,lead_1/rep_3,4,0,0,History-Last1,1.0,0.0,128,10;11;12;13;14;15;16;17;18;19;20;21;22;23;24;25,0;1;2;3;4;5;6;7;8;9;10;11;12;13;26;27,4,12,12
controlled-611,controlled,hit_25,lead_1/rep_3,4,0,0,Oracle,1.0,0.0,128,10;11;12;13;14;15;16;17;18;19;20;21;22;23;24;25,10;11;12;13;14;15;16;17;18;19;20;21;22;23;24;25,16,0,0
controlled-612,controlled,hit_25,lead_1/rep_4,5,0,0,No-Selected-Prefetch,1.0,0.0,128,10;11;12;13;14;15;16;17;18;19;20;21;22;23;24;25,,0,0,16
controlled-613,controlled,hit_25,lead_1/rep_4,5,0,0,History-Last1,1.0,0.0,128,10;11;12;13;14;15;16;17;18;19;20;21;22;23;24;25,0;1;2;3;4;5;6;7;8;9;10;11;12;13;26;27,4,12,12
controlled-614,controlled,hit_25,lead_1/rep_4,5,0,0,Oracle,1.0,0.0,128,10;11;12;13;14;15;16;17;18;19;20;21;22;23;24;25,10;11;12;13;14;15;16;17;18;19;20;21;22;23;24;25,16,0,0
controlled-615,controlled,hit_25,lead_1/rep_5,6,0,0,No-Selected-Prefetch,1.0,0.0,128,10;11;12;13;14;15;16;17;18;19;20;21;22;23;24;25,,0,0,16
controlled-616,controlled,hit_25,lead_1/rep_5,6,0,0,History-Last1,1.0,0.0,128,10;11;12;13;14;15;16;17;18;19;20;21;22;23;24;25,0;1;2;3;4;5;6;7;8;9;10;11;12;13;26;27,4,12,12
controlled-617,controlled,hit_25,lead_1/rep_5,6,0,0,Oracle,1.0,0.0,128,10;11;12;13;14;15;16;17;18;19;20;21;22;23;24;25,10;11;12;13;14;15;16;17;18;19;20;21;22;23;24;25,16,0,0
controlled-618,controlled,hit_25,lead_1/rep_6,7,0,0,No-Selected-Prefetch,1.0,0.0,128,10;11;12;13;14;15;16;17;18;19;20;21;22;23;24;25,,0,0,16
controlled-619,controlled,hit_25,lead_1/rep_6,7,0,0,History-Last1,1.0,0.0,128,10;11;12;13;14;15;16;17;18;19;20;21;22;23;24;25,0;1;2;3;4;5;6;7;8;9;10;11;12;13;26;27,4,12,12
controlled-620,controlled,hit_25,lead_1/rep_6,7,0,0,Oracle,1.0,0.0,128,10;11;12;13;14;15;16;17;18;19;20;21;22;23;24;25,10;11;12;13;14;15;16;17;18;19;20;21;22;23;24;25,16,0,0
controlled-621,controlled,hit_25,lead_1/rep_7,8,0,0,No-Selected-Prefetch,1.0,0.0,128,10;11;12;13;14;15;16;17;18;19;20;21;22;23;24;25,,0,0,16
controlled-622,controlled,hit_25,lead_1/rep_7,8,0,0,History-Last1,1.0,0.0,128,10;11;12;13;14;15;16;17;18;19;20;21;22;23;24;25,0;1;2;3;4;5;6;7;8;9;10;11;12;13;26;27,4,12,12
controlled-623,controlled,hit_25,lead_1/rep_7,8,0,0,Oracle,1.0,0.0,128,10;11;12;13;14;15;16;17;18;19;20;21;22;23;24;25,10;11;12;13;14;15;16;17;18;19;20;21;22;23;24;25,16,0,0
controlled-624,controlled,hit_25,lead_1/rep_8,9,0,0,No-Selected-Prefetch,1.0,0.0,128,10;11;12;13;14;15;16;17;18;19;20;21;22;23;24;25,,0,0,16
controlled-625,controlled,hit_25,lead_1/rep_8,9,0,0,History-Last1,1.0,0.0,128,10;11;12;13;14;15;16;17;18;19;20;21;22;23;24;25,0;1;2;3;4;5;6;7;8;9;10;11;12;13;26;27,4,12,12
controlled-626,controlled,hit_25,lead_1/rep_8,9,0,0,Oracle,1.0,0.0,128,10;11;12;13;14;15;16;17;18;19;20;21;22;23;24;25,10;11;12;13;14;15;16;17;18;19;20;21;22;23;24;25,16,0,0
controlled-627,controlled,hit_25,lead_1/rep_9,10,0,0,No-Selected-Prefetch,1.0,0.0,128,10;11;12;13;14;15;16;17;18;19;20;21;22;23;24;25,,0,0,16
controlled-628,controlled,hit_25,lead_1/rep_9,10,0,0,History-Last1,1.0,0.0,128,10;11;12;13;14;15;16;17;18;19;20;21;22;23;24;25,0;1;2;3;4;5;6;7;8;9;10;11;12;13;26;27,4,12,12
controlled-629,controlled,hit_25,lead_1/rep_9,10,0,0,Oracle,1.0,0.0,128,10;11;12;13;14;15;16;17;18;19;20;21;22;23;24;25,10;11;12;13;14;15;16;17;18;19;20;21;22;23;24;25,16,0,0
controlled-630,controlled,hit_25,lead_1/rep_10,11,0,0,No-Selected-Prefetch,1.0,0.0,128,10;11;12;13;14;15;16;17;18;19;20;21;22;23;24;25,,0,0,16
controlled-631,controlled,hit_25,lead_1/rep_10,11,0,0,History-Last1,1.0,0.0,128,10;11;12;13;14;15;16;17;18;19;20;21;22;23;24;25,0;1;2;3;4;5;6;7;8;9;10;11;12;13;26;27,4,12,12
controlled-632,controlled,hit_25,lead_1/rep_10,11,0,0,Oracle,1.0,0.0,128,10;11;12;13;14;15;16;17;18;19;20;21;22;23;24;25,10;11;12;13;14;15;16;17;18;19;20;21;22;23;24;25,16,0,0
controlled-633,controlled,hit_25,lead_1/rep_11,12,0,0,No-Selected-Prefetch,1.0,0.0,128,10;11;12;13;14;15;16;17;18;19;20;21;22;23;24;25,,0,0,16
controlled-634,controlled,hit_25,lead_1/rep_11,12,0,0,History-Last1,1.0,0.0,128,10;11;12;13;14;15;16;17;18;19;20;21;22;23;24;25,0;1;2;3;4;5;6;7;8;9;10;11;12;13;26;27,4,12,12
controlled-635,controlled,hit_25,lead_1/rep_11,12,0,0,Oracle,1.0,0.0,128,10;11;12;13;14;15;16;17;18;19;20;21;22;23;24;25,10;11;12;13;14;15;16;17;18;19;20;21;22;23;24;25,16,0,0
controlled-636,controlled,hit_25,lead_1/rep_12,13,0,0,No-Selected-Prefetch,1.0,0.0,128,10;11;12;13;14;15;16;17;18;19;20;21;22;23;24;25,,0,0,16
controlled-637,controlled,hit_25,lead_1/rep_12,13,0,0,History-Last1,1.0,0.0,128,10;11;12;13;14;15;16;17;18;19;20;21;22;23;24;25,0;1;2;3;4;5;6;7;8;9;10;11;12;13;26;27,4,12,12
controlled-638,controlled,hit_25,lead_1/rep_12,13,0,0,Oracle,1.0,0.0,128,10;11;12;13;14;15;16;17;18;19;20;21;22;23;24;25,10;11;12;13;14;15;16;17;18;19;20;21;22;23;24;25,16,0,0
controlled-639,controlled,hit_25,lead_1/rep_13,14,0,0,No-Selected-Prefetch,1.0,0.0,128,10;11;12;13;14;15;16;17;18;19;20;21;22;23;24;25,,0,0,16
controlled-640,controlled,hit_25,lead_1/rep_13,14,0,0,History-Last1,1.0,0.0,128,10;11;12;13;14;15;16;17;18;19;20;21;22;23;24;25,0;1;2;3;4;5;6;7;8;9;10;11;12;13;26;27,4,12,12
controlled-641,controlled,hit_25,lead_1/rep_13,14,0,0,Oracle,1.0,0.0,128,10;11;12;13;14;15;16;17;18;19;20;21;22;23;24;25,10;11;12;13;14;15;16;17;18;19;20;21;22;23;24;25,16,0,0
controlled-642,controlled,hit_25,lead_1/rep_14,15,0,0,No-Selected-Prefetch,1.0,0.0,128,10;11;12;13;14;15;16;17;18;19;20;21;22;23;24;25,,0,0,16
controlled-643,controlled,hit_25,lead_1/rep_14,15,0,0,History-Last1,1.0,0.0,128,10;11;12;13;14;15;16;17;18;19;20;21;22;23;24;25,0;1;2;3;4;5;6;7;8;9;10;11;12;13;26;27,4,12,12
controlled-644,controlled,hit_25,lead_1/rep_14,15,0,0,Oracle,1.0,0.0,128,10;11;12;13;14;15;16;17;18;19;20;21;22;23;24;25,10;11;12;13;14;15;16;17;18;19;20;21;22;23;24;25,16,0,0
controlled-645,controlled,hit_25,lead_1/rep_15,16,0,0,No-Selected-Prefetch,1.0,0.0,128,10;11;12;13;14;15;16;17;18;19;20;21;22;23;24;25,,0,0,16
controlled-646,controlled,hit_25,lead_1/rep_15,16,0,0,History-Last1,1.0,0.0,128,10;11;12;13;14;15;16;17;18;19;20;21;22;23;24;25,0;1;2;3;4;5;6;7;8;9;10;11;12;13;26;27,4,12,12
controlled-647,controlled,hit_25,lead_1/rep_15,16,0,0,Oracle,1.0,0.0,128,10;11;12;13;14;15;16;17;18;19;20;21;22;23;24;25,10;11;12;13;14;15;16;17;18;19;20;21;22;23;24;25,16,0,0
controlled-648,controlled,hit_25,lead_1/rep_16,17,0,0,No-Selected-Prefetch,1.0,0.0,128,10;11;12;13;14;15;16;17;18;19;20;21;22;23;24;25,,0,0,16
controlled-649,controlled,hit_25,lead_1/rep_16,17,0,0,History-Last1,1.0,0.0,128,10;11;12;13;14;15;16;17;18;19;20;21;22;23;24;25,0;1;2;3;4;5;6;7;8;9;10;11;12;13;26;27,4,12,12
controlled-650,controlled,hit_25,lead_1/rep_16,17,0,0,Oracle,1.0,0.0,128,10;11;12;13;14;15;16;17;18;19;20;21;22;23;24;25,10;11;12;13;14;15;16;17;18;19;20;21;22;23;24;25,16,0,0
controlled-651,controlled,hit_25,lead_1/rep_17,18,0,0,No-Selected-Prefetch,1.0,0.0,128,10;11;12;13;14;15;16;17;18;19;20;21;22;23;24;25,,0,0,16
controlled-652,controlled,hit_25,lead_1/rep_17,18,0,0,History-Last1,1.0,0.0,128,10;11;12;13;14;15;16;17;18;19;20;21;22;23;24;25,0;1;2;3;4;5;6;7;8;9;10;11;12;13;26;27,4,12,12
controlled-653,controlled,hit_25,lead_1/rep_17,18,0,0,Oracle,1.0,0.0,128,10;11;12;13;14;15;16;17;18;19;20;21;22;23;24;25,10;11;12;13;14;15;16;17;18;19;20;21;22;23;24;25,16,0,0
controlled-654,controlled,hit_25,lead_1/rep_18,19,0,0,No-Selected-Prefetch,1.0,0.0,128,10;11;12;13;14;15;16;17;18;19;20;21;22;23;24;25,,0,0,16
controlled-655,controlled,hit_25,lead_1/rep_18,19,0,0,History-Last1,1.0,0.0,128,10;11;12;13;14;15;16;17;18;19;20;21;22;23;24;25,0;1;2;3;4;5;6;7;8;9;10;11;12;13;26;27,4,12,12
controlled-656,controlled,hit_25,lead_1/rep_18,19,0,0,Oracle,1.0,0.0,128,10;11;12;13;14;15;16;17;18;19;20;21;22;23;24;25,10;11;12;13;14;15;16;17;18;19;20;21;22;23;24;25,16,0,0
controlled-657,controlled,hit_25,lead_1/rep_19,20,0,0,No-Selected-Prefetch,1.0,0.0,128,10;11;12;13;14;15;16;17;18;19;20;21;22;23;24;25,,0,0,16
controlled-658,controlled,hit_25,lead_1/rep_19,20,0,0,History-Last1,1.0,0.0,128,10;11;12;13;14;15;16;17;18;19;20;21;22;23;24;25,0;1;2;3;4;5;6;7;8;9;10;11;12;13;26;27,4,12,12
controlled-659,controlled,hit_25,lead_1/rep_19,20,0,0,Oracle,1.0,0.0,128,10;11;12;13;14;15;16;17;18;19;20;21;22;23;24;25,10;11;12;13;14;15;16;17;18;19;20;21;22;23;24;25,16,0,0
controlled-660,controlled,hit_25,lead_2/rep_0,1,0,0,No-Selected-Prefetch,2.0,0.0,128,10;11;12;13;14;15;16;17;18;19;20;21;22;23;24;25,,0,0,16
controlled-661,controlled,hit_25,lead_2/rep_0,1,0,0,History-Last1,2.0,0.0,128,10;11;12;13;14;15;16;17;18;19;20;21;22;23;24;25,0;1;2;3;4;5;6;7;8;9;10;11;12;13;26;27,4,12,12
controlled-662,controlled,hit_25,lead_2/rep_0,1,0,0,Oracle,2.0,0.0,128,10;11;12;13;14;15;16;17;18;19;20;21;22;23;24;25,10;11;12;13;14;15;16;17;18;19;20;21;22;23;24;25,16,0,0
controlled-663,controlled,hit_25,lead_2/rep_1,2,0,0,No-Selected-Prefetch,2.0,0.0,128,10;11;12;13;14;15;16;17;18;19;20;21;22;23;24;25,,0,0,16
controlled-664,controlled,hit_25,lead_2/rep_1,2,0,0,History-Last1,2.0,0.0,128,10;11;12;13;14;15;16;17;18;19;20;21;22;23;24;25,0;1;2;3;4;5;6;7;8;9;10;11;12;13;26;27,4,12,12
controlled-665,controlled,hit_25,lead_2/rep_1,2,0,0,Oracle,2.0,0.0,128,10;11;12;13;14;15;16;17;18;19;20;21;22;23;24;25,10;11;12;13;14;15;16;17;18;19;20;21;22;23;24;25,16,0,0
controlled-666,controlled,hit_25,lead_2/rep_2,3,0,0,No-Selected-Prefetch,2.0,0.0,128,10;11;12;13;14;15;16;17;18;19;20;21;22;23;24;25,,0,0,16
controlled-667,controlled,hit_25,lead_2/rep_2,3,0,0,History-Last1,2.0,0.0,128,10;11;12;13;14;15;16;17;18;19;20;21;22;23;24;25,0;1;2;3;4;5;6;7;8;9;10;11;12;13;26;27,4,12,12
controlled-668,controlled,hit_25,lead_2/rep_2,3,0,0,Oracle,2.0,0.0,128,10;11;12;13;14;15;16;17;18;19;20;21;22;23;24;25,10;11;12;13;14;15;16;17;18;19;20;21;22;23;24;25,16,0,0
controlled-669,controlled,hit_25,lead_2/rep_3,4,0,0,No-Selected-Prefetch,2.0,0.0,128,10;11;12;13;14;15;16;17;18;19;20;21;22;23;24;25,,0,0,16
controlled-670,controlled,hit_25,lead_2/rep_3,4,0,0,History-Last1,2.0,0.0,128,10;11;12;13;14;15;16;17;18;19;20;21;22;23;24;25,0;1;2;3;4;5;6;7;8;9;10;11;12;13;26;27,4,12,12
controlled-671,controlled,hit_25,lead_2/rep_3,4,0,0,Oracle,2.0,0.0,128,10;11;12;13;14;15;16;17;18;19;20;21;22;23;24;25,10;11;12;13;14;15;16;17;18;19;20;21;22;23;24;25,16,0,0
controlled-672,controlled,hit_25,lead_2/rep_4,5,0,0,No-Selected-Prefetch,2.0,0.0,128,10;11;12;13;14;15;16;17;18;19;20;21;22;23;24;25,,0,0,16
controlled-673,controlled,hit_25,lead_2/rep_4,5,0,0,History-Last1,2.0,0.0,128,10;11;12;13;14;15;16;17;18;19;20;21;22;23;24;25,0;1;2;3;4;5;6;7;8;9;10;11;12;13;26;27,4,12,12
controlled-674,controlled,hit_25,lead_2/rep_4,5,0,0,Oracle,2.0,0.0,128,10;11;12;13;14;15;16;17;18;19;20;21;22;23;24;25,10;11;12;13;14;15;16;17;18;19;20;21;22;23;24;25,16,0,0
controlled-675,controlled,hit_25,lead_2/rep_5,6,0,0,No-Selected-Prefetch,2.0,0.0,128,10;11;12;13;14;15;16;17;18;19;20;21;22;23;24;25,,0,0,16
controlled-676,controlled,hit_25,lead_2/rep_5,6,0,0,History-Last1,2.0,0.0,128,10;11;12;13;14;15;16;17;18;19;20;21;22;23;24;25,0;1;2;3;4;5;6;7;8;9;10;11;12;13;26;27,4,12,12
controlled-677,controlled,hit_25,lead_2/rep_5,6,0,0,Oracle,2.0,0.0,128,10;11;12;13;14;15;16;17;18;19;20;21;22;23;24;25,10;11;12;13;14;15;16;17;18;19;20;21;22;23;24;25,16,0,0
controlled-678,controlled,hit_25,lead_2/rep_6,7,0,0,No-Selected-Prefetch,2.0,0.0,128,10;11;12;13;14;15;16;17;18;19;20;21;22;23;24;25,,0,0,16
controlled-679,controlled,hit_25,lead_2/rep_6,7,0,0,History-Last1,2.0,0.0,128,10;11;12;13;14;15;16;17;18;19;20;21;22;23;24;25,0;1;2;3;4;5;6;7;8;9;10;11;12;13;26;27,4,12,12
controlled-680,controlled,hit_25,lead_2/rep_6,7,0,0,Oracle,2.0,0.0,128,10;11;12;13;14;15;16;17;18;19;20;21;22;23;24;25,10;11;12;13;14;15;16;17;18;19;20;21;22;23;24;25,16,0,0
controlled-681,controlled,hit_25,lead_2/rep_7,8,0,0,No-Selected-Prefetch,2.0,0.0,128,10;11;12;13;14;15;16;17;18;19;20;21;22;23;24;25,,0,0,16
controlled-682,controlled,hit_25,lead_2/rep_7,8,0,0,History-Last1,2.0,0.0,128,10;11;12;13;14;15;16;17;18;19;20;21;22;23;24;25,0;1;2;3;4;5;6;7;8;9;10;11;12;13;26;27,4,12,12
controlled-683,controlled,hit_25,lead_2/rep_7,8,0,0,Oracle,2.0,0.0,128,10;11;12;13;14;15;16;17;18;19;20;21;22;23;24;25,10;11;12;13;14;15;16;17;18;19;20;21;22;23;24;25,16,0,0
controlled-684,controlled,hit_25,lead_2/rep_8,9,0,0,No-Selected-Prefetch,2.0,0.0,128,10;11;12;13;14;15;16;17;18;19;20;21;22;23;24;25,,0,0,16
controlled-685,controlled,hit_25,lead_2/rep_8,9,0,0,History-Last1,2.0,0.0,128,10;11;12;13;14;15;16;17;18;19;20;21;22;23;24;25,0;1;2;3;4;5;6;7;8;9;10;11;12;13;26;27,4,12,12
controlled-686,controlled,hit_25,lead_2/rep_8,9,0,0,Oracle,2.0,0.0,128,10;11;12;13;14;15;16;17;18;19;20;21;22;23;24;25,10;11;12;13;14;15;16;17;18;19;20;21;22;23;24;25,16,0,0
controlled-687,controlled,hit_25,lead_2/rep_9,10,0,0,No-Selected-Prefetch,2.0,0.0,128,10;11;12;13;14;15;16;17;18;19;20;21;22;23;24;25,,0,0,16
controlled-688,controlled,hit_25,lead_2/rep_9,10,0,0,History-Last1,2.0,0.0,128,10;11;12;13;14;15;16;17;18;19;20;21;22;23;24;25,0;1;2;3;4;5;6;7;8;9;10;11;12;13;26;27,4,12,12
controlled-689,controlled,hit_25,lead_2/rep_9,10,0,0,Oracle,2.0,0.0,128,10;11;12;13;14;15;16;17;18;19;20;21;22;23;24;25,10;11;12;13;14;15;16;17;18;19;20;21;22;23;24;25,16,0,0
controlled-690,controlled,hit_25,lead_2/rep_10,11,0,0,No-Selected-Prefetch,2.0,0.0,128,10;11;12;13;14;15;16;17;18;19;20;21;22;23;24;25,,0,0,16
controlled-691,controlled,hit_25,lead_2/rep_10,11,0,0,History-Last1,2.0,0.0,128,10;11;12;13;14;15;16;17;18;19;20;21;22;23;24;25,0;1;2;3;4;5;6;7;8;9;10;11;12;13;26;27,4,12,12
controlled-692,controlled,hit_25,lead_2/rep_10,11,0,0,Oracle,2.0,0.0,128,10;11;12;13;14;15;16;17;18;19;20;21;22;23;24;25,10;11;12;13;14;15;16;17;18;19;20;21;22;23;24;25,16,0,0
controlled-693,controlled,hit_25,lead_2/rep_11,12,0,0,No-Selected-Prefetch,2.0,0.0,128,10;11;12;13;14;15;16;17;18;19;20;21;22;23;24;25,,0,0,16
controlled-694,controlled,hit_25,lead_2/rep_11,12,0,0,History-Last1,2.0,0.0,128,10;11;12;13;14;15;16;17;18;19;20;21;22;23;24;25,0;1;2;3;4;5;6;7;8;9;10;11;12;13;26;27,4,12,12
controlled-695,controlled,hit_25,lead_2/rep_11,12,0,0,Oracle,2.0,0.0,128,10;11;12;13;14;15;16;17;18;19;20;21;22;23;24;25,10;11;12;13;14;15;16;17;18;19;20;21;22;23;24;25,16,0,0
controlled-696,controlled,hit_25,lead_2/rep_12,13,0,0,No-Selected-Prefetch,2.0,0.0,128,10;11;12;13;14;15;16;17;18;19;20;21;22;23;24;25,,0,0,16
controlled-697,controlled,hit_25,lead_2/rep_12,13,0,0,History-Last1,2.0,0.0,128,10;11;12;13;14;15;16;17;18;19;20;21;22;23;24;25,0;1;2;3;4;5;6;7;8;9;10;11;12;13;26;27,4,12,12
controlled-698,controlled,hit_25,lead_2/rep_12,13,0,0,Oracle,2.0,0.0,128,10;11;12;13;14;15;16;17;18;19;20;21;22;23;24;25,10;11;12;13;14;15;16;17;18;19;20;21;22;23;24;25,16,0,0
controlled-699,controlled,hit_25,lead_2/rep_13,14,0,0,No-Selected-Prefetch,2.0,0.0,128,10;11;12;13;14;15;16;17;18;19;20;21;22;23;24;25,,0,0,16
controlled-700,controlled,hit_25,lead_2/rep_13,14,0,0,History-Last1,2.0,0.0,128,10;11;12;13;14;15;16;17;18;19;20;21;22;23;24;25,0;1;2;3;4;5;6;7;8;9;10;11;12;13;26;27,4,12,12
controlled-701,controlled,hit_25,lead_2/rep_13,14,0,0,Oracle,2.0,0.0,128,10;11;12;13;14;15;16;17;18;19;20;21;22;23;24;25,10;11;12;13;14;15;16;17;18;19;20;21;22;23;24;25,16,0,0
controlled-702,controlled,hit_25,lead_2/rep_14,15,0,0,No-Selected-Prefetch,2.0,0.0,128,10;11;12;13;14;15;16;17;18;19;20;21;22;23;24;25,,0,0,16
controlled-703,controlled,hit_25,lead_2/rep_14,15,0,0,History-Last1,2.0,0.0,128,10;11;12;13;14;15;16;17;18;19;20;21;22;23;24;25,0;1;2;3;4;5;6;7;8;9;10;11;12;13;26;27,4,12,12
controlled-704,controlled,hit_25,lead_2/rep_14,15,0,0,Oracle,2.0,0.0,128,10;11;12;13;14;15;16;17;18;19;20;21;22;23;24;25,10;11;12;13;14;15;16;17;18;19;20;21;22;23;24;25,16,0,0
controlled-705,controlled,hit_25,lead_2/rep_15,16,0,0,No-Selected-Prefetch,2.0,0.0,128,10;11;12;13;14;15;16;17;18;19;20;21;22;23;24;25,,0,0,16
controlled-706,controlled,hit_25,lead_2/rep_15,16,0,0,History-Last1,2.0,0.0,128,10;11;12;13;14;15;16;17;18;19;20;21;22;23;24;25,0;1;2;3;4;5;6;7;8;9;10;11;12;13;26;27,4,12,12
controlled-707,controlled,hit_25,lead_2/rep_15,16,0,0,Oracle,2.0,0.0,128,10;11;12;13;14;15;16;17;18;19;20;21;22;23;24;25,10;11;12;13;14;15;16;17;18;19;20;21;22;23;24;25,16,0,0
controlled-708,controlled,hit_25,lead_2/rep_16,17,0,0,No-Selected-Prefetch,2.0,0.0,128,10;11;12;13;14;15;16;17;18;19;20;21;22;23;24;25,,0,0,16
controlled-709,controlled,hit_25,lead_2/rep_16,17,0,0,History-Last1,2.0,0.0,128,10;11;12;13;14;15;16;17;18;19;20;21;22;23;24;25,0;1;2;3;4;5;6;7;8;9;10;11;12;13;26;27,4,12,12
controlled-710,controlled,hit_25,lead_2/rep_16,17,0,0,Oracle,2.0,0.0,128,10;11;12;13;14;15;16;17;18;19;20;21;22;23;24;25,10;11;12;13;14;15;16;17;18;19;20;21;22;23;24;25,16,0,0
controlled-711,controlled,hit_25,lead_2/rep_17,18,0,0,No-Selected-Prefetch,2.0,0.0,128,10;11;12;13;14;15;16;17;18;19;20;21;22;23;24;25,,0,0,16
controlled-712,controlled,hit_25,lead_2/rep_17,18,0,0,History-Last1,2.0,0.0,128,10;11;12;13;14;15;16;17;18;19;20;21;22;23;24;25,0;1;2;3;4;5;6;7;8;9;10;11;12;13;26;27,4,12,12
controlled-713,controlled,hit_25,lead_2/rep_17,18,0,0,Oracle,2.0,0.0,128,10;11;12;13;14;15;16;17;18;19;20;21;22;23;24;25,10;11;12;13;14;15;16;17;18;19;20;21;22;23;24;25,16,0,0
controlled-714,controlled,hit_25,lead_2/rep_18,19,0,0,No-Selected-Prefetch,2.0,0.0,128,10;11;12;13;14;15;16;17;18;19;20;21;22;23;24;25,,0,0,16
controlled-715,controlled,hit_25,lead_2/rep_18,19,0,0,History-Last1,2.0,0.0,128,10;11;12;13;14;15;16;17;18;19;20;21;22;23;24;25,0;1;2;3;4;5;6;7;8;9;10;11;12;13;26;27,4,12,12
controlled-716,controlled,hit_25,lead_2/rep_18,19,0,0,Oracle,2.0,0.0,128,10;11;12;13;14;15;16;17;18;19;20;21;22;23;24;25,10;11;12;13;14;15;16;17;18;19;20;21;22;23;24;25,16,0,0
controlled-717,controlled,hit_25,lead_2/rep_19,20,0,0,No-Selected-Prefetch,2.0,0.0,128,10;11;12;13;14;15;16;17;18;19;20;21;22;23;24;25,,0,0,16
controlled-718,controlled,hit_25,lead_2/rep_19,20,0,0,History-Last1,2.0,0.0,128,10;11;12;13;14;15;16;17;18;19;20;21;22;23;24;25,0;1;2;3;4;5;6;7;8;9;10;11;12;13;26;27,4,12,12
controlled-719,controlled,hit_25,lead_2/rep_19,20,0,0,Oracle,2.0,0.0,128,10;11;12;13;14;15;16;17;18;19;20;21;22;23;24;25,10;11;12;13;14;15;16;17;18;19;20;21;22;23;24;25,16,0,0
controlled-720,controlled,hit_25,lead_4/rep_0,1,0,0,No-Selected-Prefetch,4.0,0.0,128,10;11;12;13;14;15;16;17;18;19;20;21;22;23;24;25,,0,0,16
controlled-721,controlled,hit_25,lead_4/rep_0,1,0,0,History-Last1,4.0,0.0,128,10;11;12;13;14;15;16;17;18;19;20;21;22;23;24;25,0;1;2;3;4;5;6;7;8;9;10;11;12;13;26;27,4,12,12
controlled-722,controlled,hit_25,lead_4/rep_0,1,0,0,Oracle,4.0,0.0,128,10;11;12;13;14;15;16;17;18;19;20;21;22;23;24;25,10;11;12;13;14;15;16;17;18;19;20;21;22;23;24;25,16,0,0
controlled-723,controlled,hit_25,lead_4/rep_1,2,0,0,No-Selected-Prefetch,4.0,0.0,128,10;11;12;13;14;15;16;17;18;19;20;21;22;23;24;25,,0,0,16
controlled-724,controlled,hit_25,lead_4/rep_1,2,0,0,History-Last1,4.0,0.0,128,10;11;12;13;14;15;16;17;18;19;20;21;22;23;24;25,0;1;2;3;4;5;6;7;8;9;10;11;12;13;26;27,4,12,12
controlled-725,controlled,hit_25,lead_4/rep_1,2,0,0,Oracle,4.0,0.0,128,10;11;12;13;14;15;16;17;18;19;20;21;22;23;24;25,10;11;12;13;14;15;16;17;18;19;20;21;22;23;24;25,16,0,0
controlled-726,controlled,hit_25,lead_4/rep_2,3,0,0,No-Selected-Prefetch,4.0,0.0,128,10;11;12;13;14;15;16;17;18;19;20;21;22;23;24;25,,0,0,16
controlled-727,controlled,hit_25,lead_4/rep_2,3,0,0,History-Last1,4.0,0.0,128,10;11;12;13;14;15;16;17;18;19;20;21;22;23;24;25,0;1;2;3;4;5;6;7;8;9;10;11;12;13;26;27,4,12,12
controlled-728,controlled,hit_25,lead_4/rep_2,3,0,0,Oracle,4.0,0.0,128,10;11;12;13;14;15;16;17;18;19;20;21;22;23;24;25,10;11;12;13;14;15;16;17;18;19;20;21;22;23;24;25,16,0,0
controlled-729,controlled,hit_25,lead_4/rep_3,4,0,0,No-Selected-Prefetch,4.0,0.0,128,10;11;12;13;14;15;16;17;18;19;20;21;22;23;24;25,,0,0,16
controlled-730,controlled,hit_25,lead_4/rep_3,4,0,0,History-Last1,4.0,0.0,128,10;11;12;13;14;15;16;17;18;19;20;21;22;23;24;25,0;1;2;3;4;5;6;7;8;9;10;11;12;13;26;27,4,12,12
controlled-731,controlled,hit_25,lead_4/rep_3,4,0,0,Oracle,4.0,0.0,128,10;11;12;13;14;15;16;17;18;19;20;21;22;23;24;25,10;11;12;13;14;15;16;17;18;19;20;21;22;23;24;25,16,0,0
controlled-732,controlled,hit_25,lead_4/rep_4,5,0,0,No-Selected-Prefetch,4.0,0.0,128,10;11;12;13;14;15;16;17;18;19;20;21;22;23;24;25,,0,0,16
controlled-733,controlled,hit_25,lead_4/rep_4,5,0,0,History-Last1,4.0,0.0,128,10;11;12;13;14;15;16;17;18;19;20;21;22;23;24;25,0;1;2;3;4;5;6;7;8;9;10;11;12;13;26;27,4,12,12
controlled-734,controlled,hit_25,lead_4/rep_4,5,0,0,Oracle,4.0,0.0,128,10;11;12;13;14;15;16;17;18;19;20;21;22;23;24;25,10;11;12;13;14;15;16;17;18;19;20;21;22;23;24;25,16,0,0
controlled-735,controlled,hit_25,lead_4/rep_5,6,0,0,No-Selected-Prefetch,4.0,0.0,128,10;11;12;13;14;15;16;17;18;19;20;21;22;23;24;25,,0,0,16
controlled-736,controlled,hit_25,lead_4/rep_5,6,0,0,History-Last1,4.0,0.0,128,10;11;12;13;14;15;16;17;18;19;20;21;22;23;24;25,0;1;2;3;4;5;6;7;8;9;10;11;12;13;26;27,4,12,12
controlled-737,controlled,hit_25,lead_4/rep_5,6,0,0,Oracle,4.0,0.0,128,10;11;12;13;14;15;16;17;18;19;20;21;22;23;24;25,10;11;12;13;14;15;16;17;18;19;20;21;22;23;24;25,16,0,0
controlled-738,controlled,hit_25,lead_4/rep_6,7,0,0,No-Selected-Prefetch,4.0,0.0,128,10;11;12;13;14;15;16;17;18;19;20;21;22;23;24;25,,0,0,16
controlled-739,controlled,hit_25,lead_4/rep_6,7,0,0,History-Last1,4.0,0.0,128,10;11;12;13;14;15;16;17;18;19;20;21;22;23;24;25,0;1;2;3;4;5;6;7;8;9;10;11;12;13;26;27,4,12,12
controlled-740,controlled,hit_25,lead_4/rep_6,7,0,0,Oracle,4.0,0.0,128,10;11;12;13;14;15;16;17;18;19;20;21;22;23;24;25,10;11;12;13;14;15;16;17;18;19;20;21;22;23;24;25,16,0,0
controlled-741,controlled,hit_25,lead_4/rep_7,8,0,0,No-Selected-Prefetch,4.0,0.0,128,10;11;12;13;14;15;16;17;18;19;20;21;22;23;24;25,,0,0,16
controlled-742,controlled,hit_25,lead_4/rep_7,8,0,0,History-Last1,4.0,0.0,128,10;11;12;13;14;15;16;17;18;19;20;21;22;23;24;25,0;1;2;3;4;5;6;7;8;9;10;11;12;13;26;27,4,12,12
controlled-743,controlled,hit_25,lead_4/rep_7,8,0,0,Oracle,4.0,0.0,128,10;11;12;13;14;15;16;17;18;19;20;21;22;23;24;25,10;11;12;13;14;15;16;17;18;19;20;21;22;23;24;25,16,0,0
controlled-744,controlled,hit_25,lead_4/rep_8,9,0,0,No-Selected-Prefetch,4.0,0.0,128,10;11;12;13;14;15;16;17;18;19;20;21;22;23;24;25,,0,0,16
controlled-745,controlled,hit_25,lead_4/rep_8,9,0,0,History-Last1,4.0,0.0,128,10;11;12;13;14;15;16;17;18;19;20;21;22;23;24;25,0;1;2;3;4;5;6;7;8;9;10;11;12;13;26;27,4,12,12
controlled-746,controlled,hit_25,lead_4/rep_8,9,0,0,Oracle,4.0,0.0,128,10;11;12;13;14;15;16;17;18;19;20;21;22;23;24;25,10;11;12;13;14;15;16;17;18;19;20;21;22;23;24;25,16,0,0
controlled-747,controlled,hit_25,lead_4/rep_9,10,0,0,No-Selected-Prefetch,4.0,0.0,128,10;11;12;13;14;15;16;17;18;19;20;21;22;23;24;25,,0,0,16
controlled-748,controlled,hit_25,lead_4/rep_9,10,0,0,History-Last1,4.0,0.0,128,10;11;12;13;14;15;16;17;18;19;20;21;22;23;24;25,0;1;2;3;4;5;6;7;8;9;10;11;12;13;26;27,4,12,12
controlled-749,controlled,hit_25,lead_4/rep_9,10,0,0,Oracle,4.0,0.0,128,10;11;12;13;14;15;16;17;18;19;20;21;22;23;24;25,10;11;12;13;14;15;16;17;18;19;20;21;22;23;24;25,16,0,0
controlled-750,controlled,hit_25,lead_4/rep_10,11,0,0,No-Selected-Prefetch,4.0,0.0,128,10;11;12;13;14;15;16;17;18;19;20;21;22;23;24;25,,0,0,16
controlled-751,controlled,hit_25,lead_4/rep_10,11,0,0,History-Last1,4.0,0.0,128,10;11;12;13;14;15;16;17;18;19;20;21;22;23;24;25,0;1;2;3;4;5;6;7;8;9;10;11;12;13;26;27,4,12,12
controlled-752,controlled,hit_25,lead_4/rep_10,11,0,0,Oracle,4.0,0.0,128,10;11;12;13;14;15;16;17;18;19;20;21;22;23;24;25,10;11;12;13;14;15;16;17;18;19;20;21;22;23;24;25,16,0,0
controlled-753,controlled,hit_25,lead_4/rep_11,12,0,0,No-Selected-Prefetch,4.0,0.0,128,10;11;12;13;14;15;16;17;18;19;20;21;22;23;24;25,,0,0,16
controlled-754,controlled,hit_25,lead_4/rep_11,12,0,0,History-Last1,4.0,0.0,128,10;11;12;13;14;15;16;17;18;19;20;21;22;23;24;25,0;1;2;3;4;5;6;7;8;9;10;11;12;13;26;27,4,12,12
controlled-755,controlled,hit_25,lead_4/rep_11,12,0,0,Oracle,4.0,0.0,128,10;11;12;13;14;15;16;17;18;19;20;21;22;23;24;25,10;11;12;13;14;15;16;17;18;19;20;21;22;23;24;25,16,0,0
controlled-756,controlled,hit_25,lead_4/rep_12,13,0,0,No-Selected-Prefetch,4.0,0.0,128,10;11;12;13;14;15;16;17;18;19;20;21;22;23;24;25,,0,0,16
controlled-757,controlled,hit_25,lead_4/rep_12,13,0,0,History-Last1,4.0,0.0,128,10;11;12;13;14;15;16;17;18;19;20;21;22;23;24;25,0;1;2;3;4;5;6;7;8;9;10;11;12;13;26;27,4,12,12
controlled-758,controlled,hit_25,lead_4/rep_12,13,0,0,Oracle,4.0,0.0,128,10;11;12;13;14;15;16;17;18;19;20;21;22;23;24;25,10;11;12;13;14;15;16;17;18;19;20;21;22;23;24;25,16,0,0
controlled-759,controlled,hit_25,lead_4/rep_13,14,0,0,No-Selected-Prefetch,4.0,0.0,128,10;11;12;13;14;15;16;17;18;19;20;21;22;23;24;25,,0,0,16
controlled-760,controlled,hit_25,lead_4/rep_13,14,0,0,History-Last1,4.0,0.0,128,10;11;12;13;14;15;16;17;18;19;20;21;22;23;24;25,0;1;2;3;4;5;6;7;8;9;10;11;12;13;26;27,4,12,12
controlled-761,controlled,hit_25,lead_4/rep_13,14,0,0,Oracle,4.0,0.0,128,10;11;12;13;14;15;16;17;18;19;20;21;22;23;24;25,10;11;12;13;14;15;16;17;18;19;20;21;22;23;24;25,16,0,0
controlled-762,controlled,hit_25,lead_4/rep_14,15,0,0,No-Selected-Prefetch,4.0,0.0,128,10;11;12;13;14;15;16;17;18;19;20;21;22;23;24;25,,0,0,16
controlled-763,controlled,hit_25,lead_4/rep_14,15,0,0,History-Last1,4.0,0.0,128,10;11;12;13;14;15;16;17;18;19;20;21;22;23;24;25,0;1;2;3;4;5;6;7;8;9;10;11;12;13;26;27,4,12,12
controlled-764,controlled,hit_25,lead_4/rep_14,15,0,0,Oracle,4.0,0.0,128,10;11;12;13;14;15;16;17;18;19;20;21;22;23;24;25,10;11;12;13;14;15;16;17;18;19;20;21;22;23;24;25,16,0,0
controlled-765,controlled,hit_25,lead_4/rep_15,16,0,0,No-Selected-Prefetch,4.0,0.0,128,10;11;12;13;14;15;16;17;18;19;20;21;22;23;24;25,,0,0,16
controlled-766,controlled,hit_25,lead_4/rep_15,16,0,0,History-Last1,4.0,0.0,128,10;11;12;13;14;15;16;17;18;19;20;21;22;23;24;25,0;1;2;3;4;5;6;7;8;9;10;11;12;13;26;27,4,12,12
controlled-767,controlled,hit_25,lead_4/rep_15,16,0,0,Oracle,4.0,0.0,128,10;11;12;13;14;15;16;17;18;19;20;21;22;23;24;25,10;11;12;13;14;15;16;17;18;19;20;21;22;23;24;25,16,0,0
controlled-768,controlled,hit_25,lead_4/rep_16,17,0,0,No-Selected-Prefetch,4.0,0.0,128,10;11;12;13;14;15;16;17;18;19;20;21;22;23;24;25,,0,0,16
controlled-769,controlled,hit_25,lead_4/rep_16,17,0,0,History-Last1,4.0,0.0,128,10;11;12;13;14;15;16;17;18;19;20;21;22;23;24;25,0;1;2;3;4;5;6;7;8;9;10;11;12;13;26;27,4,12,12
controlled-770,controlled,hit_25,lead_4/rep_16,17,0,0,Oracle,4.0,0.0,128,10;11;12;13;14;15;16;17;18;19;20;21;22;23;24;25,10;11;12;13;14;15;16;17;18;19;20;21;22;23;24;25,16,0,0
controlled-771,controlled,hit_25,lead_4/rep_17,18,0,0,No-Selected-Prefetch,4.0,0.0,128,10;11;12;13;14;15;16;17;18;19;20;21;22;23;24;25,,0,0,16
controlled-772,controlled,hit_25,lead_4/rep_17,18,0,0,History-Last1,4.0,0.0,128,10;11;12;13;14;15;16;17;18;19;20;21;22;23;24;25,0;1;2;3;4;5;6;7;8;9;10;11;12;13;26;27,4,12,12
controlled-773,controlled,hit_25,lead_4/rep_17,18,0,0,Oracle,4.0,0.0,128,10;11;12;13;14;15;16;17;18;19;20;21;22;23;24;25,10;11;12;13;14;15;16;17;18;19;20;21;22;23;24;25,16,0,0
controlled-774,controlled,hit_25,lead_4/rep_18,19,0,0,No-Selected-Prefetch,4.0,0.0,128,10;11;12;13;14;15;16;17;18;19;20;21;22;23;24;25,,0,0,16
controlled-775,controlled,hit_25,lead_4/rep_18,19,0,0,History-Last1,4.0,0.0,128,10;11;12;13;14;15;16;17;18;19;20;21;22;23;24;25,0;1;2;3;4;5;6;7;8;9;10;11;12;13;26;27,4,12,12
controlled-776,controlled,hit_25,lead_4/rep_18,19,0,0,Oracle,4.0,0.0,128,10;11;12;13;14;15;16;17;18;19;20;21;22;23;24;25,10;11;12;13;14;15;16;17;18;19;20;21;22;23;24;25,16,0,0
controlled-777,controlled,hit_25,lead_4/rep_19,20,0,0,No-Selected-Prefetch,4.0,0.0,128,10;11;12;13;14;15;16;17;18;19;20;21;22;23;24;25,,0,0,16
controlled-778,controlled,hit_25,lead_4/rep_19,20,0,0,History-Last1,4.0,0.0,128,10;11;12;13;14;15;16;17;18;19;20;21;22;23;24;25,0;1;2;3;4;5;6;7;8;9;10;11;12;13;26;27,4,12,12
controlled-779,controlled,hit_25,lead_4/rep_19,20,0,0,Oracle,4.0,0.0,128,10;11;12;13;14;15;16;17;18;19;20;21;22;23;24;25,10;11;12;13;14;15;16;17;18;19;20;21;22;23;24;25,16,0,0
controlled-780,controlled,hit_25,lead_8/rep_0,1,0,0,No-Selected-Prefetch,8.0,0.0,128,10;11;12;13;14;15;16;17;18;19;20;21;22;23;24;25,,0,0,16
controlled-781,controlled,hit_25,lead_8/rep_0,1,0,0,History-Last1,8.0,0.0,128,10;11;12;13;14;15;16;17;18;19;20;21;22;23;24;25,0;1;2;3;4;5;6;7;8;9;10;11;12;13;26;27,4,12,12
controlled-782,controlled,hit_25,lead_8/rep_0,1,0,0,Oracle,8.0,0.0,128,10;11;12;13;14;15;16;17;18;19;20;21;22;23;24;25,10;11;12;13;14;15;16;17;18;19;20;21;22;23;24;25,16,0,0
controlled-783,controlled,hit_25,lead_8/rep_1,2,0,0,No-Selected-Prefetch,8.0,0.0,128,10;11;12;13;14;15;16;17;18;19;20;21;22;23;24;25,,0,0,16
controlled-784,controlled,hit_25,lead_8/rep_1,2,0,0,History-Last1,8.0,0.0,128,10;11;12;13;14;15;16;17;18;19;20;21;22;23;24;25,0;1;2;3;4;5;6;7;8;9;10;11;12;13;26;27,4,12,12
controlled-785,controlled,hit_25,lead_8/rep_1,2,0,0,Oracle,8.0,0.0,128,10;11;12;13;14;15;16;17;18;19;20;21;22;23;24;25,10;11;12;13;14;15;16;17;18;19;20;21;22;23;24;25,16,0,0
controlled-786,controlled,hit_25,lead_8/rep_2,3,0,0,No-Selected-Prefetch,8.0,0.0,128,10;11;12;13;14;15;16;17;18;19;20;21;22;23;24;25,,0,0,16
controlled-787,controlled,hit_25,lead_8/rep_2,3,0,0,History-Last1,8.0,0.0,128,10;11;12;13;14;15;16;17;18;19;20;21;22;23;24;25,0;1;2;3;4;5;6;7;8;9;10;11;12;13;26;27,4,12,12
controlled-788,controlled,hit_25,lead_8/rep_2,3,0,0,Oracle,8.0,0.0,128,10;11;12;13;14;15;16;17;18;19;20;21;22;23;24;25,10;11;12;13;14;15;16;17;18;19;20;21;22;23;24;25,16,0,0
controlled-789,controlled,hit_25,lead_8/rep_3,4,0,0,No-Selected-Prefetch,8.0,0.0,128,10;11;12;13;14;15;16;17;18;19;20;21;22;23;24;25,,0,0,16
controlled-790,controlled,hit_25,lead_8/rep_3,4,0,0,History-Last1,8.0,0.0,128,10;11;12;13;14;15;16;17;18;19;20;21;22;23;24;25,0;1;2;3;4;5;6;7;8;9;10;11;12;13;26;27,4,12,12
controlled-791,controlled,hit_25,lead_8/rep_3,4,0,0,Oracle,8.0,0.0,128,10;11;12;13;14;15;16;17;18;19;20;21;22;23;24;25,10;11;12;13;14;15;16;17;18;19;20;21;22;23;24;25,16,0,0
controlled-792,controlled,hit_25,lead_8/rep_4,5,0,0,No-Selected-Prefetch,8.0,0.0,128,10;11;12;13;14;15;16;17;18;19;20;21;22;23;24;25,,0,0,16
controlled-793,controlled,hit_25,lead_8/rep_4,5,0,0,History-Last1,8.0,0.0,128,10;11;12;13;14;15;16;17;18;19;20;21;22;23;24;25,0;1;2;3;4;5;6;7;8;9;10;11;12;13;26;27,4,12,12
controlled-794,controlled,hit_25,lead_8/rep_4,5,0,0,Oracle,8.0,0.0,128,10;11;12;13;14;15;16;17;18;19;20;21;22;23;24;25,10;11;12;13;14;15;16;17;18;19;20;21;22;23;24;25,16,0,0
controlled-795,controlled,hit_25,lead_8/rep_5,6,0,0,No-Selected-Prefetch,8.0,0.0,128,10;11;12;13;14;15;16;17;18;19;20;21;22;23;24;25,,0,0,16
controlled-796,controlled,hit_25,lead_8/rep_5,6,0,0,History-Last1,8.0,0.0,128,10;11;12;13;14;15;16;17;18;19;20;21;22;23;24;25,0;1;2;3;4;5;6;7;8;9;10;11;12;13;26;27,4,12,12
controlled-797,controlled,hit_25,lead_8/rep_5,6,0,0,Oracle,8.0,0.0,128,10;11;12;13;14;15;16;17;18;19;20;21;22;23;24;25,10;11;12;13;14;15;16;17;18;19;20;21;22;23;24;25,16,0,0
controlled-798,controlled,hit_25,lead_8/rep_6,7,0,0,No-Selected-Prefetch,8.0,0.0,128,10;11;12;13;14;15;16;17;18;19;20;21;22;23;24;25,,0,0,16
controlled-799,controlled,hit_25,lead_8/rep_6,7,0,0,History-Last1,8.0,0.0,128,10;11;12;13;14;15;16;17;18;19;20;21;22;23;24;25,0;1;2;3;4;5;6;7;8;9;10;11;12;13;26;27,4,12,12
controlled-800,controlled,hit_25,lead_8/rep_6,7,0,0,Oracle,8.0,0.0,128,10;11;12;13;14;15;16;17;18;19;20;21;22;23;24;25,10;11;12;13;14;15;16;17;18;19;20;21;22;23;24;25,16,0,0
controlled-801,controlled,hit_25,lead_8/rep_7,8,0,0,No-Selected-Prefetch,8.0,0.0,128,10;11;12;13;14;15;16;17;18;19;20;21;22;23;24;25,,0,0,16
controlled-802,controlled,hit_25,lead_8/rep_7,8,0,0,History-Last1,8.0,0.0,128,10;11;12;13;14;15;16;17;18;19;20;21;22;23;24;25,0;1;2;3;4;5;6;7;8;9;10;11;12;13;26;27,4,12,12
controlled-803,controlled,hit_25,lead_8/rep_7,8,0,0,Oracle,8.0,0.0,128,10;11;12;13;14;15;16;17;18;19;20;21;22;23;24;25,10;11;12;13;14;15;16;17;18;19;20;21;22;23;24;25,16,0,0
controlled-804,controlled,hit_25,lead_8/rep_8,9,0,0,No-Selected-Prefetch,8.0,0.0,128,10;11;12;13;14;15;16;17;18;19;20;21;22;23;24;25,,0,0,16
controlled-805,controlled,hit_25,lead_8/rep_8,9,0,0,History-Last1,8.0,0.0,128,10;11;12;13;14;15;16;17;18;19;20;21;22;23;24;25,0;1;2;3;4;5;6;7;8;9;10;11;12;13;26;27,4,12,12
controlled-806,controlled,hit_25,lead_8/rep_8,9,0,0,Oracle,8.0,0.0,128,10;11;12;13;14;15;16;17;18;19;20;21;22;23;24;25,10;11;12;13;14;15;16;17;18;19;20;21;22;23;24;25,16,0,0
controlled-807,controlled,hit_25,lead_8/rep_9,10,0,0,No-Selected-Prefetch,8.0,0.0,128,10;11;12;13;14;15;16;17;18;19;20;21;22;23;24;25,,0,0,16
controlled-808,controlled,hit_25,lead_8/rep_9,10,0,0,History-Last1,8.0,0.0,128,10;11;12;13;14;15;16;17;18;19;20;21;22;23;24;25,0;1;2;3;4;5;6;7;8;9;10;11;12;13;26;27,4,12,12
controlled-809,controlled,hit_25,lead_8/rep_9,10,0,0,Oracle,8.0,0.0,128,10;11;12;13;14;15;16;17;18;19;20;21;22;23;24;25,10;11;12;13;14;15;16;17;18;19;20;21;22;23;24;25,16,0,0
controlled-810,controlled,hit_25,lead_8/rep_10,11,0,0,No-Selected-Prefetch,8.0,0.0,128,10;11;12;13;14;15;16;17;18;19;20;21;22;23;24;25,,0,0,16
controlled-811,controlled,hit_25,lead_8/rep_10,11,0,0,History-Last1,8.0,0.0,128,10;11;12;13;14;15;16;17;18;19;20;21;22;23;24;25,0;1;2;3;4;5;6;7;8;9;10;11;12;13;26;27,4,12,12
controlled-812,controlled,hit_25,lead_8/rep_10,11,0,0,Oracle,8.0,0.0,128,10;11;12;13;14;15;16;17;18;19;20;21;22;23;24;25,10;11;12;13;14;15;16;17;18;19;20;21;22;23;24;25,16,0,0
controlled-813,controlled,hit_25,lead_8/rep_11,12,0,0,No-Selected-Prefetch,8.0,0.0,128,10;11;12;13;14;15;16;17;18;19;20;21;22;23;24;25,,0,0,16
controlled-814,controlled,hit_25,lead_8/rep_11,12,0,0,History-Last1,8.0,0.0,128,10;11;12;13;14;15;16;17;18;19;20;21;22;23;24;25,0;1;2;3;4;5;6;7;8;9;10;11;12;13;26;27,4,12,12
controlled-815,controlled,hit_25,lead_8/rep_11,12,0,0,Oracle,8.0,0.0,128,10;11;12;13;14;15;16;17;18;19;20;21;22;23;24;25,10;11;12;13;14;15;16;17;18;19;20;21;22;23;24;25,16,0,0
controlled-816,controlled,hit_25,lead_8/rep_12,13,0,0,No-Selected-Prefetch,8.0,0.0,128,10;11;12;13;14;15;16;17;18;19;20;21;22;23;24;25,,0,0,16
controlled-817,controlled,hit_25,lead_8/rep_12,13,0,0,History-Last1,8.0,0.0,128,10;11;12;13;14;15;16;17;18;19;20;21;22;23;24;25,0;1;2;3;4;5;6;7;8;9;10;11;12;13;26;27,4,12,12
controlled-818,controlled,hit_25,lead_8/rep_12,13,0,0,Oracle,8.0,0.0,128,10;11;12;13;14;15;16;17;18;19;20;21;22;23;24;25,10;11;12;13;14;15;16;17;18;19;20;21;22;23;24;25,16,0,0
controlled-819,controlled,hit_25,lead_8/rep_13,14,0,0,No-Selected-Prefetch,8.0,0.0,128,10;11;12;13;14;15;16;17;18;19;20;21;22;23;24;25,,0,0,16
controlled-820,controlled,hit_25,lead_8/rep_13,14,0,0,History-Last1,8.0,0.0,128,10;11;12;13;14;15;16;17;18;19;20;21;22;23;24;25,0;1;2;3;4;5;6;7;8;9;10;11;12;13;26;27,4,12,12
controlled-821,controlled,hit_25,lead_8/rep_13,14,0,0,Oracle,8.0,0.0,128,10;11;12;13;14;15;16;17;18;19;20;21;22;23;24;25,10;11;12;13;14;15;16;17;18;19;20;21;22;23;24;25,16,0,0
controlled-822,controlled,hit_25,lead_8/rep_14,15,0,0,No-Selected-Prefetch,8.0,0.0,128,10;11;12;13;14;15;16;17;18;19;20;21;22;23;24;25,,0,0,16
controlled-823,controlled,hit_25,lead_8/rep_14,15,0,0,History-Last1,8.0,0.0,128,10;11;12;13;14;15;16;17;18;19;20;21;22;23;24;25,0;1;2;3;4;5;6;7;8;9;10;11;12;13;26;27,4,12,12
controlled-824,controlled,hit_25,lead_8/rep_14,15,0,0,Oracle,8.0,0.0,128,10;11;12;13;14;15;16;17;18;19;20;21;22;23;24;25,10;11;12;13;14;15;16;17;18;19;20;21;22;23;24;25,16,0,0
controlled-825,controlled,hit_25,lead_8/rep_15,16,0,0,No-Selected-Prefetch,8.0,0.0,128,10;11;12;13;14;15;16;17;18;19;20;21;22;23;24;25,,0,0,16
controlled-826,controlled,hit_25,lead_8/rep_15,16,0,0,History-Last1,8.0,0.0,128,10;11;12;13;14;15;16;17;18;19;20;21;22;23;24;25,0;1;2;3;4;5;6;7;8;9;10;11;12;13;26;27,4,12,12
controlled-827,controlled,hit_25,lead_8/rep_15,16,0,0,Oracle,8.0,0.0,128,10;11;12;13;14;15;16;17;18;19;20;21;22;23;24;25,10;11;12;13;14;15;16;17;18;19;20;21;22;23;24;25,16,0,0
controlled-828,controlled,hit_25,lead_8/rep_16,17,0,0,No-Selected-Prefetch,8.0,0.0,128,10;11;12;13;14;15;16;17;18;19;20;21;22;23;24;25,,0,0,16
controlled-829,controlled,hit_25,lead_8/rep_16,17,0,0,History-Last1,8.0,0.0,128,10;11;12;13;14;15;16;17;18;19;20;21;22;23;24;25,0;1;2;3;4;5;6;7;8;9;10;11;12;13;26;27,4,12,12
controlled-830,controlled,hit_25,lead_8/rep_16,17,0,0,Oracle,8.0,0.0,128,10;11;12;13;14;15;16;17;18;19;20;21;22;23;24;25,10;11;12;13;14;15;16;17;18;19;20;21;22;23;24;25,16,0,0
controlled-831,controlled,hit_25,lead_8/rep_17,18,0,0,No-Selected-Prefetch,8.0,0.0,128,10;11;12;13;14;15;16;17;18;19;20;21;22;23;24;25,,0,0,16
controlled-832,controlled,hit_25,lead_8/rep_17,18,0,0,History-Last1,8.0,0.0,128,10;11;12;13;14;15;16;17;18;19;20;21;22;23;24;25,0;1;2;3;4;5;6;7;8;9;10;11;12;13;26;27,4,12,12
controlled-833,controlled,hit_25,lead_8/rep_17,18,0,0,Oracle,8.0,0.0,128,10;11;12;13;14;15;16;17;18;19;20;21;22;23;24;25,10;11;12;13;14;15;16;17;18;19;20;21;22;23;24;25,16,0,0
controlled-834,controlled,hit_25,lead_8/rep_18,19,0,0,No-Selected-Prefetch,8.0,0.0,128,10;11;12;13;14;15;16;17;18;19;20;21;22;23;24;25,,0,0,16
controlled-835,controlled,hit_25,lead_8/rep_18,19,0,0,History-Last1,8.0,0.0,128,10;11;12;13;14;15;16;17;18;19;20;21;22;23;24;25,0;1;2;3;4;5;6;7;8;9;10;11;12;13;26;27,4,12,12
controlled-836,controlled,hit_25,lead_8/rep_18,19,0,0,Oracle,8.0,0.0,128,10;11;12;13;14;15;16;17;18;19;20;21;22;23;24;25,10;11;12;13;14;15;16;17;18;19;20;21;22;23;24;25,16,0,0
controlled-837,controlled,hit_25,lead_8/rep_19,20,0,0,No-Selected-Prefetch,8.0,0.0,128,10;11;12;13;14;15;16;17;18;19;20;21;22;23;24;25,,0,0,16
controlled-838,controlled,hit_25,lead_8/rep_19,20,0,0,History-Last1,8.0,0.0,128,10;11;12;13;14;15;16;17;18;19;20;21;22;23;24;25,0;1;2;3;4;5;6;7;8;9;10;11;12;13;26;27,4,12,12
controlled-839,controlled,hit_25,lead_8/rep_19,20,0,0,Oracle,8.0,0.0,128,10;11;12;13;14;15;16;17;18;19;20;21;22;23;24;25,10;11;12;13;14;15;16;17;18;19;20;21;22;23;24;25,16,0,0
controlled-840,controlled,hit_50,lead_0/rep_0,1,0,0,No-Selected-Prefetch,0.0,0.0,128,10;11;12;13;14;15;16;17;18;19;20;21;22;23;24;25,,0,0,16
controlled-841,controlled,hit_50,lead_0/rep_0,1,0,0,History-Last1,0.0,0.0,128,10;11;12;13;14;15;16;17;18;19;20;21;22;23;24;25,0;1;2;3;4;5;6;7;10;11;12;13;14;15;16;17,8,8,8
controlled-842,controlled,hit_50,lead_0/rep_0,1,0,0,Oracle,0.0,0.0,128,10;11;12;13;14;15;16;17;18;19;20;21;22;23;24;25,10;11;12;13;14;15;16;17;18;19;20;21;22;23;24;25,16,0,0
controlled-843,controlled,hit_50,lead_0/rep_1,2,0,0,No-Selected-Prefetch,0.0,0.0,128,10;11;12;13;14;15;16;17;18;19;20;21;22;23;24;25,,0,0,16
controlled-844,controlled,hit_50,lead_0/rep_1,2,0,0,History-Last1,0.0,0.0,128,10;11;12;13;14;15;16;17;18;19;20;21;22;23;24;25,0;1;2;3;4;5;6;7;10;11;12;13;14;15;16;17,8,8,8
controlled-845,controlled,hit_50,lead_0/rep_1,2,0,0,Oracle,0.0,0.0,128,10;11;12;13;14;15;16;17;18;19;20;21;22;23;24;25,10;11;12;13;14;15;16;17;18;19;20;21;22;23;24;25,16,0,0
controlled-846,controlled,hit_50,lead_0/rep_2,3,0,0,No-Selected-Prefetch,0.0,0.0,128,10;11;12;13;14;15;16;17;18;19;20;21;22;23;24;25,,0,0,16
controlled-847,controlled,hit_50,lead_0/rep_2,3,0,0,History-Last1,0.0,0.0,128,10;11;12;13;14;15;16;17;18;19;20;21;22;23;24;25,0;1;2;3;4;5;6;7;10;11;12;13;14;15;16;17,8,8,8
controlled-848,controlled,hit_50,lead_0/rep_2,3,0,0,Oracle,0.0,0.0,128,10;11;12;13;14;15;16;17;18;19;20;21;22;23;24;25,10;11;12;13;14;15;16;17;18;19;20;21;22;23;24;25,16,0,0
controlled-849,controlled,hit_50,lead_0/rep_3,4,0,0,No-Selected-Prefetch,0.0,0.0,128,10;11;12;13;14;15;16;17;18;19;20;21;22;23;24;25,,0,0,16
controlled-850,controlled,hit_50,lead_0/rep_3,4,0,0,History-Last1,0.0,0.0,128,10;11;12;13;14;15;16;17;18;19;20;21;22;23;24;25,0;1;2;3;4;5;6;7;10;11;12;13;14;15;16;17,8,8,8
controlled-851,controlled,hit_50,lead_0/rep_3,4,0,0,Oracle,0.0,0.0,128,10;11;12;13;14;15;16;17;18;19;20;21;22;23;24;25,10;11;12;13;14;15;16;17;18;19;20;21;22;23;24;25,16,0,0
controlled-852,controlled,hit_50,lead_0/rep_4,5,0,0,No-Selected-Prefetch,0.0,0.0,128,10;11;12;13;14;15;16;17;18;19;20;21;22;23;24;25,,0,0,16
controlled-853,controlled,hit_50,lead_0/rep_4,5,0,0,History-Last1,0.0,0.0,128,10;11;12;13;14;15;16;17;18;19;20;21;22;23;24;25,0;1;2;3;4;5;6;7;10;11;12;13;14;15;16;17,8,8,8
controlled-854,controlled,hit_50,lead_0/rep_4,5,0,0,Oracle,0.0,0.0,128,10;11;12;13;14;15;16;17;18;19;20;21;22;23;24;25,10;11;12;13;14;15;16;17;18;19;20;21;22;23;24;25,16,0,0
controlled-855,controlled,hit_50,lead_0/rep_5,6,0,0,No-Selected-Prefetch,0.0,0.0,128,10;11;12;13;14;15;16;17;18;19;20;21;22;23;24;25,,0,0,16
controlled-856,controlled,hit_50,lead_0/rep_5,6,0,0,History-Last1,0.0,0.0,128,10;11;12;13;14;15;16;17;18;19;20;21;22;23;24;25,0;1;2;3;4;5;6;7;10;11;12;13;14;15;16;17,8,8,8
controlled-857,controlled,hit_50,lead_0/rep_5,6,0,0,Oracle,0.0,0.0,128,10;11;12;13;14;15;16;17;18;19;20;21;22;23;24;25,10;11;12;13;14;15;16;17;18;19;20;21;22;23;24;25,16,0,0
controlled-858,controlled,hit_50,lead_0/rep_6,7,0,0,No-Selected-Prefetch,0.0,0.0,128,10;11;12;13;14;15;16;17;18;19;20;21;22;23;24;25,,0,0,16
controlled-859,controlled,hit_50,lead_0/rep_6,7,0,0,History-Last1,0.0,0.0,128,10;11;12;13;14;15;16;17;18;19;20;21;22;23;24;25,0;1;2;3;4;5;6;7;10;11;12;13;14;15;16;17,8,8,8
controlled-860,controlled,hit_50,lead_0/rep_6,7,0,0,Oracle,0.0,0.0,128,10;11;12;13;14;15;16;17;18;19;20;21;22;23;24;25,10;11;12;13;14;15;16;17;18;19;20;21;22;23;24;25,16,0,0
controlled-861,controlled,hit_50,lead_0/rep_7,8,0,0,No-Selected-Prefetch,0.0,0.0,128,10;11;12;13;14;15;16;17;18;19;20;21;22;23;24;25,,0,0,16
controlled-862,controlled,hit_50,lead_0/rep_7,8,0,0,History-Last1,0.0,0.0,128,10;11;12;13;14;15;16;17;18;19;20;21;22;23;24;25,0;1;2;3;4;5;6;7;10;11;12;13;14;15;16;17,8,8,8
controlled-863,controlled,hit_50,lead_0/rep_7,8,0,0,Oracle,0.0,0.0,128,10;11;12;13;14;15;16;17;18;19;20;21;22;23;24;25,10;11;12;13;14;15;16;17;18;19;20;21;22;23;24;25,16,0,0
controlled-864,controlled,hit_50,lead_0/rep_8,9,0,0,No-Selected-Prefetch,0.0,0.0,128,10;11;12;13;14;15;16;17;18;19;20;21;22;23;24;25,,0,0,16
controlled-865,controlled,hit_50,lead_0/rep_8,9,0,0,History-Last1,0.0,0.0,128,10;11;12;13;14;15;16;17;18;19;20;21;22;23;24;25,0;1;2;3;4;5;6;7;10;11;12;13;14;15;16;17,8,8,8
controlled-866,controlled,hit_50,lead_0/rep_8,9,0,0,Oracle,0.0,0.0,128,10;11;12;13;14;15;16;17;18;19;20;21;22;23;24;25,10;11;12;13;14;15;16;17;18;19;20;21;22;23;24;25,16,0,0
controlled-867,controlled,hit_50,lead_0/rep_9,10,0,0,No-Selected-Prefetch,0.0,0.0,128,10;11;12;13;14;15;16;17;18;19;20;21;22;23;24;25,,0,0,16
controlled-868,controlled,hit_50,lead_0/rep_9,10,0,0,History-Last1,0.0,0.0,128,10;11;12;13;14;15;16;17;18;19;20;21;22;23;24;25,0;1;2;3;4;5;6;7;10;11;12;13;14;15;16;17,8,8,8
controlled-869,controlled,hit_50,lead_0/rep_9,10,0,0,Oracle,0.0,0.0,128,10;11;12;13;14;15;16;17;18;19;20;21;22;23;24;25,10;11;12;13;14;15;16;17;18;19;20;21;22;23;24;25,16,0,0
controlled-870,controlled,hit_50,lead_0/rep_10,11,0,0,No-Selected-Prefetch,0.0,0.0,128,10;11;12;13;14;15;16;17;18;19;20;21;22;23;24;25,,0,0,16
controlled-871,controlled,hit_50,lead_0/rep_10,11,0,0,History-Last1,0.0,0.0,128,10;11;12;13;14;15;16;17;18;19;20;21;22;23;24;25,0;1;2;3;4;5;6;7;10;11;12;13;14;15;16;17,8,8,8
controlled-872,controlled,hit_50,lead_0/rep_10,11,0,0,Oracle,0.0,0.0,128,10;11;12;13;14;15;16;17;18;19;20;21;22;23;24;25,10;11;12;13;14;15;16;17;18;19;20;21;22;23;24;25,16,0,0
controlled-873,controlled,hit_50,lead_0/rep_11,12,0,0,No-Selected-Prefetch,0.0,0.0,128,10;11;12;13;14;15;16;17;18;19;20;21;22;23;24;25,,0,0,16
controlled-874,controlled,hit_50,lead_0/rep_11,12,0,0,History-Last1,0.0,0.0,128,10;11;12;13;14;15;16;17;18;19;20;21;22;23;24;25,0;1;2;3;4;5;6;7;10;11;12;13;14;15;16;17,8,8,8
controlled-875,controlled,hit_50,lead_0/rep_11,12,0,0,Oracle,0.0,0.0,128,10;11;12;13;14;15;16;17;18;19;20;21;22;23;24;25,10;11;12;13;14;15;16;17;18;19;20;21;22;23;24;25,16,0,0
controlled-876,controlled,hit_50,lead_0/rep_12,13,0,0,No-Selected-Prefetch,0.0,0.0,128,10;11;12;13;14;15;16;17;18;19;20;21;22;23;24;25,,0,0,16
controlled-877,controlled,hit_50,lead_0/rep_12,13,0,0,History-Last1,0.0,0.0,128,10;11;12;13;14;15;16;17;18;19;20;21;22;23;24;25,0;1;2;3;4;5;6;7;10;11;12;13;14;15;16;17,8,8,8
controlled-878,controlled,hit_50,lead_0/rep_12,13,0,0,Oracle,0.0,0.0,128,10;11;12;13;14;15;16;17;18;19;20;21;22;23;24;25,10;11;12;13;14;15;16;17;18;19;20;21;22;23;24;25,16,0,0
controlled-879,controlled,hit_50,lead_0/rep_13,14,0,0,No-Selected-Prefetch,0.0,0.0,128,10;11;12;13;14;15;16;17;18;19;20;21;22;23;24;25,,0,0,16
controlled-880,controlled,hit_50,lead_0/rep_13,14,0,0,History-Last1,0.0,0.0,128,10;11;12;13;14;15;16;17;18;19;20;21;22;23;24;25,0;1;2;3;4;5;6;7;10;11;12;13;14;15;16;17,8,8,8
controlled-881,controlled,hit_50,lead_0/rep_13,14,0,0,Oracle,0.0,0.0,128,10;11;12;13;14;15;16;17;18;19;20;21;22;23;24;25,10;11;12;13;14;15;16;17;18;19;20;21;22;23;24;25,16,0,0
controlled-882,controlled,hit_50,lead_0/rep_14,15,0,0,No-Selected-Prefetch,0.0,0.0,128,10;11;12;13;14;15;16;17;18;19;20;21;22;23;24;25,,0,0,16
controlled-883,controlled,hit_50,lead_0/rep_14,15,0,0,History-Last1,0.0,0.0,128,10;11;12;13;14;15;16;17;18;19;20;21;22;23;24;25,0;1;2;3;4;5;6;7;10;11;12;13;14;15;16;17,8,8,8
controlled-884,controlled,hit_50,lead_0/rep_14,15,0,0,Oracle,0.0,0.0,128,10;11;12;13;14;15;16;17;18;19;20;21;22;23;24;25,10;11;12;13;14;15;16;17;18;19;20;21;22;23;24;25,16,0,0
controlled-885,controlled,hit_50,lead_0/rep_15,16,0,0,No-Selected-Prefetch,0.0,0.0,128,10;11;12;13;14;15;16;17;18;19;20;21;22;23;24;25,,0,0,16
controlled-886,controlled,hit_50,lead_0/rep_15,16,0,0,History-Last1,0.0,0.0,128,10;11;12;13;14;15;16;17;18;19;20;21;22;23;24;25,0;1;2;3;4;5;6;7;10;11;12;13;14;15;16;17,8,8,8
controlled-887,controlled,hit_50,lead_0/rep_15,16,0,0,Oracle,0.0,0.0,128,10;11;12;13;14;15;16;17;18;19;20;21;22;23;24;25,10;11;12;13;14;15;16;17;18;19;20;21;22;23;24;25,16,0,0
controlled-888,controlled,hit_50,lead_0/rep_16,17,0,0,No-Selected-Prefetch,0.0,0.0,128,10;11;12;13;14;15;16;17;18;19;20;21;22;23;24;25,,0,0,16
controlled-889,controlled,hit_50,lead_0/rep_16,17,0,0,History-Last1,0.0,0.0,128,10;11;12;13;14;15;16;17;18;19;20;21;22;23;24;25,0;1;2;3;4;5;6;7;10;11;12;13;14;15;16;17,8,8,8
controlled-890,controlled,hit_50,lead_0/rep_16,17,0,0,Oracle,0.0,0.0,128,10;11;12;13;14;15;16;17;18;19;20;21;22;23;24;25,10;11;12;13;14;15;16;17;18;19;20;21;22;23;24;25,16,0,0
controlled-891,controlled,hit_50,lead_0/rep_17,18,0,0,No-Selected-Prefetch,0.0,0.0,128,10;11;12;13;14;15;16;17;18;19;20;21;22;23;24;25,,0,0,16
controlled-892,controlled,hit_50,lead_0/rep_17,18,0,0,History-Last1,0.0,0.0,128,10;11;12;13;14;15;16;17;18;19;20;21;22;23;24;25,0;1;2;3;4;5;6;7;10;11;12;13;14;15;16;17,8,8,8
controlled-893,controlled,hit_50,lead_0/rep_17,18,0,0,Oracle,0.0,0.0,128,10;11;12;13;14;15;16;17;18;19;20;21;22;23;24;25,10;11;12;13;14;15;16;17;18;19;20;21;22;23;24;25,16,0,0
controlled-894,controlled,hit_50,lead_0/rep_18,19,0,0,No-Selected-Prefetch,0.0,0.0,128,10;11;12;13;14;15;16;17;18;19;20;21;22;23;24;25,,0,0,16
controlled-895,controlled,hit_50,lead_0/rep_18,19,0,0,History-Last1,0.0,0.0,128,10;11;12;13;14;15;16;17;18;19;20;21;22;23;24;25,0;1;2;3;4;5;6;7;10;11;12;13;14;15;16;17,8,8,8
controlled-896,controlled,hit_50,lead_0/rep_18,19,0,0,Oracle,0.0,0.0,128,10;11;12;13;14;15;16;17;18;19;20;21;22;23;24;25,10;11;12;13;14;15;16;17;18;19;20;21;22;23;24;25,16,0,0
controlled-897,controlled,hit_50,lead_0/rep_19,20,0,0,No-Selected-Prefetch,0.0,0.0,128,10;11;12;13;14;15;16;17;18;19;20;21;22;23;24;25,,0,0,16
controlled-898,controlled,hit_50,lead_0/rep_19,20,0,0,History-Last1,0.0,0.0,128,10;11;12;13;14;15;16;17;18;19;20;21;22;23;24;25,0;1;2;3;4;5;6;7;10;11;12;13;14;15;16;17,8,8,8
controlled-899,controlled,hit_50,lead_0/rep_19,20,0,0,Oracle,0.0,0.0,128,10;11;12;13;14;15;16;17;18;19;20;21;22;23;24;25,10;11;12;13;14;15;16;17;18;19;20;21;22;23;24;25,16,0,0
controlled-900,controlled,hit_50,lead_0.25/rep_0,1,0,0,No-Selected-Prefetch,0.25,0.0,128,10;11;12;13;14;15;16;17;18;19;20;21;22;23;24;25,,0,0,16
controlled-901,controlled,hit_50,lead_0.25/rep_0,1,0,0,History-Last1,0.25,0.0,128,10;11;12;13;14;15;16;17;18;19;20;21;22;23;24;25,0;1;2;3;4;5;6;7;10;11;12;13;14;15;16;17,8,8,8
controlled-902,controlled,hit_50,lead_0.25/rep_0,1,0,0,Oracle,0.25,0.0,128,10;11;12;13;14;15;16;17;18;19;20;21;22;23;24;25,10;11;12;13;14;15;16;17;18;19;20;21;22;23;24;25,16,0,0
controlled-903,controlled,hit_50,lead_0.25/rep_1,2,0,0,No-Selected-Prefetch,0.25,0.0,128,10;11;12;13;14;15;16;17;18;19;20;21;22;23;24;25,,0,0,16
controlled-904,controlled,hit_50,lead_0.25/rep_1,2,0,0,History-Last1,0.25,0.0,128,10;11;12;13;14;15;16;17;18;19;20;21;22;23;24;25,0;1;2;3;4;5;6;7;10;11;12;13;14;15;16;17,8,8,8
controlled-905,controlled,hit_50,lead_0.25/rep_1,2,0,0,Oracle,0.25,0.0,128,10;11;12;13;14;15;16;17;18;19;20;21;22;23;24;25,10;11;12;13;14;15;16;17;18;19;20;21;22;23;24;25,16,0,0
controlled-906,controlled,hit_50,lead_0.25/rep_2,3,0,0,No-Selected-Prefetch,0.25,0.0,128,10;11;12;13;14;15;16;17;18;19;20;21;22;23;24;25,,0,0,16
controlled-907,controlled,hit_50,lead_0.25/rep_2,3,0,0,History-Last1,0.25,0.0,128,10;11;12;13;14;15;16;17;18;19;20;21;22;23;24;25,0;1;2;3;4;5;6;7;10;11;12;13;14;15;16;17,8,8,8
controlled-908,controlled,hit_50,lead_0.25/rep_2,3,0,0,Oracle,0.25,0.0,128,10;11;12;13;14;15;16;17;18;19;20;21;22;23;24;25,10;11;12;13;14;15;16;17;18;19;20;21;22;23;24;25,16,0,0
controlled-909,controlled,hit_50,lead_0.25/rep_3,4,0,0,No-Selected-Prefetch,0.25,0.0,128,10;11;12;13;14;15;16;17;18;19;20;21;22;23;24;25,,0,0,16
controlled-910,controlled,hit_50,lead_0.25/rep_3,4,0,0,History-Last1,0.25,0.0,128,10;11;12;13;14;15;16;17;18;19;20;21;22;23;24;25,0;1;2;3;4;5;6;7;10;11;12;13;14;15;16;17,8,8,8
controlled-911,controlled,hit_50,lead_0.25/rep_3,4,0,0,Oracle,0.25,0.0,128,10;11;12;13;14;15;16;17;18;19;20;21;22;23;24;25,10;11;12;13;14;15;16;17;18;19;20;21;22;23;24;25,16,0,0
controlled-912,controlled,hit_50,lead_0.25/rep_4,5,0,0,No-Selected-Prefetch,0.25,0.0,128,10;11;12;13;14;15;16;17;18;19;20;21;22;23;24;25,,0,0,16
controlled-913,controlled,hit_50,lead_0.25/rep_4,5,0,0,History-Last1,0.25,0.0,128,10;11;12;13;14;15;16;17;18;19;20;21;22;23;24;25,0;1;2;3;4;5;6;7;10;11;12;13;14;15;16;17,8,8,8
controlled-914,controlled,hit_50,lead_0.25/rep_4,5,0,0,Oracle,0.25,0.0,128,10;11;12;13;14;15;16;17;18;19;20;21;22;23;24;25,10;11;12;13;14;15;16;17;18;19;20;21;22;23;24;25,16,0,0
controlled-915,controlled,hit_50,lead_0.25/rep_5,6,0,0,No-Selected-Prefetch,0.25,0.0,128,10;11;12;13;14;15;16;17;18;19;20;21;22;23;24;25,,0,0,16
controlled-916,controlled,hit_50,lead_0.25/rep_5,6,0,0,History-Last1,0.25,0.0,128,10;11;12;13;14;15;16;17;18;19;20;21;22;23;24;25,0;1;2;3;4;5;6;7;10;11;12;13;14;15;16;17,8,8,8
controlled-917,controlled,hit_50,lead_0.25/rep_5,6,0,0,Oracle,0.25,0.0,128,10;11;12;13;14;15;16;17;18;19;20;21;22;23;24;25,10;11;12;13;14;15;16;17;18;19;20;21;22;23;24;25,16,0,0
controlled-918,controlled,hit_50,lead_0.25/rep_6,7,0,0,No-Selected-Prefetch,0.25,0.0,128,10;11;12;13;14;15;16;17;18;19;20;21;22;23;24;25,,0,0,16
controlled-919,controlled,hit_50,lead_0.25/rep_6,7,0,0,History-Last1,0.25,0.0,128,10;11;12;13;14;15;16;17;18;19;20;21;22;23;24;25,0;1;2;3;4;5;6;7;10;11;12;13;14;15;16;17,8,8,8
controlled-920,controlled,hit_50,lead_0.25/rep_6,7,0,0,Oracle,0.25,0.0,128,10;11;12;13;14;15;16;17;18;19;20;21;22;23;24;25,10;11;12;13;14;15;16;17;18;19;20;21;22;23;24;25,16,0,0
controlled-921,controlled,hit_50,lead_0.25/rep_7,8,0,0,No-Selected-Prefetch,0.25,0.0,128,10;11;12;13;14;15;16;17;18;19;20;21;22;23;24;25,,0,0,16
controlled-922,controlled,hit_50,lead_0.25/rep_7,8,0,0,History-Last1,0.25,0.0,128,10;11;12;13;14;15;16;17;18;19;20;21;22;23;24;25,0;1;2;3;4;5;6;7;10;11;12;13;14;15;16;17,8,8,8
controlled-923,controlled,hit_50,lead_0.25/rep_7,8,0,0,Oracle,0.25,0.0,128,10;11;12;13;14;15;16;17;18;19;20;21;22;23;24;25,10;11;12;13;14;15;16;17;18;19;20;21;22;23;24;25,16,0,0
controlled-924,controlled,hit_50,lead_0.25/rep_8,9,0,0,No-Selected-Prefetch,0.25,0.0,128,10;11;12;13;14;15;16;17;18;19;20;21;22;23;24;25,,0,0,16
controlled-925,controlled,hit_50,lead_0.25/rep_8,9,0,0,History-Last1,0.25,0.0,128,10;11;12;13;14;15;16;17;18;19;20;21;22;23;24;25,0;1;2;3;4;5;6;7;10;11;12;13;14;15;16;17,8,8,8
controlled-926,controlled,hit_50,lead_0.25/rep_8,9,0,0,Oracle,0.25,0.0,128,10;11;12;13;14;15;16;17;18;19;20;21;22;23;24;25,10;11;12;13;14;15;16;17;18;19;20;21;22;23;24;25,16,0,0
controlled-927,controlled,hit_50,lead_0.25/rep_9,10,0,0,No-Selected-Prefetch,0.25,0.0,128,10;11;12;13;14;15;16;17;18;19;20;21;22;23;24;25,,0,0,16
controlled-928,controlled,hit_50,lead_0.25/rep_9,10,0,0,History-Last1,0.25,0.0,128,10;11;12;13;14;15;16;17;18;19;20;21;22;23;24;25,0;1;2;3;4;5;6;7;10;11;12;13;14;15;16;17,8,8,8
controlled-929,controlled,hit_50,lead_0.25/rep_9,10,0,0,Oracle,0.25,0.0,128,10;11;12;13;14;15;16;17;18;19;20;21;22;23;24;25,10;11;12;13;14;15;16;17;18;19;20;21;22;23;24;25,16,0,0
controlled-930,controlled,hit_50,lead_0.25/rep_10,11,0,0,No-Selected-Prefetch,0.25,0.0,128,10;11;12;13;14;15;16;17;18;19;20;21;22;23;24;25,,0,0,16
controlled-931,controlled,hit_50,lead_0.25/rep_10,11,0,0,History-Last1,0.25,0.0,128,10;11;12;13;14;15;16;17;18;19;20;21;22;23;24;25,0;1;2;3;4;5;6;7;10;11;12;13;14;15;16;17,8,8,8
controlled-932,controlled,hit_50,lead_0.25/rep_10,11,0,0,Oracle,0.25,0.0,128,10;11;12;13;14;15;16;17;18;19;20;21;22;23;24;25,10;11;12;13;14;15;16;17;18;19;20;21;22;23;24;25,16,0,0
controlled-933,controlled,hit_50,lead_0.25/rep_11,12,0,0,No-Selected-Prefetch,0.25,0.0,128,10;11;12;13;14;15;16;17;18;19;20;21;22;23;24;25,,0,0,16
controlled-934,controlled,hit_50,lead_0.25/rep_11,12,0,0,History-Last1,0.25,0.0,128,10;11;12;13;14;15;16;17;18;19;20;21;22;23;24;25,0;1;2;3;4;5;6;7;10;11;12;13;14;15;16;17,8,8,8
controlled-935,controlled,hit_50,lead_0.25/rep_11,12,0,0,Oracle,0.25,0.0,128,10;11;12;13;14;15;16;17;18;19;20;21;22;23;24;25,10;11;12;13;14;15;16;17;18;19;20;21;22;23;24;25,16,0,0
controlled-936,controlled,hit_50,lead_0.25/rep_12,13,0,0,No-Selected-Prefetch,0.25,0.0,128,10;11;12;13;14;15;16;17;18;19;20;21;22;23;24;25,,0,0,16
controlled-937,controlled,hit_50,lead_0.25/rep_12,13,0,0,History-Last1,0.25,0.0,128,10;11;12;13;14;15;16;17;18;19;20;21;22;23;24;25,0;1;2;3;4;5;6;7;10;11;12;13;14;15;16;17,8,8,8
controlled-938,controlled,hit_50,lead_0.25/rep_12,13,0,0,Oracle,0.25,0.0,128,10;11;12;13;14;15;16;17;18;19;20;21;22;23;24;25,10;11;12;13;14;15;16;17;18;19;20;21;22;23;24;25,16,0,0
controlled-939,controlled,hit_50,lead_0.25/rep_13,14,0,0,No-Selected-Prefetch,0.25,0.0,128,10;11;12;13;14;15;16;17;18;19;20;21;22;23;24;25,,0,0,16
controlled-940,controlled,hit_50,lead_0.25/rep_13,14,0,0,History-Last1,0.25,0.0,128,10;11;12;13;14;15;16;17;18;19;20;21;22;23;24;25,0;1;2;3;4;5;6;7;10;11;12;13;14;15;16;17,8,8,8
controlled-941,controlled,hit_50,lead_0.25/rep_13,14,0,0,Oracle,0.25,0.0,128,10;11;12;13;14;15;16;17;18;19;20;21;22;23;24;25,10;11;12;13;14;15;16;17;18;19;20;21;22;23;24;25,16,0,0
controlled-942,controlled,hit_50,lead_0.25/rep_14,15,0,0,No-Selected-Prefetch,0.25,0.0,128,10;11;12;13;14;15;16;17;18;19;20;21;22;23;24;25,,0,0,16
controlled-943,controlled,hit_50,lead_0.25/rep_14,15,0,0,History-Last1,0.25,0.0,128,10;11;12;13;14;15;16;17;18;19;20;21;22;23;24;25,0;1;2;3;4;5;6;7;10;11;12;13;14;15;16;17,8,8,8
controlled-944,controlled,hit_50,lead_0.25/rep_14,15,0,0,Oracle,0.25,0.0,128,10;11;12;13;14;15;16;17;18;19;20;21;22;23;24;25,10;11;12;13;14;15;16;17;18;19;20;21;22;23;24;25,16,0,0
controlled-945,controlled,hit_50,lead_0.25/rep_15,16,0,0,No-Selected-Prefetch,0.25,0.0,128,10;11;12;13;14;15;16;17;18;19;20;21;22;23;24;25,,0,0,16
controlled-946,controlled,hit_50,lead_0.25/rep_15,16,0,0,History-Last1,0.25,0.0,128,10;11;12;13;14;15;16;17;18;19;20;21;22;23;24;25,0;1;2;3;4;5;6;7;10;11;12;13;14;15;16;17,8,8,8
controlled-947,controlled,hit_50,lead_0.25/rep_15,16,0,0,Oracle,0.25,0.0,128,10;11;12;13;14;15;16;17;18;19;20;21;22;23;24;25,10;11;12;13;14;15;16;17;18;19;20;21;22;23;24;25,16,0,0
controlled-948,controlled,hit_50,lead_0.25/rep_16,17,0,0,No-Selected-Prefetch,0.25,0.0,128,10;11;12;13;14;15;16;17;18;19;20;21;22;23;24;25,,0,0,16
controlled-949,controlled,hit_50,lead_0.25/rep_16,17,0,0,History-Last1,0.25,0.0,128,10;11;12;13;14;15;16;17;18;19;20;21;22;23;24;25,0;1;2;3;4;5;6;7;10;11;12;13;14;15;16;17,8,8,8
controlled-950,controlled,hit_50,lead_0.25/rep_16,17,0,0,Oracle,0.25,0.0,128,10;11;12;13;14;15;16;17;18;19;20;21;22;23;24;25,10;11;12;13;14;15;16;17;18;19;20;21;22;23;24;25,16,0,0
controlled-951,controlled,hit_50,lead_0.25/rep_17,18,0,0,No-Selected-Prefetch,0.25,0.0,128,10;11;12;13;14;15;16;17;18;19;20;21;22;23;24;25,,0,0,16
controlled-952,controlled,hit_50,lead_0.25/rep_17,18,0,0,History-Last1,0.25,0.0,128,10;11;12;13;14;15;16;17;18;19;20;21;22;23;24;25,0;1;2;3;4;5;6;7;10;11;12;13;14;15;16;17,8,8,8
controlled-953,controlled,hit_50,lead_0.25/rep_17,18,0,0,Oracle,0.25,0.0,128,10;11;12;13;14;15;16;17;18;19;20;21;22;23;24;25,10;11;12;13;14;15;16;17;18;19;20;21;22;23;24;25,16,0,0
controlled-954,controlled,hit_50,lead_0.25/rep_18,19,0,0,No-Selected-Prefetch,0.25,0.0,128,10;11;12;13;14;15;16;17;18;19;20;21;22;23;24;25,,0,0,16
controlled-955,controlled,hit_50,lead_0.25/rep_18,19,0,0,History-Last1,0.25,0.0,128,10;11;12;13;14;15;16;17;18;19;20;21;22;23;24;25,0;1;2;3;4;5;6;7;10;11;12;13;14;15;16;17,8,8,8
controlled-956,controlled,hit_50,lead_0.25/rep_18,19,0,0,Oracle,0.25,0.0,128,10;11;12;13;14;15;16;17;18;19;20;21;22;23;24;25,10;11;12;13;14;15;16;17;18;19;20;21;22;23;24;25,16,0,0
controlled-957,controlled,hit_50,lead_0.25/rep_19,20,0,0,No-Selected-Prefetch,0.25,0.0,128,10;11;12;13;14;15;16;17;18;19;20;21;22;23;24;25,,0,0,16
controlled-958,controlled,hit_50,lead_0.25/rep_19,20,0,0,History-Last1,0.25,0.0,128,10;11;12;13;14;15;16;17;18;19;20;21;22;23;24;25,0;1;2;3;4;5;6;7;10;11;12;13;14;15;16;17,8,8,8
controlled-959,controlled,hit_50,lead_0.25/rep_19,20,0,0,Oracle,0.25,0.0,128,10;11;12;13;14;15;16;17;18;19;20;21;22;23;24;25,10;11;12;13;14;15;16;17;18;19;20;21;22;23;24;25,16,0,0
controlled-960,controlled,hit_50,lead_0.5/rep_0,1,0,0,No-Selected-Prefetch,0.5,0.0,128,10;11;12;13;14;15;16;17;18;19;20;21;22;23;24;25,,0,0,16
controlled-961,controlled,hit_50,lead_0.5/rep_0,1,0,0,History-Last1,0.5,0.0,128,10;11;12;13;14;15;16;17;18;19;20;21;22;23;24;25,0;1;2;3;4;5;6;7;10;11;12;13;14;15;16;17,8,8,8
controlled-962,controlled,hit_50,lead_0.5/rep_0,1,0,0,Oracle,0.5,0.0,128,10;11;12;13;14;15;16;17;18;19;20;21;22;23;24;25,10;11;12;13;14;15;16;17;18;19;20;21;22;23;24;25,16,0,0
controlled-963,controlled,hit_50,lead_0.5/rep_1,2,0,0,No-Selected-Prefetch,0.5,0.0,128,10;11;12;13;14;15;16;17;18;19;20;21;22;23;24;25,,0,0,16
controlled-964,controlled,hit_50,lead_0.5/rep_1,2,0,0,History-Last1,0.5,0.0,128,10;11;12;13;14;15;16;17;18;19;20;21;22;23;24;25,0;1;2;3;4;5;6;7;10;11;12;13;14;15;16;17,8,8,8
controlled-965,controlled,hit_50,lead_0.5/rep_1,2,0,0,Oracle,0.5,0.0,128,10;11;12;13;14;15;16;17;18;19;20;21;22;23;24;25,10;11;12;13;14;15;16;17;18;19;20;21;22;23;24;25,16,0,0
controlled-966,controlled,hit_50,lead_0.5/rep_2,3,0,0,No-Selected-Prefetch,0.5,0.0,128,10;11;12;13;14;15;16;17;18;19;20;21;22;23;24;25,,0,0,16
controlled-967,controlled,hit_50,lead_0.5/rep_2,3,0,0,History-Last1,0.5,0.0,128,10;11;12;13;14;15;16;17;18;19;20;21;22;23;24;25,0;1;2;3;4;5;6;7;10;11;12;13;14;15;16;17,8,8,8
controlled-968,controlled,hit_50,lead_0.5/rep_2,3,0,0,Oracle,0.5,0.0,128,10;11;12;13;14;15;16;17;18;19;20;21;22;23;24;25,10;11;12;13;14;15;16;17;18;19;20;21;22;23;24;25,16,0,0
controlled-969,controlled,hit_50,lead_0.5/rep_3,4,0,0,No-Selected-Prefetch,0.5,0.0,128,10;11;12;13;14;15;16;17;18;19;20;21;22;23;24;25,,0,0,16
controlled-970,controlled,hit_50,lead_0.5/rep_3,4,0,0,History-Last1,0.5,0.0,128,10;11;12;13;14;15;16;17;18;19;20;21;22;23;24;25,0;1;2;3;4;5;6;7;10;11;12;13;14;15;16;17,8,8,8
controlled-971,controlled,hit_50,lead_0.5/rep_3,4,0,0,Oracle,0.5,0.0,128,10;11;12;13;14;15;16;17;18;19;20;21;22;23;24;25,10;11;12;13;14;15;16;17;18;19;20;21;22;23;24;25,16,0,0
controlled-972,controlled,hit_50,lead_0.5/rep_4,5,0,0,No-Selected-Prefetch,0.5,0.0,128,10;11;12;13;14;15;16;17;18;19;20;21;22;23;24;25,,0,0,16
controlled-973,controlled,hit_50,lead_0.5/rep_4,5,0,0,History-Last1,0.5,0.0,128,10;11;12;13;14;15;16;17;18;19;20;21;22;23;24;25,0;1;2;3;4;5;6;7;10;11;12;13;14;15;16;17,8,8,8
controlled-974,controlled,hit_50,lead_0.5/rep_4,5,0,0,Oracle,0.5,0.0,128,10;11;12;13;14;15;16;17;18;19;20;21;22;23;24;25,10;11;12;13;14;15;16;17;18;19;20;21;22;23;24;25,16,0,0
controlled-975,controlled,hit_50,lead_0.5/rep_5,6,0,0,No-Selected-Prefetch,0.5,0.0,128,10;11;12;13;14;15;16;17;18;19;20;21;22;23;24;25,,0,0,16
controlled-976,controlled,hit_50,lead_0.5/rep_5,6,0,0,History-Last1,0.5,0.0,128,10;11;12;13;14;15;16;17;18;19;20;21;22;23;24;25,0;1;2;3;4;5;6;7;10;11;12;13;14;15;16;17,8,8,8
controlled-977,controlled,hit_50,lead_0.5/rep_5,6,0,0,Oracle,0.5,0.0,128,10;11;12;13;14;15;16;17;18;19;20;21;22;23;24;25,10;11;12;13;14;15;16;17;18;19;20;21;22;23;24;25,16,0,0
controlled-978,controlled,hit_50,lead_0.5/rep_6,7,0,0,No-Selected-Prefetch,0.5,0.0,128,10;11;12;13;14;15;16;17;18;19;20;21;22;23;24;25,,0,0,16
controlled-979,controlled,hit_50,lead_0.5/rep_6,7,0,0,History-Last1,0.5,0.0,128,10;11;12;13;14;15;16;17;18;19;20;21;22;23;24;25,0;1;2;3;4;5;6;7;10;11;12;13;14;15;16;17,8,8,8
controlled-980,controlled,hit_50,lead_0.5/rep_6,7,0,0,Oracle,0.5,0.0,128,10;11;12;13;14;15;16;17;18;19;20;21;22;23;24;25,10;11;12;13;14;15;16;17;18;19;20;21;22;23;24;25,16,0,0
controlled-981,controlled,hit_50,lead_0.5/rep_7,8,0,0,No-Selected-Prefetch,0.5,0.0,128,10;11;12;13;14;15;16;17;18;19;20;21;22;23;24;25,,0,0,16
controlled-982,controlled,hit_50,lead_0.5/rep_7,8,0,0,History-Last1,0.5,0.0,128,10;11;12;13;14;15;16;17;18;19;20;21;22;23;24;25,0;1;2;3;4;5;6;7;10;11;12;13;14;15;16;17,8,8,8
controlled-983,controlled,hit_50,lead_0.5/rep_7,8,0,0,Oracle,0.5,0.0,128,10;11;12;13;14;15;16;17;18;19;20;21;22;23;24;25,10;11;12;13;14;15;16;17;18;19;20;21;22;23;24;25,16,0,0
controlled-984,controlled,hit_50,lead_0.5/rep_8,9,0,0,No-Selected-Prefetch,0.5,0.0,128,10;11;12;13;14;15;16;17;18;19;20;21;22;23;24;25,,0,0,16
controlled-985,controlled,hit_50,lead_0.5/rep_8,9,0,0,History-Last1,0.5,0.0,128,10;11;12;13;14;15;16;17;18;19;20;21;22;23;24;25,0;1;2;3;4;5;6;7;10;11;12;13;14;15;16;17,8,8,8
controlled-986,controlled,hit_50,lead_0.5/rep_8,9,0,0,Oracle,0.5,0.0,128,10;11;12;13;14;15;16;17;18;19;20;21;22;23;24;25,10;11;12;13;14;15;16;17;18;19;20;21;22;23;24;25,16,0,0
controlled-987,controlled,hit_50,lead_0.5/rep_9,10,0,0,No-Selected-Prefetch,0.5,0.0,128,10;11;12;13;14;15;16;17;18;19;20;21;22;23;24;25,,0,0,16
controlled-988,controlled,hit_50,lead_0.5/rep_9,10,0,0,History-Last1,0.5,0.0,128,10;11;12;13;14;15;16;17;18;19;20;21;22;23;24;25,0;1;2;3;4;5;6;7;10;11;12;13;14;15;16;17,8,8,8
controlled-989,controlled,hit_50,lead_0.5/rep_9,10,0,0,Oracle,0.5,0.0,128,10;11;12;13;14;15;16;17;18;19;20;21;22;23;24;25,10;11;12;13;14;15;16;17;18;19;20;21;22;23;24;25,16,0,0
controlled-990,controlled,hit_50,lead_0.5/rep_10,11,0,0,No-Selected-Prefetch,0.5,0.0,128,10;11;12;13;14;15;16;17;18;19;20;21;22;23;24;25,,0,0,16
controlled-991,controlled,hit_50,lead_0.5/rep_10,11,0,0,History-Last1,0.5,0.0,128,10;11;12;13;14;15;16;17;18;19;20;21;22;23;24;25,0;1;2;3;4;5;6;7;10;11;12;13;14;15;16;17,8,8,8
controlled-992,controlled,hit_50,lead_0.5/rep_10,11,0,0,Oracle,0.5,0.0,128,10;11;12;13;14;15;16;17;18;19;20;21;22;23;24;25,10;11;12;13;14;15;16;17;18;19;20;21;22;23;24;25,16,0,0
controlled-993,controlled,hit_50,lead_0.5/rep_11,12,0,0,No-Selected-Prefetch,0.5,0.0,128,10;11;12;13;14;15;16;17;18;19;20;21;22;23;24;25,,0,0,16
controlled-994,controlled,hit_50,lead_0.5/rep_11,12,0,0,History-Last1,0.5,0.0,128,10;11;12;13;14;15;16;17;18;19;20;21;22;23;24;25,0;1;2;3;4;5;6;7;10;11;12;13;14;15;16;17,8,8,8
controlled-995,controlled,hit_50,lead_0.5/rep_11,12,0,0,Oracle,0.5,0.0,128,10;11;12;13;14;15;16;17;18;19;20;21;22;23;24;25,10;11;12;13;14;15;16;17;18;19;20;21;22;23;24;25,16,0,0
controlled-996,controlled,hit_50,lead_0.5/rep_12,13,0,0,No-Selected-Prefetch,0.5,0.0,128,10;11;12;13;14;15;16;17;18;19;20;21;22;23;24;25,,0,0,16
controlled-997,controlled,hit_50,lead_0.5/rep_12,13,0,0,History-Last1,0.5,0.0,128,10;11;12;13;14;15;16;17;18;19;20;21;22;23;24;25,0;1;2;3;4;5;6;7;10;11;12;13;14;15;16;17,8,8,8
controlled-998,controlled,hit_50,lead_0.5/rep_12,13,0,0,Oracle,0.5,0.0,128,10;11;12;13;14;15;16;17;18;19;20;21;22;23;24;25,10;11;12;13;14;15;16;17;18;19;20;21;22;23;24;25,16,0,0
controlled-999,controlled,hit_50,lead_0.5/rep_13,14,0,0,No-Selected-Prefetch,0.5,0.0,128,10;11;12;13;14;15;16;17;18;19;20;21;22;23;24;25,,0,0,16
controlled-1000,controlled,hit_50,lead_0.5/rep_13,14,0,0,History-Last1,0.5,0.0,128,10;11;12;13;14;15;16;17;18;19;20;21;22;23;24;25,0;1;2;3;4;5;6;7;10;11;12;13;14;15;16;17,8,8,8
controlled-1001,controlled,hit_50,lead_0.5/rep_13,14,0,0,Oracle,0.5,0.0,128,10;11;12;13;14;15;16;17;18;19;20;21;22;23;24;25,10;11;12;13;14;15;16;17;18;19;20;21;22;23;24;25,16,0,0
controlled-1002,controlled,hit_50,lead_0.5/rep_14,15,0,0,No-Selected-Prefetch,0.5,0.0,128,10;11;12;13;14;15;16;17;18;19;20;21;22;23;24;25,,0,0,16
controlled-1003,controlled,hit_50,lead_0.5/rep_14,15,0,0,History-Last1,0.5,0.0,128,10;11;12;13;14;15;16;17;18;19;20;21;22;23;24;25,0;1;2;3;4;5;6;7;10;11;12;13;14;15;16;17,8,8,8
controlled-1004,controlled,hit_50,lead_0.5/rep_14,15,0,0,Oracle,0.5,0.0,128,10;11;12;13;14;15;16;17;18;19;20;21;22;23;24;25,10;11;12;13;14;15;16;17;18;19;20;21;22;23;24;25,16,0,0
controlled-1005,controlled,hit_50,lead_0.5/rep_15,16,0,0,No-Selected-Prefetch,0.5,0.0,128,10;11;12;13;14;15;16;17;18;19;20;21;22;23;24;25,,0,0,16
controlled-1006,controlled,hit_50,lead_0.5/rep_15,16,0,0,History-Last1,0.5,0.0,128,10;11;12;13;14;15;16;17;18;19;20;21;22;23;24;25,0;1;2;3;4;5;6;7;10;11;12;13;14;15;16;17,8,8,8
controlled-1007,controlled,hit_50,lead_0.5/rep_15,16,0,0,Oracle,0.5,0.0,128,10;11;12;13;14;15;16;17;18;19;20;21;22;23;24;25,10;11;12;13;14;15;16;17;18;19;20;21;22;23;24;25,16,0,0
controlled-1008,controlled,hit_50,lead_0.5/rep_16,17,0,0,No-Selected-Prefetch,0.5,0.0,128,10;11;12;13;14;15;16;17;18;19;20;21;22;23;24;25,,0,0,16
controlled-1009,controlled,hit_50,lead_0.5/rep_16,17,0,0,History-Last1,0.5,0.0,128,10;11;12;13;14;15;16;17;18;19;20;21;22;23;24;25,0;1;2;3;4;5;6;7;10;11;12;13;14;15;16;17,8,8,8
controlled-1010,controlled,hit_50,lead_0.5/rep_16,17,0,0,Oracle,0.5,0.0,128,10;11;12;13;14;15;16;17;18;19;20;21;22;23;24;25,10;11;12;13;14;15;16;17;18;19;20;21;22;23;24;25,16,0,0
controlled-1011,controlled,hit_50,lead_0.5/rep_17,18,0,0,No-Selected-Prefetch,0.5,0.0,128,10;11;12;13;14;15;16;17;18;19;20;21;22;23;24;25,,0,0,16
controlled-1012,controlled,hit_50,lead_0.5/rep_17,18,0,0,History-Last1,0.5,0.0,128,10;11;12;13;14;15;16;17;18;19;20;21;22;23;24;25,0;1;2;3;4;5;6;7;10;11;12;13;14;15;16;17,8,8,8
controlled-1013,controlled,hit_50,lead_0.5/rep_17,18,0,0,Oracle,0.5,0.0,128,10;11;12;13;14;15;16;17;18;19;20;21;22;23;24;25,10;11;12;13;14;15;16;17;18;19;20;21;22;23;24;25,16,0,0
controlled-1014,controlled,hit_50,lead_0.5/rep_18,19,0,0,No-Selected-Prefetch,0.5,0.0,128,10;11;12;13;14;15;16;17;18;19;20;21;22;23;24;25,,0,0,16
controlled-1015,controlled,hit_50,lead_0.5/rep_18,19,0,0,History-Last1,0.5,0.0,128,10;11;12;13;14;15;16;17;18;19;20;21;22;23;24;25,0;1;2;3;4;5;6;7;10;11;12;13;14;15;16;17,8,8,8
controlled-1016,controlled,hit_50,lead_0.5/rep_18,19,0,0,Oracle,0.5,0.0,128,10;11;12;13;14;15;16;17;18;19;20;21;22;23;24;25,10;11;12;13;14;15;16;17;18;19;20;21;22;23;24;25,16,0,0
controlled-1017,controlled,hit_50,lead_0.5/rep_19,20,0,0,No-Selected-Prefetch,0.5,0.0,128,10;11;12;13;14;15;16;17;18;19;20;21;22;23;24;25,,0,0,16
controlled-1018,controlled,hit_50,lead_0.5/rep_19,20,0,0,History-Last1,0.5,0.0,128,10;11;12;13;14;15;16;17;18;19;20;21;22;23;24;25,0;1;2;3;4;5;6;7;10;11;12;13;14;15;16;17,8,8,8
controlled-1019,controlled,hit_50,lead_0.5/rep_19,20,0,0,Oracle,0.5,0.0,128,10;11;12;13;14;15;16;17;18;19;20;21;22;23;24;25,10;11;12;13;14;15;16;17;18;19;20;21;22;23;24;25,16,0,0
controlled-1020,controlled,hit_50,lead_1/rep_0,1,0,0,No-Selected-Prefetch,1.0,0.0,128,10;11;12;13;14;15;16;17;18;19;20;21;22;23;24;25,,0,0,16
controlled-1021,controlled,hit_50,lead_1/rep_0,1,0,0,History-Last1,1.0,0.0,128,10;11;12;13;14;15;16;17;18;19;20;21;22;23;24;25,0;1;2;3;4;5;6;7;10;11;12;13;14;15;16;17,8,8,8
controlled-1022,controlled,hit_50,lead_1/rep_0,1,0,0,Oracle,1.0,0.0,128,10;11;12;13;14;15;16;17;18;19;20;21;22;23;24;25,10;11;12;13;14;15;16;17;18;19;20;21;22;23;24;25,16,0,0
controlled-1023,controlled,hit_50,lead_1/rep_1,2,0,0,No-Selected-Prefetch,1.0,0.0,128,10;11;12;13;14;15;16;17;18;19;20;21;22;23;24;25,,0,0,16
controlled-1024,controlled,hit_50,lead_1/rep_1,2,0,0,History-Last1,1.0,0.0,128,10;11;12;13;14;15;16;17;18;19;20;21;22;23;24;25,0;1;2;3;4;5;6;7;10;11;12;13;14;15;16;17,8,8,8
controlled-1025,controlled,hit_50,lead_1/rep_1,2,0,0,Oracle,1.0,0.0,128,10;11;12;13;14;15;16;17;18;19;20;21;22;23;24;25,10;11;12;13;14;15;16;17;18;19;20;21;22;23;24;25,16,0,0
controlled-1026,controlled,hit_50,lead_1/rep_2,3,0,0,No-Selected-Prefetch,1.0,0.0,128,10;11;12;13;14;15;16;17;18;19;20;21;22;23;24;25,,0,0,16
controlled-1027,controlled,hit_50,lead_1/rep_2,3,0,0,History-Last1,1.0,0.0,128,10;11;12;13;14;15;16;17;18;19;20;21;22;23;24;25,0;1;2;3;4;5;6;7;10;11;12;13;14;15;16;17,8,8,8
controlled-1028,controlled,hit_50,lead_1/rep_2,3,0,0,Oracle,1.0,0.0,128,10;11;12;13;14;15;16;17;18;19;20;21;22;23;24;25,10;11;12;13;14;15;16;17;18;19;20;21;22;23;24;25,16,0,0
controlled-1029,controlled,hit_50,lead_1/rep_3,4,0,0,No-Selected-Prefetch,1.0,0.0,128,10;11;12;13;14;15;16;17;18;19;20;21;22;23;24;25,,0,0,16
controlled-1030,controlled,hit_50,lead_1/rep_3,4,0,0,History-Last1,1.0,0.0,128,10;11;12;13;14;15;16;17;18;19;20;21;22;23;24;25,0;1;2;3;4;5;6;7;10;11;12;13;14;15;16;17,8,8,8
controlled-1031,controlled,hit_50,lead_1/rep_3,4,0,0,Oracle,1.0,0.0,128,10;11;12;13;14;15;16;17;18;19;20;21;22;23;24;25,10;11;12;13;14;15;16;17;18;19;20;21;22;23;24;25,16,0,0
controlled-1032,controlled,hit_50,lead_1/rep_4,5,0,0,No-Selected-Prefetch,1.0,0.0,128,10;11;12;13;14;15;16;17;18;19;20;21;22;23;24;25,,0,0,16
controlled-1033,controlled,hit_50,lead_1/rep_4,5,0,0,History-Last1,1.0,0.0,128,10;11;12;13;14;15;16;17;18;19;20;21;22;23;24;25,0;1;2;3;4;5;6;7;10;11;12;13;14;15;16;17,8,8,8
controlled-1034,controlled,hit_50,lead_1/rep_4,5,0,0,Oracle,1.0,0.0,128,10;11;12;13;14;15;16;17;18;19;20;21;22;23;24;25,10;11;12;13;14;15;16;17;18;19;20;21;22;23;24;25,16,0,0
controlled-1035,controlled,hit_50,lead_1/rep_5,6,0,0,No-Selected-Prefetch,1.0,0.0,128,10;11;12;13;14;15;16;17;18;19;20;21;22;23;24;25,,0,0,16
controlled-1036,controlled,hit_50,lead_1/rep_5,6,0,0,History-Last1,1.0,0.0,128,10;11;12;13;14;15;16;17;18;19;20;21;22;23;24;25,0;1;2;3;4;5;6;7;10;11;12;13;14;15;16;17,8,8,8
controlled-1037,controlled,hit_50,lead_1/rep_5,6,0,0,Oracle,1.0,0.0,128,10;11;12;13;14;15;16;17;18;19;20;21;22;23;24;25,10;11;12;13;14;15;16;17;18;19;20;21;22;23;24;25,16,0,0
controlled-1038,controlled,hit_50,lead_1/rep_6,7,0,0,No-Selected-Prefetch,1.0,0.0,128,10;11;12;13;14;15;16;17;18;19;20;21;22;23;24;25,,0,0,16
controlled-1039,controlled,hit_50,lead_1/rep_6,7,0,0,History-Last1,1.0,0.0,128,10;11;12;13;14;15;16;17;18;19;20;21;22;23;24;25,0;1;2;3;4;5;6;7;10;11;12;13;14;15;16;17,8,8,8
controlled-1040,controlled,hit_50,lead_1/rep_6,7,0,0,Oracle,1.0,0.0,128,10;11;12;13;14;15;16;17;18;19;20;21;22;23;24;25,10;11;12;13;14;15;16;17;18;19;20;21;22;23;24;25,16,0,0
controlled-1041,controlled,hit_50,lead_1/rep_7,8,0,0,No-Selected-Prefetch,1.0,0.0,128,10;11;12;13;14;15;16;17;18;19;20;21;22;23;24;25,,0,0,16
controlled-1042,controlled,hit_50,lead_1/rep_7,8,0,0,History-Last1,1.0,0.0,128,10;11;12;13;14;15;16;17;18;19;20;21;22;23;24;25,0;1;2;3;4;5;6;7;10;11;12;13;14;15;16;17,8,8,8
controlled-1043,controlled,hit_50,lead_1/rep_7,8,0,0,Oracle,1.0,0.0,128,10;11;12;13;14;15;16;17;18;19;20;21;22;23;24;25,10;11;12;13;14;15;16;17;18;19;20;21;22;23;24;25,16,0,0
controlled-1044,controlled,hit_50,lead_1/rep_8,9,0,0,No-Selected-Prefetch,1.0,0.0,128,10;11;12;13;14;15;16;17;18;19;20;21;22;23;24;25,,0,0,16
controlled-1045,controlled,hit_50,lead_1/rep_8,9,0,0,History-Last1,1.0,0.0,128,10;11;12;13;14;15;16;17;18;19;20;21;22;23;24;25,0;1;2;3;4;5;6;7;10;11;12;13;14;15;16;17,8,8,8
controlled-1046,controlled,hit_50,lead_1/rep_8,9,0,0,Oracle,1.0,0.0,128,10;11;12;13;14;15;16;17;18;19;20;21;22;23;24;25,10;11;12;13;14;15;16;17;18;19;20;21;22;23;24;25,16,0,0
controlled-1047,controlled,hit_50,lead_1/rep_9,10,0,0,No-Selected-Prefetch,1.0,0.0,128,10;11;12;13;14;15;16;17;18;19;20;21;22;23;24;25,,0,0,16
controlled-1048,controlled,hit_50,lead_1/rep_9,10,0,0,History-Last1,1.0,0.0,128,10;11;12;13;14;15;16;17;18;19;20;21;22;23;24;25,0;1;2;3;4;5;6;7;10;11;12;13;14;15;16;17,8,8,8
controlled-1049,controlled,hit_50,lead_1/rep_9,10,0,0,Oracle,1.0,0.0,128,10;11;12;13;14;15;16;17;18;19;20;21;22;23;24;25,10;11;12;13;14;15;16;17;18;19;20;21;22;23;24;25,16,0,0
controlled-1050,controlled,hit_50,lead_1/rep_10,11,0,0,No-Selected-Prefetch,1.0,0.0,128,10;11;12;13;14;15;16;17;18;19;20;21;22;23;24;25,,0,0,16
controlled-1051,controlled,hit_50,lead_1/rep_10,11,0,0,History-Last1,1.0,0.0,128,10;11;12;13;14;15;16;17;18;19;20;21;22;23;24;25,0;1;2;3;4;5;6;7;10;11;12;13;14;15;16;17,8,8,8
controlled-1052,controlled,hit_50,lead_1/rep_10,11,0,0,Oracle,1.0,0.0,128,10;11;12;13;14;15;16;17;18;19;20;21;22;23;24;25,10;11;12;13;14;15;16;17;18;19;20;21;22;23;24;25,16,0,0
controlled-1053,controlled,hit_50,lead_1/rep_11,12,0,0,No-Selected-Prefetch,1.0,0.0,128,10;11;12;13;14;15;16;17;18;19;20;21;22;23;24;25,,0,0,16
controlled-1054,controlled,hit_50,lead_1/rep_11,12,0,0,History-Last1,1.0,0.0,128,10;11;12;13;14;15;16;17;18;19;20;21;22;23;24;25,0;1;2;3;4;5;6;7;10;11;12;13;14;15;16;17,8,8,8
controlled-1055,controlled,hit_50,lead_1/rep_11,12,0,0,Oracle,1.0,0.0,128,10;11;12;13;14;15;16;17;18;19;20;21;22;23;24;25,10;11;12;13;14;15;16;17;18;19;20;21;22;23;24;25,16,0,0
controlled-1056,controlled,hit_50,lead_1/rep_12,13,0,0,No-Selected-Prefetch,1.0,0.0,128,10;11;12;13;14;15;16;17;18;19;20;21;22;23;24;25,,0,0,16
controlled-1057,controlled,hit_50,lead_1/rep_12,13,0,0,History-Last1,1.0,0.0,128,10;11;12;13;14;15;16;17;18;19;20;21;22;23;24;25,0;1;2;3;4;5;6;7;10;11;12;13;14;15;16;17,8,8,8
controlled-1058,controlled,hit_50,lead_1/rep_12,13,0,0,Oracle,1.0,0.0,128,10;11;12;13;14;15;16;17;18;19;20;21;22;23;24;25,10;11;12;13;14;15;16;17;18;19;20;21;22;23;24;25,16,0,0
controlled-1059,controlled,hit_50,lead_1/rep_13,14,0,0,No-Selected-Prefetch,1.0,0.0,128,10;11;12;13;14;15;16;17;18;19;20;21;22;23;24;25,,0,0,16
controlled-1060,controlled,hit_50,lead_1/rep_13,14,0,0,History-Last1,1.0,0.0,128,10;11;12;13;14;15;16;17;18;19;20;21;22;23;24;25,0;1;2;3;4;5;6;7;10;11;12;13;14;15;16;17,8,8,8
controlled-1061,controlled,hit_50,lead_1/rep_13,14,0,0,Oracle,1.0,0.0,128,10;11;12;13;14;15;16;17;18;19;20;21;22;23;24;25,10;11;12;13;14;15;16;17;18;19;20;21;22;23;24;25,16,0,0
controlled-1062,controlled,hit_50,lead_1/rep_14,15,0,0,No-Selected-Prefetch,1.0,0.0,128,10;11;12;13;14;15;16;17;18;19;20;21;22;23;24;25,,0,0,16
controlled-1063,controlled,hit_50,lead_1/rep_14,15,0,0,History-Last1,1.0,0.0,128,10;11;12;13;14;15;16;17;18;19;20;21;22;23;24;25,0;1;2;3;4;5;6;7;10;11;12;13;14;15;16;17,8,8,8
controlled-1064,controlled,hit_50,lead_1/rep_14,15,0,0,Oracle,1.0,0.0,128,10;11;12;13;14;15;16;17;18;19;20;21;22;23;24;25,10;11;12;13;14;15;16;17;18;19;20;21;22;23;24;25,16,0,0
controlled-1065,controlled,hit_50,lead_1/rep_15,16,0,0,No-Selected-Prefetch,1.0,0.0,128,10;11;12;13;14;15;16;17;18;19;20;21;22;23;24;25,,0,0,16
controlled-1066,controlled,hit_50,lead_1/rep_15,16,0,0,History-Last1,1.0,0.0,128,10;11;12;13;14;15;16;17;18;19;20;21;22;23;24;25,0;1;2;3;4;5;6;7;10;11;12;13;14;15;16;17,8,8,8
controlled-1067,controlled,hit_50,lead_1/rep_15,16,0,0,Oracle,1.0,0.0,128,10;11;12;13;14;15;16;17;18;19;20;21;22;23;24;25,10;11;12;13;14;15;16;17;18;19;20;21;22;23;24;25,16,0,0
controlled-1068,controlled,hit_50,lead_1/rep_16,17,0,0,No-Selected-Prefetch,1.0,0.0,128,10;11;12;13;14;15;16;17;18;19;20;21;22;23;24;25,,0,0,16
controlled-1069,controlled,hit_50,lead_1/rep_16,17,0,0,History-Last1,1.0,0.0,128,10;11;12;13;14;15;16;17;18;19;20;21;22;23;24;25,0;1;2;3;4;5;6;7;10;11;12;13;14;15;16;17,8,8,8
controlled-1070,controlled,hit_50,lead_1/rep_16,17,0,0,Oracle,1.0,0.0,128,10;11;12;13;14;15;16;17;18;19;20;21;22;23;24;25,10;11;12;13;14;15;16;17;18;19;20;21;22;23;24;25,16,0,0
controlled-1071,controlled,hit_50,lead_1/rep_17,18,0,0,No-Selected-Prefetch,1.0,0.0,128,10;11;12;13;14;15;16;17;18;19;20;21;22;23;24;25,,0,0,16
controlled-1072,controlled,hit_50,lead_1/rep_17,18,0,0,History-Last1,1.0,0.0,128,10;11;12;13;14;15;16;17;18;19;20;21;22;23;24;25,0;1;2;3;4;5;6;7;10;11;12;13;14;15;16;17,8,8,8
controlled-1073,controlled,hit_50,lead_1/rep_17,18,0,0,Oracle,1.0,0.0,128,10;11;12;13;14;15;16;17;18;19;20;21;22;23;24;25,10;11;12;13;14;15;16;17;18;19;20;21;22;23;24;25,16,0,0
controlled-1074,controlled,hit_50,lead_1/rep_18,19,0,0,No-Selected-Prefetch,1.0,0.0,128,10;11;12;13;14;15;16;17;18;19;20;21;22;23;24;25,,0,0,16
controlled-1075,controlled,hit_50,lead_1/rep_18,19,0,0,History-Last1,1.0,0.0,128,10;11;12;13;14;15;16;17;18;19;20;21;22;23;24;25,0;1;2;3;4;5;6;7;10;11;12;13;14;15;16;17,8,8,8
controlled-1076,controlled,hit_50,lead_1/rep_18,19,0,0,Oracle,1.0,0.0,128,10;11;12;13;14;15;16;17;18;19;20;21;22;23;24;25,10;11;12;13;14;15;16;17;18;19;20;21;22;23;24;25,16,0,0
controlled-1077,controlled,hit_50,lead_1/rep_19,20,0,0,No-Selected-Prefetch,1.0,0.0,128,10;11;12;13;14;15;16;17;18;19;20;21;22;23;24;25,,0,0,16
controlled-1078,controlled,hit_50,lead_1/rep_19,20,0,0,History-Last1,1.0,0.0,128,10;11;12;13;14;15;16;17;18;19;20;21;22;23;24;25,0;1;2;3;4;5;6;7;10;11;12;13;14;15;16;17,8,8,8
controlled-1079,controlled,hit_50,lead_1/rep_19,20,0,0,Oracle,1.0,0.0,128,10;11;12;13;14;15;16;17;18;19;20;21;22;23;24;25,10;11;12;13;14;15;16;17;18;19;20;21;22;23;24;25,16,0,0
controlled-1080,controlled,hit_50,lead_2/rep_0,1,0,0,No-Selected-Prefetch,2.0,0.0,128,10;11;12;13;14;15;16;17;18;19;20;21;22;23;24;25,,0,0,16
controlled-1081,controlled,hit_50,lead_2/rep_0,1,0,0,History-Last1,2.0,0.0,128,10;11;12;13;14;15;16;17;18;19;20;21;22;23;24;25,0;1;2;3;4;5;6;7;10;11;12;13;14;15;16;17,8,8,8
controlled-1082,controlled,hit_50,lead_2/rep_0,1,0,0,Oracle,2.0,0.0,128,10;11;12;13;14;15;16;17;18;19;20;21;22;23;24;25,10;11;12;13;14;15;16;17;18;19;20;21;22;23;24;25,16,0,0
controlled-1083,controlled,hit_50,lead_2/rep_1,2,0,0,No-Selected-Prefetch,2.0,0.0,128,10;11;12;13;14;15;16;17;18;19;20;21;22;23;24;25,,0,0,16
controlled-1084,controlled,hit_50,lead_2/rep_1,2,0,0,History-Last1,2.0,0.0,128,10;11;12;13;14;15;16;17;18;19;20;21;22;23;24;25,0;1;2;3;4;5;6;7;10;11;12;13;14;15;16;17,8,8,8
controlled-1085,controlled,hit_50,lead_2/rep_1,2,0,0,Oracle,2.0,0.0,128,10;11;12;13;14;15;16;17;18;19;20;21;22;23;24;25,10;11;12;13;14;15;16;17;18;19;20;21;22;23;24;25,16,0,0
controlled-1086,controlled,hit_50,lead_2/rep_2,3,0,0,No-Selected-Prefetch,2.0,0.0,128,10;11;12;13;14;15;16;17;18;19;20;21;22;23;24;25,,0,0,16
controlled-1087,controlled,hit_50,lead_2/rep_2,3,0,0,History-Last1,2.0,0.0,128,10;11;12;13;14;15;16;17;18;19;20;21;22;23;24;25,0;1;2;3;4;5;6;7;10;11;12;13;14;15;16;17,8,8,8
controlled-1088,controlled,hit_50,lead_2/rep_2,3,0,0,Oracle,2.0,0.0,128,10;11;12;13;14;15;16;17;18;19;20;21;22;23;24;25,10;11;12;13;14;15;16;17;18;19;20;21;22;23;24;25,16,0,0
controlled-1089,controlled,hit_50,lead_2/rep_3,4,0,0,No-Selected-Prefetch,2.0,0.0,128,10;11;12;13;14;15;16;17;18;19;20;21;22;23;24;25,,0,0,16
controlled-1090,controlled,hit_50,lead_2/rep_3,4,0,0,History-Last1,2.0,0.0,128,10;11;12;13;14;15;16;17;18;19;20;21;22;23;24;25,0;1;2;3;4;5;6;7;10;11;12;13;14;15;16;17,8,8,8
controlled-1091,controlled,hit_50,lead_2/rep_3,4,0,0,Oracle,2.0,0.0,128,10;11;12;13;14;15;16;17;18;19;20;21;22;23;24;25,10;11;12;13;14;15;16;17;18;19;20;21;22;23;24;25,16,0,0
controlled-1092,controlled,hit_50,lead_2/rep_4,5,0,0,No-Selected-Prefetch,2.0,0.0,128,10;11;12;13;14;15;16;17;18;19;20;21;22;23;24;25,,0,0,16
controlled-1093,controlled,hit_50,lead_2/rep_4,5,0,0,History-Last1,2.0,0.0,128,10;11;12;13;14;15;16;17;18;19;20;21;22;23;24;25,0;1;2;3;4;5;6;7;10;11;12;13;14;15;16;17,8,8,8
controlled-1094,controlled,hit_50,lead_2/rep_4,5,0,0,Oracle,2.0,0.0,128,10;11;12;13;14;15;16;17;18;19;20;21;22;23;24;25,10;11;12;13;14;15;16;17;18;19;20;21;22;23;24;25,16,0,0
controlled-1095,controlled,hit_50,lead_2/rep_5,6,0,0,No-Selected-Prefetch,2.0,0.0,128,10;11;12;13;14;15;16;17;18;19;20;21;22;23;24;25,,0,0,16
controlled-1096,controlled,hit_50,lead_2/rep_5,6,0,0,History-Last1,2.0,0.0,128,10;11;12;13;14;15;16;17;18;19;20;21;22;23;24;25,0;1;2;3;4;5;6;7;10;11;12;13;14;15;16;17,8,8,8
controlled-1097,controlled,hit_50,lead_2/rep_5,6,0,0,Oracle,2.0,0.0,128,10;11;12;13;14;15;16;17;18;19;20;21;22;23;24;25,10;11;12;13;14;15;16;17;18;19;20;21;22;23;24;25,16,0,0
controlled-1098,controlled,hit_50,lead_2/rep_6,7,0,0,No-Selected-Prefetch,2.0,0.0,128,10;11;12;13;14;15;16;17;18;19;20;21;22;23;24;25,,0,0,16
controlled-1099,controlled,hit_50,lead_2/rep_6,7,0,0,History-Last1,2.0,0.0,128,10;11;12;13;14;15;16;17;18;19;20;21;22;23;24;25,0;1;2;3;4;5;6;7;10;11;12;13;14;15;16;17,8,8,8
controlled-1100,controlled,hit_50,lead_2/rep_6,7,0,0,Oracle,2.0,0.0,128,10;11;12;13;14;15;16;17;18;19;20;21;22;23;24;25,10;11;12;13;14;15;16;17;18;19;20;21;22;23;24;25,16,0,0
controlled-1101,controlled,hit_50,lead_2/rep_7,8,0,0,No-Selected-Prefetch,2.0,0.0,128,10;11;12;13;14;15;16;17;18;19;20;21;22;23;24;25,,0,0,16
controlled-1102,controlled,hit_50,lead_2/rep_7,8,0,0,History-Last1,2.0,0.0,128,10;11;12;13;14;15;16;17;18;19;20;21;22;23;24;25,0;1;2;3;4;5;6;7;10;11;12;13;14;15;16;17,8,8,8
controlled-1103,controlled,hit_50,lead_2/rep_7,8,0,0,Oracle,2.0,0.0,128,10;11;12;13;14;15;16;17;18;19;20;21;22;23;24;25,10;11;12;13;14;15;16;17;18;19;20;21;22;23;24;25,16,0,0
controlled-1104,controlled,hit_50,lead_2/rep_8,9,0,0,No-Selected-Prefetch,2.0,0.0,128,10;11;12;13;14;15;16;17;18;19;20;21;22;23;24;25,,0,0,16
controlled-1105,controlled,hit_50,lead_2/rep_8,9,0,0,History-Last1,2.0,0.0,128,10;11;12;13;14;15;16;17;18;19;20;21;22;23;24;25,0;1;2;3;4;5;6;7;10;11;12;13;14;15;16;17,8,8,8
controlled-1106,controlled,hit_50,lead_2/rep_8,9,0,0,Oracle,2.0,0.0,128,10;11;12;13;14;15;16;17;18;19;20;21;22;23;24;25,10;11;12;13;14;15;16;17;18;19;20;21;22;23;24;25,16,0,0
controlled-1107,controlled,hit_50,lead_2/rep_9,10,0,0,No-Selected-Prefetch,2.0,0.0,128,10;11;12;13;14;15;16;17;18;19;20;21;22;23;24;25,,0,0,16
controlled-1108,controlled,hit_50,lead_2/rep_9,10,0,0,History-Last1,2.0,0.0,128,10;11;12;13;14;15;16;17;18;19;20;21;22;23;24;25,0;1;2;3;4;5;6;7;10;11;12;13;14;15;16;17,8,8,8
controlled-1109,controlled,hit_50,lead_2/rep_9,10,0,0,Oracle,2.0,0.0,128,10;11;12;13;14;15;16;17;18;19;20;21;22;23;24;25,10;11;12;13;14;15;16;17;18;19;20;21;22;23;24;25,16,0,0
controlled-1110,controlled,hit_50,lead_2/rep_10,11,0,0,No-Selected-Prefetch,2.0,0.0,128,10;11;12;13;14;15;16;17;18;19;20;21;22;23;24;25,,0,0,16
controlled-1111,controlled,hit_50,lead_2/rep_10,11,0,0,History-Last1,2.0,0.0,128,10;11;12;13;14;15;16;17;18;19;20;21;22;23;24;25,0;1;2;3;4;5;6;7;10;11;12;13;14;15;16;17,8,8,8
controlled-1112,controlled,hit_50,lead_2/rep_10,11,0,0,Oracle,2.0,0.0,128,10;11;12;13;14;15;16;17;18;19;20;21;22;23;24;25,10;11;12;13;14;15;16;17;18;19;20;21;22;23;24;25,16,0,0
controlled-1113,controlled,hit_50,lead_2/rep_11,12,0,0,No-Selected-Prefetch,2.0,0.0,128,10;11;12;13;14;15;16;17;18;19;20;21;22;23;24;25,,0,0,16
controlled-1114,controlled,hit_50,lead_2/rep_11,12,0,0,History-Last1,2.0,0.0,128,10;11;12;13;14;15;16;17;18;19;20;21;22;23;24;25,0;1;2;3;4;5;6;7;10;11;12;13;14;15;16;17,8,8,8
controlled-1115,controlled,hit_50,lead_2/rep_11,12,0,0,Oracle,2.0,0.0,128,10;11;12;13;14;15;16;17;18;19;20;21;22;23;24;25,10;11;12;13;14;15;16;17;18;19;20;21;22;23;24;25,16,0,0
controlled-1116,controlled,hit_50,lead_2/rep_12,13,0,0,No-Selected-Prefetch,2.0,0.0,128,10;11;12;13;14;15;16;17;18;19;20;21;22;23;24;25,,0,0,16
controlled-1117,controlled,hit_50,lead_2/rep_12,13,0,0,History-Last1,2.0,0.0,128,10;11;12;13;14;15;16;17;18;19;20;21;22;23;24;25,0;1;2;3;4;5;6;7;10;11;12;13;14;15;16;17,8,8,8
controlled-1118,controlled,hit_50,lead_2/rep_12,13,0,0,Oracle,2.0,0.0,128,10;11;12;13;14;15;16;17;18;19;20;21;22;23;24;25,10;11;12;13;14;15;16;17;18;19;20;21;22;23;24;25,16,0,0
controlled-1119,controlled,hit_50,lead_2/rep_13,14,0,0,No-Selected-Prefetch,2.0,0.0,128,10;11;12;13;14;15;16;17;18;19;20;21;22;23;24;25,,0,0,16
controlled-1120,controlled,hit_50,lead_2/rep_13,14,0,0,History-Last1,2.0,0.0,128,10;11;12;13;14;15;16;17;18;19;20;21;22;23;24;25,0;1;2;3;4;5;6;7;10;11;12;13;14;15;16;17,8,8,8
controlled-1121,controlled,hit_50,lead_2/rep_13,14,0,0,Oracle,2.0,0.0,128,10;11;12;13;14;15;16;17;18;19;20;21;22;23;24;25,10;11;12;13;14;15;16;17;18;19;20;21;22;23;24;25,16,0,0
controlled-1122,controlled,hit_50,lead_2/rep_14,15,0,0,No-Selected-Prefetch,2.0,0.0,128,10;11;12;13;14;15;16;17;18;19;20;21;22;23;24;25,,0,0,16
controlled-1123,controlled,hit_50,lead_2/rep_14,15,0,0,History-Last1,2.0,0.0,128,10;11;12;13;14;15;16;17;18;19;20;21;22;23;24;25,0;1;2;3;4;5;6;7;10;11;12;13;14;15;16;17,8,8,8
controlled-1124,controlled,hit_50,lead_2/rep_14,15,0,0,Oracle,2.0,0.0,128,10;11;12;13;14;15;16;17;18;19;20;21;22;23;24;25,10;11;12;13;14;15;16;17;18;19;20;21;22;23;24;25,16,0,0
controlled-1125,controlled,hit_50,lead_2/rep_15,16,0,0,No-Selected-Prefetch,2.0,0.0,128,10;11;12;13;14;15;16;17;18;19;20;21;22;23;24;25,,0,0,16
controlled-1126,controlled,hit_50,lead_2/rep_15,16,0,0,History-Last1,2.0,0.0,128,10;11;12;13;14;15;16;17;18;19;20;21;22;23;24;25,0;1;2;3;4;5;6;7;10;11;12;13;14;15;16;17,8,8,8
controlled-1127,controlled,hit_50,lead_2/rep_15,16,0,0,Oracle,2.0,0.0,128,10;11;12;13;14;15;16;17;18;19;20;21;22;23;24;25,10;11;12;13;14;15;16;17;18;19;20;21;22;23;24;25,16,0,0
controlled-1128,controlled,hit_50,lead_2/rep_16,17,0,0,No-Selected-Prefetch,2.0,0.0,128,10;11;12;13;14;15;16;17;18;19;20;21;22;23;24;25,,0,0,16
controlled-1129,controlled,hit_50,lead_2/rep_16,17,0,0,History-Last1,2.0,0.0,128,10;11;12;13;14;15;16;17;18;19;20;21;22;23;24;25,0;1;2;3;4;5;6;7;10;11;12;13;14;15;16;17,8,8,8
controlled-1130,controlled,hit_50,lead_2/rep_16,17,0,0,Oracle,2.0,0.0,128,10;11;12;13;14;15;16;17;18;19;20;21;22;23;24;25,10;11;12;13;14;15;16;17;18;19;20;21;22;23;24;25,16,0,0
controlled-1131,controlled,hit_50,lead_2/rep_17,18,0,0,No-Selected-Prefetch,2.0,0.0,128,10;11;12;13;14;15;16;17;18;19;20;21;22;23;24;25,,0,0,16
controlled-1132,controlled,hit_50,lead_2/rep_17,18,0,0,History-Last1,2.0,0.0,128,10;11;12;13;14;15;16;17;18;19;20;21;22;23;24;25,0;1;2;3;4;5;6;7;10;11;12;13;14;15;16;17,8,8,8
controlled-1133,controlled,hit_50,lead_2/rep_17,18,0,0,Oracle,2.0,0.0,128,10;11;12;13;14;15;16;17;18;19;20;21;22;23;24;25,10;11;12;13;14;15;16;17;18;19;20;21;22;23;24;25,16,0,0
controlled-1134,controlled,hit_50,lead_2/rep_18,19,0,0,No-Selected-Prefetch,2.0,0.0,128,10;11;12;13;14;15;16;17;18;19;20;21;22;23;24;25,,0,0,16
controlled-1135,controlled,hit_50,lead_2/rep_18,19,0,0,History-Last1,2.0,0.0,128,10;11;12;13;14;15;16;17;18;19;20;21;22;23;24;25,0;1;2;3;4;5;6;7;10;11;12;13;14;15;16;17,8,8,8
controlled-1136,controlled,hit_50,lead_2/rep_18,19,0,0,Oracle,2.0,0.0,128,10;11;12;13;14;15;16;17;18;19;20;21;22;23;24;25,10;11;12;13;14;15;16;17;18;19;20;21;22;23;24;25,16,0,0
controlled-1137,controlled,hit_50,lead_2/rep_19,20,0,0,No-Selected-Prefetch,2.0,0.0,128,10;11;12;13;14;15;16;17;18;19;20;21;22;23;24;25,,0,0,16
controlled-1138,controlled,hit_50,lead_2/rep_19,20,0,0,History-Last1,2.0,0.0,128,10;11;12;13;14;15;16;17;18;19;20;21;22;23;24;25,0;1;2;3;4;5;6;7;10;11;12;13;14;15;16;17,8,8,8
controlled-1139,controlled,hit_50,lead_2/rep_19,20,0,0,Oracle,2.0,0.0,128,10;11;12;13;14;15;16;17;18;19;20;21;22;23;24;25,10;11;12;13;14;15;16;17;18;19;20;21;22;23;24;25,16,0,0
controlled-1140,controlled,hit_50,lead_4/rep_0,1,0,0,No-Selected-Prefetch,4.0,0.0,128,10;11;12;13;14;15;16;17;18;19;20;21;22;23;24;25,,0,0,16
controlled-1141,controlled,hit_50,lead_4/rep_0,1,0,0,History-Last1,4.0,0.0,128,10;11;12;13;14;15;16;17;18;19;20;21;22;23;24;25,0;1;2;3;4;5;6;7;10;11;12;13;14;15;16;17,8,8,8
controlled-1142,controlled,hit_50,lead_4/rep_0,1,0,0,Oracle,4.0,0.0,128,10;11;12;13;14;15;16;17;18;19;20;21;22;23;24;25,10;11;12;13;14;15;16;17;18;19;20;21;22;23;24;25,16,0,0
controlled-1143,controlled,hit_50,lead_4/rep_1,2,0,0,No-Selected-Prefetch,4.0,0.0,128,10;11;12;13;14;15;16;17;18;19;20;21;22;23;24;25,,0,0,16
controlled-1144,controlled,hit_50,lead_4/rep_1,2,0,0,History-Last1,4.0,0.0,128,10;11;12;13;14;15;16;17;18;19;20;21;22;23;24;25,0;1;2;3;4;5;6;7;10;11;12;13;14;15;16;17,8,8,8
controlled-1145,controlled,hit_50,lead_4/rep_1,2,0,0,Oracle,4.0,0.0,128,10;11;12;13;14;15;16;17;18;19;20;21;22;23;24;25,10;11;12;13;14;15;16;17;18;19;20;21;22;23;24;25,16,0,0
controlled-1146,controlled,hit_50,lead_4/rep_2,3,0,0,No-Selected-Prefetch,4.0,0.0,128,10;11;12;13;14;15;16;17;18;19;20;21;22;23;24;25,,0,0,16
controlled-1147,controlled,hit_50,lead_4/rep_2,3,0,0,History-Last1,4.0,0.0,128,10;11;12;13;14;15;16;17;18;19;20;21;22;23;24;25,0;1;2;3;4;5;6;7;10;11;12;13;14;15;16;17,8,8,8
controlled-1148,controlled,hit_50,lead_4/rep_2,3,0,0,Oracle,4.0,0.0,128,10;11;12;13;14;15;16;17;18;19;20;21;22;23;24;25,10;11;12;13;14;15;16;17;18;19;20;21;22;23;24;25,16,0,0
controlled-1149,controlled,hit_50,lead_4/rep_3,4,0,0,No-Selected-Prefetch,4.0,0.0,128,10;11;12;13;14;15;16;17;18;19;20;21;22;23;24;25,,0,0,16
controlled-1150,controlled,hit_50,lead_4/rep_3,4,0,0,History-Last1,4.0,0.0,128,10;11;12;13;14;15;16;17;18;19;20;21;22;23;24;25,0;1;2;3;4;5;6;7;10;11;12;13;14;15;16;17,8,8,8
controlled-1151,controlled,hit_50,lead_4/rep_3,4,0,0,Oracle,4.0,0.0,128,10;11;12;13;14;15;16;17;18;19;20;21;22;23;24;25,10;11;12;13;14;15;16;17;18;19;20;21;22;23;24;25,16,0,0
controlled-1152,controlled,hit_50,lead_4/rep_4,5,0,0,No-Selected-Prefetch,4.0,0.0,128,10;11;12;13;14;15;16;17;18;19;20;21;22;23;24;25,,0,0,16
controlled-1153,controlled,hit_50,lead_4/rep_4,5,0,0,History-Last1,4.0,0.0,128,10;11;12;13;14;15;16;17;18;19;20;21;22;23;24;25,0;1;2;3;4;5;6;7;10;11;12;13;14;15;16;17,8,8,8
controlled-1154,controlled,hit_50,lead_4/rep_4,5,0,0,Oracle,4.0,0.0,128,10;11;12;13;14;15;16;17;18;19;20;21;22;23;24;25,10;11;12;13;14;15;16;17;18;19;20;21;22;23;24;25,16,0,0
controlled-1155,controlled,hit_50,lead_4/rep_5,6,0,0,No-Selected-Prefetch,4.0,0.0,128,10;11;12;13;14;15;16;17;18;19;20;21;22;23;24;25,,0,0,16
controlled-1156,controlled,hit_50,lead_4/rep_5,6,0,0,History-Last1,4.0,0.0,128,10;11;12;13;14;15;16;17;18;19;20;21;22;23;24;25,0;1;2;3;4;5;6;7;10;11;12;13;14;15;16;17,8,8,8
controlled-1157,controlled,hit_50,lead_4/rep_5,6,0,0,Oracle,4.0,0.0,128,10;11;12;13;14;15;16;17;18;19;20;21;22;23;24;25,10;11;12;13;14;15;16;17;18;19;20;21;22;23;24;25,16,0,0
controlled-1158,controlled,hit_50,lead_4/rep_6,7,0,0,No-Selected-Prefetch,4.0,0.0,128,10;11;12;13;14;15;16;17;18;19;20;21;22;23;24;25,,0,0,16
controlled-1159,controlled,hit_50,lead_4/rep_6,7,0,0,History-Last1,4.0,0.0,128,10;11;12;13;14;15;16;17;18;19;20;21;22;23;24;25,0;1;2;3;4;5;6;7;10;11;12;13;14;15;16;17,8,8,8
controlled-1160,controlled,hit_50,lead_4/rep_6,7,0,0,Oracle,4.0,0.0,128,10;11;12;13;14;15;16;17;18;19;20;21;22;23;24;25,10;11;12;13;14;15;16;17;18;19;20;21;22;23;24;25,16,0,0
controlled-1161,controlled,hit_50,lead_4/rep_7,8,0,0,No-Selected-Prefetch,4.0,0.0,128,10;11;12;13;14;15;16;17;18;19;20;21;22;23;24;25,,0,0,16
controlled-1162,controlled,hit_50,lead_4/rep_7,8,0,0,History-Last1,4.0,0.0,128,10;11;12;13;14;15;16;17;18;19;20;21;22;23;24;25,0;1;2;3;4;5;6;7;10;11;12;13;14;15;16;17,8,8,8
controlled-1163,controlled,hit_50,lead_4/rep_7,8,0,0,Oracle,4.0,0.0,128,10;11;12;13;14;15;16;17;18;19;20;21;22;23;24;25,10;11;12;13;14;15;16;17;18;19;20;21;22;23;24;25,16,0,0
controlled-1164,controlled,hit_50,lead_4/rep_8,9,0,0,No-Selected-Prefetch,4.0,0.0,128,10;11;12;13;14;15;16;17;18;19;20;21;22;23;24;25,,0,0,16
controlled-1165,controlled,hit_50,lead_4/rep_8,9,0,0,History-Last1,4.0,0.0,128,10;11;12;13;14;15;16;17;18;19;20;21;22;23;24;25,0;1;2;3;4;5;6;7;10;11;12;13;14;15;16;17,8,8,8
controlled-1166,controlled,hit_50,lead_4/rep_8,9,0,0,Oracle,4.0,0.0,128,10;11;12;13;14;15;16;17;18;19;20;21;22;23;24;25,10;11;12;13;14;15;16;17;18;19;20;21;22;23;24;25,16,0,0
controlled-1167,controlled,hit_50,lead_4/rep_9,10,0,0,No-Selected-Prefetch,4.0,0.0,128,10;11;12;13;14;15;16;17;18;19;20;21;22;23;24;25,,0,0,16
controlled-1168,controlled,hit_50,lead_4/rep_9,10,0,0,History-Last1,4.0,0.0,128,10;11;12;13;14;15;16;17;18;19;20;21;22;23;24;25,0;1;2;3;4;5;6;7;10;11;12;13;14;15;16;17,8,8,8
controlled-1169,controlled,hit_50,lead_4/rep_9,10,0,0,Oracle,4.0,0.0,128,10;11;12;13;14;15;16;17;18;19;20;21;22;23;24;25,10;11;12;13;14;15;16;17;18;19;20;21;22;23;24;25,16,0,0
controlled-1170,controlled,hit_50,lead_4/rep_10,11,0,0,No-Selected-Prefetch,4.0,0.0,128,10;11;12;13;14;15;16;17;18;19;20;21;22;23;24;25,,0,0,16
controlled-1171,controlled,hit_50,lead_4/rep_10,11,0,0,History-Last1,4.0,0.0,128,10;11;12;13;14;15;16;17;18;19;20;21;22;23;24;25,0;1;2;3;4;5;6;7;10;11;12;13;14;15;16;17,8,8,8
controlled-1172,controlled,hit_50,lead_4/rep_10,11,0,0,Oracle,4.0,0.0,128,10;11;12;13;14;15;16;17;18;19;20;21;22;23;24;25,10;11;12;13;14;15;16;17;18;19;20;21;22;23;24;25,16,0,0
controlled-1173,controlled,hit_50,lead_4/rep_11,12,0,0,No-Selected-Prefetch,4.0,0.0,128,10;11;12;13;14;15;16;17;18;19;20;21;22;23;24;25,,0,0,16
controlled-1174,controlled,hit_50,lead_4/rep_11,12,0,0,History-Last1,4.0,0.0,128,10;11;12;13;14;15;16;17;18;19;20;21;22;23;24;25,0;1;2;3;4;5;6;7;10;11;12;13;14;15;16;17,8,8,8
controlled-1175,controlled,hit_50,lead_4/rep_11,12,0,0,Oracle,4.0,0.0,128,10;11;12;13;14;15;16;17;18;19;20;21;22;23;24;25,10;11;12;13;14;15;16;17;18;19;20;21;22;23;24;25,16,0,0
controlled-1176,controlled,hit_50,lead_4/rep_12,13,0,0,No-Selected-Prefetch,4.0,0.0,128,10;11;12;13;14;15;16;17;18;19;20;21;22;23;24;25,,0,0,16
controlled-1177,controlled,hit_50,lead_4/rep_12,13,0,0,History-Last1,4.0,0.0,128,10;11;12;13;14;15;16;17;18;19;20;21;22;23;24;25,0;1;2;3;4;5;6;7;10;11;12;13;14;15;16;17,8,8,8
controlled-1178,controlled,hit_50,lead_4/rep_12,13,0,0,Oracle,4.0,0.0,128,10;11;12;13;14;15;16;17;18;19;20;21;22;23;24;25,10;11;12;13;14;15;16;17;18;19;20;21;22;23;24;25,16,0,0
controlled-1179,controlled,hit_50,lead_4/rep_13,14,0,0,No-Selected-Prefetch,4.0,0.0,128,10;11;12;13;14;15;16;17;18;19;20;21;22;23;24;25,,0,0,16
controlled-1180,controlled,hit_50,lead_4/rep_13,14,0,0,History-Last1,4.0,0.0,128,10;11;12;13;14;15;16;17;18;19;20;21;22;23;24;25,0;1;2;3;4;5;6;7;10;11;12;13;14;15;16;17,8,8,8
controlled-1181,controlled,hit_50,lead_4/rep_13,14,0,0,Oracle,4.0,0.0,128,10;11;12;13;14;15;16;17;18;19;20;21;22;23;24;25,10;11;12;13;14;15;16;17;18;19;20;21;22;23;24;25,16,0,0
controlled-1182,controlled,hit_50,lead_4/rep_14,15,0,0,No-Selected-Prefetch,4.0,0.0,128,10;11;12;13;14;15;16;17;18;19;20;21;22;23;24;25,,0,0,16
controlled-1183,controlled,hit_50,lead_4/rep_14,15,0,0,History-Last1,4.0,0.0,128,10;11;12;13;14;15;16;17;18;19;20;21;22;23;24;25,0;1;2;3;4;5;6;7;10;11;12;13;14;15;16;17,8,8,8
controlled-1184,controlled,hit_50,lead_4/rep_14,15,0,0,Oracle,4.0,0.0,128,10;11;12;13;14;15;16;17;18;19;20;21;22;23;24;25,10;11;12;13;14;15;16;17;18;19;20;21;22;23;24;25,16,0,0
controlled-1185,controlled,hit_50,lead_4/rep_15,16,0,0,No-Selected-Prefetch,4.0,0.0,128,10;11;12;13;14;15;16;17;18;19;20;21;22;23;24;25,,0,0,16
controlled-1186,controlled,hit_50,lead_4/rep_15,16,0,0,History-Last1,4.0,0.0,128,10;11;12;13;14;15;16;17;18;19;20;21;22;23;24;25,0;1;2;3;4;5;6;7;10;11;12;13;14;15;16;17,8,8,8
controlled-1187,controlled,hit_50,lead_4/rep_15,16,0,0,Oracle,4.0,0.0,128,10;11;12;13;14;15;16;17;18;19;20;21;22;23;24;25,10;11;12;13;14;15;16;17;18;19;20;21;22;23;24;25,16,0,0
controlled-1188,controlled,hit_50,lead_4/rep_16,17,0,0,No-Selected-Prefetch,4.0,0.0,128,10;11;12;13;14;15;16;17;18;19;20;21;22;23;24;25,,0,0,16
controlled-1189,controlled,hit_50,lead_4/rep_16,17,0,0,History-Last1,4.0,0.0,128,10;11;12;13;14;15;16;17;18;19;20;21;22;23;24;25,0;1;2;3;4;5;6;7;10;11;12;13;14;15;16;17,8,8,8
controlled-1190,controlled,hit_50,lead_4/rep_16,17,0,0,Oracle,4.0,0.0,128,10;11;12;13;14;15;16;17;18;19;20;21;22;23;24;25,10;11;12;13;14;15;16;17;18;19;20;21;22;23;24;25,16,0,0
controlled-1191,controlled,hit_50,lead_4/rep_17,18,0,0,No-Selected-Prefetch,4.0,0.0,128,10;11;12;13;14;15;16;17;18;19;20;21;22;23;24;25,,0,0,16
controlled-1192,controlled,hit_50,lead_4/rep_17,18,0,0,History-Last1,4.0,0.0,128,10;11;12;13;14;15;16;17;18;19;20;21;22;23;24;25,0;1;2;3;4;5;6;7;10;11;12;13;14;15;16;17,8,8,8
controlled-1193,controlled,hit_50,lead_4/rep_17,18,0,0,Oracle,4.0,0.0,128,10;11;12;13;14;15;16;17;18;19;20;21;22;23;24;25,10;11;12;13;14;15;16;17;18;19;20;21;22;23;24;25,16,0,0
controlled-1194,controlled,hit_50,lead_4/rep_18,19,0,0,No-Selected-Prefetch,4.0,0.0,128,10;11;12;13;14;15;16;17;18;19;20;21;22;23;24;25,,0,0,16
controlled-1195,controlled,hit_50,lead_4/rep_18,19,0,0,History-Last1,4.0,0.0,128,10;11;12;13;14;15;16;17;18;19;20;21;22;23;24;25,0;1;2;3;4;5;6;7;10;11;12;13;14;15;16;17,8,8,8
controlled-1196,controlled,hit_50,lead_4/rep_18,19,0,0,Oracle,4.0,0.0,128,10;11;12;13;14;15;16;17;18;19;20;21;22;23;24;25,10;11;12;13;14;15;16;17;18;19;20;21;22;23;24;25,16,0,0
controlled-1197,controlled,hit_50,lead_4/rep_19,20,0,0,No-Selected-Prefetch,4.0,0.0,128,10;11;12;13;14;15;16;17;18;19;20;21;22;23;24;25,,0,0,16
controlled-1198,controlled,hit_50,lead_4/rep_19,20,0,0,History-Last1,4.0,0.0,128,10;11;12;13;14;15;16;17;18;19;20;21;22;23;24;25,0;1;2;3;4;5;6;7;10;11;12;13;14;15;16;17,8,8,8
controlled-1199,controlled,hit_50,lead_4/rep_19,20,0,0,Oracle,4.0,0.0,128,10;11;12;13;14;15;16;17;18;19;20;21;22;23;24;25,10;11;12;13;14;15;16;17;18;19;20;21;22;23;24;25,16,0,0
controlled-1200,controlled,hit_50,lead_8/rep_0,1,0,0,No-Selected-Prefetch,8.0,0.0,128,10;11;12;13;14;15;16;17;18;19;20;21;22;23;24;25,,0,0,16
controlled-1201,controlled,hit_50,lead_8/rep_0,1,0,0,History-Last1,8.0,0.0,128,10;11;12;13;14;15;16;17;18;19;20;21;22;23;24;25,0;1;2;3;4;5;6;7;10;11;12;13;14;15;16;17,8,8,8
controlled-1202,controlled,hit_50,lead_8/rep_0,1,0,0,Oracle,8.0,0.0,128,10;11;12;13;14;15;16;17;18;19;20;21;22;23;24;25,10;11;12;13;14;15;16;17;18;19;20;21;22;23;24;25,16,0,0
controlled-1203,controlled,hit_50,lead_8/rep_1,2,0,0,No-Selected-Prefetch,8.0,0.0,128,10;11;12;13;14;15;16;17;18;19;20;21;22;23;24;25,,0,0,16
controlled-1204,controlled,hit_50,lead_8/rep_1,2,0,0,History-Last1,8.0,0.0,128,10;11;12;13;14;15;16;17;18;19;20;21;22;23;24;25,0;1;2;3;4;5;6;7;10;11;12;13;14;15;16;17,8,8,8
controlled-1205,controlled,hit_50,lead_8/rep_1,2,0,0,Oracle,8.0,0.0,128,10;11;12;13;14;15;16;17;18;19;20;21;22;23;24;25,10;11;12;13;14;15;16;17;18;19;20;21;22;23;24;25,16,0,0
controlled-1206,controlled,hit_50,lead_8/rep_2,3,0,0,No-Selected-Prefetch,8.0,0.0,128,10;11;12;13;14;15;16;17;18;19;20;21;22;23;24;25,,0,0,16
controlled-1207,controlled,hit_50,lead_8/rep_2,3,0,0,History-Last1,8.0,0.0,128,10;11;12;13;14;15;16;17;18;19;20;21;22;23;24;25,0;1;2;3;4;5;6;7;10;11;12;13;14;15;16;17,8,8,8
controlled-1208,controlled,hit_50,lead_8/rep_2,3,0,0,Oracle,8.0,0.0,128,10;11;12;13;14;15;16;17;18;19;20;21;22;23;24;25,10;11;12;13;14;15;16;17;18;19;20;21;22;23;24;25,16,0,0
controlled-1209,controlled,hit_50,lead_8/rep_3,4,0,0,No-Selected-Prefetch,8.0,0.0,128,10;11;12;13;14;15;16;17;18;19;20;21;22;23;24;25,,0,0,16
controlled-1210,controlled,hit_50,lead_8/rep_3,4,0,0,History-Last1,8.0,0.0,128,10;11;12;13;14;15;16;17;18;19;20;21;22;23;24;25,0;1;2;3;4;5;6;7;10;11;12;13;14;15;16;17,8,8,8
controlled-1211,controlled,hit_50,lead_8/rep_3,4,0,0,Oracle,8.0,0.0,128,10;11;12;13;14;15;16;17;18;19;20;21;22;23;24;25,10;11;12;13;14;15;16;17;18;19;20;21;22;23;24;25,16,0,0
controlled-1212,controlled,hit_50,lead_8/rep_4,5,0,0,No-Selected-Prefetch,8.0,0.0,128,10;11;12;13;14;15;16;17;18;19;20;21;22;23;24;25,,0,0,16
controlled-1213,controlled,hit_50,lead_8/rep_4,5,0,0,History-Last1,8.0,0.0,128,10;11;12;13;14;15;16;17;18;19;20;21;22;23;24;25,0;1;2;3;4;5;6;7;10;11;12;13;14;15;16;17,8,8,8
controlled-1214,controlled,hit_50,lead_8/rep_4,5,0,0,Oracle,8.0,0.0,128,10;11;12;13;14;15;16;17;18;19;20;21;22;23;24;25,10;11;12;13;14;15;16;17;18;19;20;21;22;23;24;25,16,0,0
controlled-1215,controlled,hit_50,lead_8/rep_5,6,0,0,No-Selected-Prefetch,8.0,0.0,128,10;11;12;13;14;15;16;17;18;19;20;21;22;23;24;25,,0,0,16
controlled-1216,controlled,hit_50,lead_8/rep_5,6,0,0,History-Last1,8.0,0.0,128,10;11;12;13;14;15;16;17;18;19;20;21;22;23;24;25,0;1;2;3;4;5;6;7;10;11;12;13;14;15;16;17,8,8,8
controlled-1217,controlled,hit_50,lead_8/rep_5,6,0,0,Oracle,8.0,0.0,128,10;11;12;13;14;15;16;17;18;19;20;21;22;23;24;25,10;11;12;13;14;15;16;17;18;19;20;21;22;23;24;25,16,0,0
controlled-1218,controlled,hit_50,lead_8/rep_6,7,0,0,No-Selected-Prefetch,8.0,0.0,128,10;11;12;13;14;15;16;17;18;19;20;21;22;23;24;25,,0,0,16
controlled-1219,controlled,hit_50,lead_8/rep_6,7,0,0,History-Last1,8.0,0.0,128,10;11;12;13;14;15;16;17;18;19;20;21;22;23;24;25,0;1;2;3;4;5;6;7;10;11;12;13;14;15;16;17,8,8,8
controlled-1220,controlled,hit_50,lead_8/rep_6,7,0,0,Oracle,8.0,0.0,128,10;11;12;13;14;15;16;17;18;19;20;21;22;23;24;25,10;11;12;13;14;15;16;17;18;19;20;21;22;23;24;25,16,0,0
controlled-1221,controlled,hit_50,lead_8/rep_7,8,0,0,No-Selected-Prefetch,8.0,0.0,128,10;11;12;13;14;15;16;17;18;19;20;21;22;23;24;25,,0,0,16
controlled-1222,controlled,hit_50,lead_8/rep_7,8,0,0,History-Last1,8.0,0.0,128,10;11;12;13;14;15;16;17;18;19;20;21;22;23;24;25,0;1;2;3;4;5;6;7;10;11;12;13;14;15;16;17,8,8,8
controlled-1223,controlled,hit_50,lead_8/rep_7,8,0,0,Oracle,8.0,0.0,128,10;11;12;13;14;15;16;17;18;19;20;21;22;23;24;25,10;11;12;13;14;15;16;17;18;19;20;21;22;23;24;25,16,0,0
controlled-1224,controlled,hit_50,lead_8/rep_8,9,0,0,No-Selected-Prefetch,8.0,0.0,128,10;11;12;13;14;15;16;17;18;19;20;21;22;23;24;25,,0,0,16
controlled-1225,controlled,hit_50,lead_8/rep_8,9,0,0,History-Last1,8.0,0.0,128,10;11;12;13;14;15;16;17;18;19;20;21;22;23;24;25,0;1;2;3;4;5;6;7;10;11;12;13;14;15;16;17,8,8,8
controlled-1226,controlled,hit_50,lead_8/rep_8,9,0,0,Oracle,8.0,0.0,128,10;11;12;13;14;15;16;17;18;19;20;21;22;23;24;25,10;11;12;13;14;15;16;17;18;19;20;21;22;23;24;25,16,0,0
controlled-1227,controlled,hit_50,lead_8/rep_9,10,0,0,No-Selected-Prefetch,8.0,0.0,128,10;11;12;13;14;15;16;17;18;19;20;21;22;23;24;25,,0,0,16
controlled-1228,controlled,hit_50,lead_8/rep_9,10,0,0,History-Last1,8.0,0.0,128,10;11;12;13;14;15;16;17;18;19;20;21;22;23;24;25,0;1;2;3;4;5;6;7;10;11;12;13;14;15;16;17,8,8,8
controlled-1229,controlled,hit_50,lead_8/rep_9,10,0,0,Oracle,8.0,0.0,128,10;11;12;13;14;15;16;17;18;19;20;21;22;23;24;25,10;11;12;13;14;15;16;17;18;19;20;21;22;23;24;25,16,0,0
controlled-1230,controlled,hit_50,lead_8/rep_10,11,0,0,No-Selected-Prefetch,8.0,0.0,128,10;11;12;13;14;15;16;17;18;19;20;21;22;23;24;25,,0,0,16
controlled-1231,controlled,hit_50,lead_8/rep_10,11,0,0,History-Last1,8.0,0.0,128,10;11;12;13;14;15;16;17;18;19;20;21;22;23;24;25,0;1;2;3;4;5;6;7;10;11;12;13;14;15;16;17,8,8,8
controlled-1232,controlled,hit_50,lead_8/rep_10,11,0,0,Oracle,8.0,0.0,128,10;11;12;13;14;15;16;17;18;19;20;21;22;23;24;25,10;11;12;13;14;15;16;17;18;19;20;21;22;23;24;25,16,0,0
controlled-1233,controlled,hit_50,lead_8/rep_11,12,0,0,No-Selected-Prefetch,8.0,0.0,128,10;11;12;13;14;15;16;17;18;19;20;21;22;23;24;25,,0,0,16
controlled-1234,controlled,hit_50,lead_8/rep_11,12,0,0,History-Last1,8.0,0.0,128,10;11;12;13;14;15;16;17;18;19;20;21;22;23;24;25,0;1;2;3;4;5;6;7;10;11;12;13;14;15;16;17,8,8,8
controlled-1235,controlled,hit_50,lead_8/rep_11,12,0,0,Oracle,8.0,0.0,128,10;11;12;13;14;15;16;17;18;19;20;21;22;23;24;25,10;11;12;13;14;15;16;17;18;19;20;21;22;23;24;25,16,0,0
controlled-1236,controlled,hit_50,lead_8/rep_12,13,0,0,No-Selected-Prefetch,8.0,0.0,128,10;11;12;13;14;15;16;17;18;19;20;21;22;23;24;25,,0,0,16
controlled-1237,controlled,hit_50,lead_8/rep_12,13,0,0,History-Last1,8.0,0.0,128,10;11;12;13;14;15;16;17;18;19;20;21;22;23;24;25,0;1;2;3;4;5;6;7;10;11;12;13;14;15;16;17,8,8,8
controlled-1238,controlled,hit_50,lead_8/rep_12,13,0,0,Oracle,8.0,0.0,128,10;11;12;13;14;15;16;17;18;19;20;21;22;23;24;25,10;11;12;13;14;15;16;17;18;19;20;21;22;23;24;25,16,0,0
controlled-1239,controlled,hit_50,lead_8/rep_13,14,0,0,No-Selected-Prefetch,8.0,0.0,128,10;11;12;13;14;15;16;17;18;19;20;21;22;23;24;25,,0,0,16
controlled-1240,controlled,hit_50,lead_8/rep_13,14,0,0,History-Last1,8.0,0.0,128,10;11;12;13;14;15;16;17;18;19;20;21;22;23;24;25,0;1;2;3;4;5;6;7;10;11;12;13;14;15;16;17,8,8,8
controlled-1241,controlled,hit_50,lead_8/rep_13,14,0,0,Oracle,8.0,0.0,128,10;11;12;13;14;15;16;17;18;19;20;21;22;23;24;25,10;11;12;13;14;15;16;17;18;19;20;21;22;23;24;25,16,0,0
controlled-1242,controlled,hit_50,lead_8/rep_14,15,0,0,No-Selected-Prefetch,8.0,0.0,128,10;11;12;13;14;15;16;17;18;19;20;21;22;23;24;25,,0,0,16
controlled-1243,controlled,hit_50,lead_8/rep_14,15,0,0,History-Last1,8.0,0.0,128,10;11;12;13;14;15;16;17;18;19;20;21;22;23;24;25,0;1;2;3;4;5;6;7;10;11;12;13;14;15;16;17,8,8,8
controlled-1244,controlled,hit_50,lead_8/rep_14,15,0,0,Oracle,8.0,0.0,128,10;11;12;13;14;15;16;17;18;19;20;21;22;23;24;25,10;11;12;13;14;15;16;17;18;19;20;21;22;23;24;25,16,0,0
controlled-1245,controlled,hit_50,lead_8/rep_15,16,0,0,No-Selected-Prefetch,8.0,0.0,128,10;11;12;13;14;15;16;17;18;19;20;21;22;23;24;25,,0,0,16
controlled-1246,controlled,hit_50,lead_8/rep_15,16,0,0,History-Last1,8.0,0.0,128,10;11;12;13;14;15;16;17;18;19;20;21;22;23;24;25,0;1;2;3;4;5;6;7;10;11;12;13;14;15;16;17,8,8,8
controlled-1247,controlled,hit_50,lead_8/rep_15,16,0,0,Oracle,8.0,0.0,128,10;11;12;13;14;15;16;17;18;19;20;21;22;23;24;25,10;11;12;13;14;15;16;17;18;19;20;21;22;23;24;25,16,0,0
controlled-1248,controlled,hit_50,lead_8/rep_16,17,0,0,No-Selected-Prefetch,8.0,0.0,128,10;11;12;13;14;15;16;17;18;19;20;21;22;23;24;25,,0,0,16
controlled-1249,controlled,hit_50,lead_8/rep_16,17,0,0,History-Last1,8.0,0.0,128,10;11;12;13;14;15;16;17;18;19;20;21;22;23;24;25,0;1;2;3;4;5;6;7;10;11;12;13;14;15;16;17,8,8,8
controlled-1250,controlled,hit_50,lead_8/rep_16,17,0,0,Oracle,8.0,0.0,128,10;11;12;13;14;15;16;17;18;19;20;21;22;23;24;25,10;11;12;13;14;15;16;17;18;19;20;21;22;23;24;25,16,0,0
controlled-1251,controlled,hit_50,lead_8/rep_17,18,0,0,No-Selected-Prefetch,8.0,0.0,128,10;11;12;13;14;15;16;17;18;19;20;21;22;23;24;25,,0,0,16
controlled-1252,controlled,hit_50,lead_8/rep_17,18,0,0,History-Last1,8.0,0.0,128,10;11;12;13;14;15;16;17;18;19;20;21;22;23;24;25,0;1;2;3;4;5;6;7;10;11;12;13;14;15;16;17,8,8,8
controlled-1253,controlled,hit_50,lead_8/rep_17,18,0,0,Oracle,8.0,0.0,128,10;11;12;13;14;15;16;17;18;19;20;21;22;23;24;25,10;11;12;13;14;15;16;17;18;19;20;21;22;23;24;25,16,0,0
controlled-1254,controlled,hit_50,lead_8/rep_18,19,0,0,No-Selected-Prefetch,8.0,0.0,128,10;11;12;13;14;15;16;17;18;19;20;21;22;23;24;25,,0,0,16
controlled-1255,controlled,hit_50,lead_8/rep_18,19,0,0,History-Last1,8.0,0.0,128,10;11;12;13;14;15;16;17;18;19;20;21;22;23;24;25,0;1;2;3;4;5;6;7;10;11;12;13;14;15;16;17,8,8,8
controlled-1256,controlled,hit_50,lead_8/rep_18,19,0,0,Oracle,8.0,0.0,128,10;11;12;13;14;15;16;17;18;19;20;21;22;23;24;25,10;11;12;13;14;15;16;17;18;19;20;21;22;23;24;25,16,0,0
controlled-1257,controlled,hit_50,lead_8/rep_19,20,0,0,No-Selected-Prefetch,8.0,0.0,128,10;11;12;13;14;15;16;17;18;19;20;21;22;23;24;25,,0,0,16
controlled-1258,controlled,hit_50,lead_8/rep_19,20,0,0,History-Last1,8.0,0.0,128,10;11;12;13;14;15;16;17;18;19;20;21;22;23;24;25,0;1;2;3;4;5;6;7;10;11;12;13;14;15;16;17,8,8,8
controlled-1259,controlled,hit_50,lead_8/rep_19,20,0,0,Oracle,8.0,0.0,128,10;11;12;13;14;15;16;17;18;19;20;21;22;23;24;25,10;11;12;13;14;15;16;17;18;19;20;21;22;23;24;25,16,0,0
controlled-1260,controlled,hit_62.5,lead_0/rep_0,1,0,0,No-Selected-Prefetch,0.0,0.0,128,10;11;12;13;14;15;16;17;18;19;20;21;22;23;24;25,,0,0,16
controlled-1261,controlled,hit_62.5,lead_0/rep_0,1,0,0,History-Last1,0.0,0.0,128,10;11;12;13;14;15;16;17;18;19;20;21;22;23;24;25,0;1;2;3;4;5;10;11;12;13;14;15;16;17;18;19,10,6,6
controlled-1262,controlled,hit_62.5,lead_0/rep_0,1,0,0,Oracle,0.0,0.0,128,10;11;12;13;14;15;16;17;18;19;20;21;22;23;24;25,10;11;12;13;14;15;16;17;18;19;20;21;22;23;24;25,16,0,0
controlled-1263,controlled,hit_62.5,lead_0/rep_1,2,0,0,No-Selected-Prefetch,0.0,0.0,128,10;11;12;13;14;15;16;17;18;19;20;21;22;23;24;25,,0,0,16
controlled-1264,controlled,hit_62.5,lead_0/rep_1,2,0,0,History-Last1,0.0,0.0,128,10;11;12;13;14;15;16;17;18;19;20;21;22;23;24;25,0;1;2;3;4;5;10;11;12;13;14;15;16;17;18;19,10,6,6
controlled-1265,controlled,hit_62.5,lead_0/rep_1,2,0,0,Oracle,0.0,0.0,128,10;11;12;13;14;15;16;17;18;19;20;21;22;23;24;25,10;11;12;13;14;15;16;17;18;19;20;21;22;23;24;25,16,0,0
controlled-1266,controlled,hit_62.5,lead_0/rep_2,3,0,0,No-Selected-Prefetch,0.0,0.0,128,10;11;12;13;14;15;16;17;18;19;20;21;22;23;24;25,,0,0,16
controlled-1267,controlled,hit_62.5,lead_0/rep_2,3,0,0,History-Last1,0.0,0.0,128,10;11;12;13;14;15;16;17;18;19;20;21;22;23;24;25,0;1;2;3;4;5;10;11;12;13;14;15;16;17;18;19,10,6,6
controlled-1268,controlled,hit_62.5,lead_0/rep_2,3,0,0,Oracle,0.0,0.0,128,10;11;12;13;14;15;16;17;18;19;20;21;22;23;24;25,10;11;12;13;14;15;16;17;18;19;20;21;22;23;24;25,16,0,0
controlled-1269,controlled,hit_62.5,lead_0/rep_3,4,0,0,No-Selected-Prefetch,0.0,0.0,128,10;11;12;13;14;15;16;17;18;19;20;21;22;23;24;25,,0,0,16
controlled-1270,controlled,hit_62.5,lead_0/rep_3,4,0,0,History-Last1,0.0,0.0,128,10;11;12;13;14;15;16;17;18;19;20;21;22;23;24;25,0;1;2;3;4;5;10;11;12;13;14;15;16;17;18;19,10,6,6
controlled-1271,controlled,hit_62.5,lead_0/rep_3,4,0,0,Oracle,0.0,0.0,128,10;11;12;13;14;15;16;17;18;19;20;21;22;23;24;25,10;11;12;13;14;15;16;17;18;19;20;21;22;23;24;25,16,0,0
controlled-1272,controlled,hit_62.5,lead_0/rep_4,5,0,0,No-Selected-Prefetch,0.0,0.0,128,10;11;12;13;14;15;16;17;18;19;20;21;22;23;24;25,,0,0,16
controlled-1273,controlled,hit_62.5,lead_0/rep_4,5,0,0,History-Last1,0.0,0.0,128,10;11;12;13;14;15;16;17;18;19;20;21;22;23;24;25,0;1;2;3;4;5;10;11;12;13;14;15;16;17;18;19,10,6,6
controlled-1274,controlled,hit_62.5,lead_0/rep_4,5,0,0,Oracle,0.0,0.0,128,10;11;12;13;14;15;16;17;18;19;20;21;22;23;24;25,10;11;12;13;14;15;16;17;18;19;20;21;22;23;24;25,16,0,0
controlled-1275,controlled,hit_62.5,lead_0/rep_5,6,0,0,No-Selected-Prefetch,0.0,0.0,128,10;11;12;13;14;15;16;17;18;19;20;21;22;23;24;25,,0,0,16
controlled-1276,controlled,hit_62.5,lead_0/rep_5,6,0,0,History-Last1,0.0,0.0,128,10;11;12;13;14;15;16;17;18;19;20;21;22;23;24;25,0;1;2;3;4;5;10;11;12;13;14;15;16;17;18;19,10,6,6
controlled-1277,controlled,hit_62.5,lead_0/rep_5,6,0,0,Oracle,0.0,0.0,128,10;11;12;13;14;15;16;17;18;19;20;21;22;23;24;25,10;11;12;13;14;15;16;17;18;19;20;21;22;23;24;25,16,0,0
controlled-1278,controlled,hit_62.5,lead_0/rep_6,7,0,0,No-Selected-Prefetch,0.0,0.0,128,10;11;12;13;14;15;16;17;18;19;20;21;22;23;24;25,,0,0,16
controlled-1279,controlled,hit_62.5,lead_0/rep_6,7,0,0,History-Last1,0.0,0.0,128,10;11;12;13;14;15;16;17;18;19;20;21;22;23;24;25,0;1;2;3;4;5;10;11;12;13;14;15;16;17;18;19,10,6,6
controlled-1280,controlled,hit_62.5,lead_0/rep_6,7,0,0,Oracle,0.0,0.0,128,10;11;12;13;14;15;16;17;18;19;20;21;22;23;24;25,10;11;12;13;14;15;16;17;18;19;20;21;22;23;24;25,16,0,0
controlled-1281,controlled,hit_62.5,lead_0/rep_7,8,0,0,No-Selected-Prefetch,0.0,0.0,128,10;11;12;13;14;15;16;17;18;19;20;21;22;23;24;25,,0,0,16
controlled-1282,controlled,hit_62.5,lead_0/rep_7,8,0,0,History-Last1,0.0,0.0,128,10;11;12;13;14;15;16;17;18;19;20;21;22;23;24;25,0;1;2;3;4;5;10;11;12;13;14;15;16;17;18;19,10,6,6
controlled-1283,controlled,hit_62.5,lead_0/rep_7,8,0,0,Oracle,0.0,0.0,128,10;11;12;13;14;15;16;17;18;19;20;21;22;23;24;25,10;11;12;13;14;15;16;17;18;19;20;21;22;23;24;25,16,0,0
controlled-1284,controlled,hit_62.5,lead_0/rep_8,9,0,0,No-Selected-Prefetch,0.0,0.0,128,10;11;12;13;14;15;16;17;18;19;20;21;22;23;24;25,,0,0,16
controlled-1285,controlled,hit_62.5,lead_0/rep_8,9,0,0,History-Last1,0.0,0.0,128,10;11;12;13;14;15;16;17;18;19;20;21;22;23;24;25,0;1;2;3;4;5;10;11;12;13;14;15;16;17;18;19,10,6,6
controlled-1286,controlled,hit_62.5,lead_0/rep_8,9,0,0,Oracle,0.0,0.0,128,10;11;12;13;14;15;16;17;18;19;20;21;22;23;24;25,10;11;12;13;14;15;16;17;18;19;20;21;22;23;24;25,16,0,0
controlled-1287,controlled,hit_62.5,lead_0/rep_9,10,0,0,No-Selected-Prefetch,0.0,0.0,128,10;11;12;13;14;15;16;17;18;19;20;21;22;23;24;25,,0,0,16
controlled-1288,controlled,hit_62.5,lead_0/rep_9,10,0,0,History-Last1,0.0,0.0,128,10;11;12;13;14;15;16;17;18;19;20;21;22;23;24;25,0;1;2;3;4;5;10;11;12;13;14;15;16;17;18;19,10,6,6
controlled-1289,controlled,hit_62.5,lead_0/rep_9,10,0,0,Oracle,0.0,0.0,128,10;11;12;13;14;15;16;17;18;19;20;21;22;23;24;25,10;11;12;13;14;15;16;17;18;19;20;21;22;23;24;25,16,0,0
controlled-1290,controlled,hit_62.5,lead_0/rep_10,11,0,0,No-Selected-Prefetch,0.0,0.0,128,10;11;12;13;14;15;16;17;18;19;20;21;22;23;24;25,,0,0,16
controlled-1291,controlled,hit_62.5,lead_0/rep_10,11,0,0,History-Last1,0.0,0.0,128,10;11;12;13;14;15;16;17;18;19;20;21;22;23;24;25,0;1;2;3;4;5;10;11;12;13;14;15;16;17;18;19,10,6,6
controlled-1292,controlled,hit_62.5,lead_0/rep_10,11,0,0,Oracle,0.0,0.0,128,10;11;12;13;14;15;16;17;18;19;20;21;22;23;24;25,10;11;12;13;14;15;16;17;18;19;20;21;22;23;24;25,16,0,0
controlled-1293,controlled,hit_62.5,lead_0/rep_11,12,0,0,No-Selected-Prefetch,0.0,0.0,128,10;11;12;13;14;15;16;17;18;19;20;21;22;23;24;25,,0,0,16
controlled-1294,controlled,hit_62.5,lead_0/rep_11,12,0,0,History-Last1,0.0,0.0,128,10;11;12;13;14;15;16;17;18;19;20;21;22;23;24;25,0;1;2;3;4;5;10;11;12;13;14;15;16;17;18;19,10,6,6
controlled-1295,controlled,hit_62.5,lead_0/rep_11,12,0,0,Oracle,0.0,0.0,128,10;11;12;13;14;15;16;17;18;19;20;21;22;23;24;25,10;11;12;13;14;15;16;17;18;19;20;21;22;23;24;25,16,0,0
controlled-1296,controlled,hit_62.5,lead_0/rep_12,13,0,0,No-Selected-Prefetch,0.0,0.0,128,10;11;12;13;14;15;16;17;18;19;20;21;22;23;24;25,,0,0,16
controlled-1297,controlled,hit_62.5,lead_0/rep_12,13,0,0,History-Last1,0.0,0.0,128,10;11;12;13;14;15;16;17;18;19;20;21;22;23;24;25,0;1;2;3;4;5;10;11;12;13;14;15;16;17;18;19,10,6,6
controlled-1298,controlled,hit_62.5,lead_0/rep_12,13,0,0,Oracle,0.0,0.0,128,10;11;12;13;14;15;16;17;18;19;20;21;22;23;24;25,10;11;12;13;14;15;16;17;18;19;20;21;22;23;24;25,16,0,0
controlled-1299,controlled,hit_62.5,lead_0/rep_13,14,0,0,No-Selected-Prefetch,0.0,0.0,128,10;11;12;13;14;15;16;17;18;19;20;21;22;23;24;25,,0,0,16
controlled-1300,controlled,hit_62.5,lead_0/rep_13,14,0,0,History-Last1,0.0,0.0,128,10;11;12;13;14;15;16;17;18;19;20;21;22;23;24;25,0;1;2;3;4;5;10;11;12;13;14;15;16;17;18;19,10,6,6
controlled-1301,controlled,hit_62.5,lead_0/rep_13,14,0,0,Oracle,0.0,0.0,128,10;11;12;13;14;15;16;17;18;19;20;21;22;23;24;25,10;11;12;13;14;15;16;17;18;19;20;21;22;23;24;25,16,0,0
controlled-1302,controlled,hit_62.5,lead_0/rep_14,15,0,0,No-Selected-Prefetch,0.0,0.0,128,10;11;12;13;14;15;16;17;18;19;20;21;22;23;24;25,,0,0,16
controlled-1303,controlled,hit_62.5,lead_0/rep_14,15,0,0,History-Last1,0.0,0.0,128,10;11;12;13;14;15;16;17;18;19;20;21;22;23;24;25,0;1;2;3;4;5;10;11;12;13;14;15;16;17;18;19,10,6,6
controlled-1304,controlled,hit_62.5,lead_0/rep_14,15,0,0,Oracle,0.0,0.0,128,10;11;12;13;14;15;16;17;18;19;20;21;22;23;24;25,10;11;12;13;14;15;16;17;18;19;20;21;22;23;24;25,16,0,0
controlled-1305,controlled,hit_62.5,lead_0/rep_15,16,0,0,No-Selected-Prefetch,0.0,0.0,128,10;11;12;13;14;15;16;17;18;19;20;21;22;23;24;25,,0,0,16
controlled-1306,controlled,hit_62.5,lead_0/rep_15,16,0,0,History-Last1,0.0,0.0,128,10;11;12;13;14;15;16;17;18;19;20;21;22;23;24;25,0;1;2;3;4;5;10;11;12;13;14;15;16;17;18;19,10,6,6
controlled-1307,controlled,hit_62.5,lead_0/rep_15,16,0,0,Oracle,0.0,0.0,128,10;11;12;13;14;15;16;17;18;19;20;21;22;23;24;25,10;11;12;13;14;15;16;17;18;19;20;21;22;23;24;25,16,0,0
controlled-1308,controlled,hit_62.5,lead_0/rep_16,17,0,0,No-Selected-Prefetch,0.0,0.0,128,10;11;12;13;14;15;16;17;18;19;20;21;22;23;24;25,,0,0,16
controlled-1309,controlled,hit_62.5,lead_0/rep_16,17,0,0,History-Last1,0.0,0.0,128,10;11;12;13;14;15;16;17;18;19;20;21;22;23;24;25,0;1;2;3;4;5;10;11;12;13;14;15;16;17;18;19,10,6,6
controlled-1310,controlled,hit_62.5,lead_0/rep_16,17,0,0,Oracle,0.0,0.0,128,10;11;12;13;14;15;16;17;18;19;20;21;22;23;24;25,10;11;12;13;14;15;16;17;18;19;20;21;22;23;24;25,16,0,0
controlled-1311,controlled,hit_62.5,lead_0/rep_17,18,0,0,No-Selected-Prefetch,0.0,0.0,128,10;11;12;13;14;15;16;17;18;19;20;21;22;23;24;25,,0,0,16
controlled-1312,controlled,hit_62.5,lead_0/rep_17,18,0,0,History-Last1,0.0,0.0,128,10;11;12;13;14;15;16;17;18;19;20;21;22;23;24;25,0;1;2;3;4;5;10;11;12;13;14;15;16;17;18;19,10,6,6
controlled-1313,controlled,hit_62.5,lead_0/rep_17,18,0,0,Oracle,0.0,0.0,128,10;11;12;13;14;15;16;17;18;19;20;21;22;23;24;25,10;11;12;13;14;15;16;17;18;19;20;21;22;23;24;25,16,0,0
controlled-1314,controlled,hit_62.5,lead_0/rep_18,19,0,0,No-Selected-Prefetch,0.0,0.0,128,10;11;12;13;14;15;16;17;18;19;20;21;22;23;24;25,,0,0,16
controlled-1315,controlled,hit_62.5,lead_0/rep_18,19,0,0,History-Last1,0.0,0.0,128,10;11;12;13;14;15;16;17;18;19;20;21;22;23;24;25,0;1;2;3;4;5;10;11;12;13;14;15;16;17;18;19,10,6,6
controlled-1316,controlled,hit_62.5,lead_0/rep_18,19,0,0,Oracle,0.0,0.0,128,10;11;12;13;14;15;16;17;18;19;20;21;22;23;24;25,10;11;12;13;14;15;16;17;18;19;20;21;22;23;24;25,16,0,0
controlled-1317,controlled,hit_62.5,lead_0/rep_19,20,0,0,No-Selected-Prefetch,0.0,0.0,128,10;11;12;13;14;15;16;17;18;19;20;21;22;23;24;25,,0,0,16
controlled-1318,controlled,hit_62.5,lead_0/rep_19,20,0,0,History-Last1,0.0,0.0,128,10;11;12;13;14;15;16;17;18;19;20;21;22;23;24;25,0;1;2;3;4;5;10;11;12;13;14;15;16;17;18;19,10,6,6
controlled-1319,controlled,hit_62.5,lead_0/rep_19,20,0,0,Oracle,0.0,0.0,128,10;11;12;13;14;15;16;17;18;19;20;21;22;23;24;25,10;11;12;13;14;15;16;17;18;19;20;21;22;23;24;25,16,0,0
controlled-1320,controlled,hit_62.5,lead_0.25/rep_0,1,0,0,No-Selected-Prefetch,0.25,0.0,128,10;11;12;13;14;15;16;17;18;19;20;21;22;23;24;25,,0,0,16
controlled-1321,controlled,hit_62.5,lead_0.25/rep_0,1,0,0,History-Last1,0.25,0.0,128,10;11;12;13;14;15;16;17;18;19;20;21;22;23;24;25,0;1;2;3;4;5;10;11;12;13;14;15;16;17;18;19,10,6,6
controlled-1322,controlled,hit_62.5,lead_0.25/rep_0,1,0,0,Oracle,0.25,0.0,128,10;11;12;13;14;15;16;17;18;19;20;21;22;23;24;25,10;11;12;13;14;15;16;17;18;19;20;21;22;23;24;25,16,0,0
controlled-1323,controlled,hit_62.5,lead_0.25/rep_1,2,0,0,No-Selected-Prefetch,0.25,0.0,128,10;11;12;13;14;15;16;17;18;19;20;21;22;23;24;25,,0,0,16
controlled-1324,controlled,hit_62.5,lead_0.25/rep_1,2,0,0,History-Last1,0.25,0.0,128,10;11;12;13;14;15;16;17;18;19;20;21;22;23;24;25,0;1;2;3;4;5;10;11;12;13;14;15;16;17;18;19,10,6,6
controlled-1325,controlled,hit_62.5,lead_0.25/rep_1,2,0,0,Oracle,0.25,0.0,128,10;11;12;13;14;15;16;17;18;19;20;21;22;23;24;25,10;11;12;13;14;15;16;17;18;19;20;21;22;23;24;25,16,0,0
controlled-1326,controlled,hit_62.5,lead_0.25/rep_2,3,0,0,No-Selected-Prefetch,0.25,0.0,128,10;11;12;13;14;15;16;17;18;19;20;21;22;23;24;25,,0,0,16
controlled-1327,controlled,hit_62.5,lead_0.25/rep_2,3,0,0,History-Last1,0.25,0.0,128,10;11;12;13;14;15;16;17;18;19;20;21;22;23;24;25,0;1;2;3;4;5;10;11;12;13;14;15;16;17;18;19,10,6,6
controlled-1328,controlled,hit_62.5,lead_0.25/rep_2,3,0,0,Oracle,0.25,0.0,128,10;11;12;13;14;15;16;17;18;19;20;21;22;23;24;25,10;11;12;13;14;15;16;17;18;19;20;21;22;23;24;25,16,0,0
controlled-1329,controlled,hit_62.5,lead_0.25/rep_3,4,0,0,No-Selected-Prefetch,0.25,0.0,128,10;11;12;13;14;15;16;17;18;19;20;21;22;23;24;25,,0,0,16
controlled-1330,controlled,hit_62.5,lead_0.25/rep_3,4,0,0,History-Last1,0.25,0.0,128,10;11;12;13;14;15;16;17;18;19;20;21;22;23;24;25,0;1;2;3;4;5;10;11;12;13;14;15;16;17;18;19,10,6,6
controlled-1331,controlled,hit_62.5,lead_0.25/rep_3,4,0,0,Oracle,0.25,0.0,128,10;11;12;13;14;15;16;17;18;19;20;21;22;23;24;25,10;11;12;13;14;15;16;17;18;19;20;21;22;23;24;25,16,0,0
controlled-1332,controlled,hit_62.5,lead_0.25/rep_4,5,0,0,No-Selected-Prefetch,0.25,0.0,128,10;11;12;13;14;15;16;17;18;19;20;21;22;23;24;25,,0,0,16
controlled-1333,controlled,hit_62.5,lead_0.25/rep_4,5,0,0,History-Last1,0.25,0.0,128,10;11;12;13;14;15;16;17;18;19;20;21;22;23;24;25,0;1;2;3;4;5;10;11;12;13;14;15;16;17;18;19,10,6,6
controlled-1334,controlled,hit_62.5,lead_0.25/rep_4,5,0,0,Oracle,0.25,0.0,128,10;11;12;13;14;15;16;17;18;19;20;21;22;23;24;25,10;11;12;13;14;15;16;17;18;19;20;21;22;23;24;25,16,0,0
controlled-1335,controlled,hit_62.5,lead_0.25/rep_5,6,0,0,No-Selected-Prefetch,0.25,0.0,128,10;11;12;13;14;15;16;17;18;19;20;21;22;23;24;25,,0,0,16
controlled-1336,controlled,hit_62.5,lead_0.25/rep_5,6,0,0,History-Last1,0.25,0.0,128,10;11;12;13;14;15;16;17;18;19;20;21;22;23;24;25,0;1;2;3;4;5;10;11;12;13;14;15;16;17;18;19,10,6,6
controlled-1337,controlled,hit_62.5,lead_0.25/rep_5,6,0,0,Oracle,0.25,0.0,128,10;11;12;13;14;15;16;17;18;19;20;21;22;23;24;25,10;11;12;13;14;15;16;17;18;19;20;21;22;23;24;25,16,0,0
controlled-1338,controlled,hit_62.5,lead_0.25/rep_6,7,0,0,No-Selected-Prefetch,0.25,0.0,128,10;11;12;13;14;15;16;17;18;19;20;21;22;23;24;25,,0,0,16
controlled-1339,controlled,hit_62.5,lead_0.25/rep_6,7,0,0,History-Last1,0.25,0.0,128,10;11;12;13;14;15;16;17;18;19;20;21;22;23;24;25,0;1;2;3;4;5;10;11;12;13;14;15;16;17;18;19,10,6,6
controlled-1340,controlled,hit_62.5,lead_0.25/rep_6,7,0,0,Oracle,0.25,0.0,128,10;11;12;13;14;15;16;17;18;19;20;21;22;23;24;25,10;11;12;13;14;15;16;17;18;19;20;21;22;23;24;25,16,0,0
controlled-1341,controlled,hit_62.5,lead_0.25/rep_7,8,0,0,No-Selected-Prefetch,0.25,0.0,128,10;11;12;13;14;15;16;17;18;19;20;21;22;23;24;25,,0,0,16
controlled-1342,controlled,hit_62.5,lead_0.25/rep_7,8,0,0,History-Last1,0.25,0.0,128,10;11;12;13;14;15;16;17;18;19;20;21;22;23;24;25,0;1;2;3;4;5;10;11;12;13;14;15;16;17;18;19,10,6,6
controlled-1343,controlled,hit_62.5,lead_0.25/rep_7,8,0,0,Oracle,0.25,0.0,128,10;11;12;13;14;15;16;17;18;19;20;21;22;23;24;25,10;11;12;13;14;15;16;17;18;19;20;21;22;23;24;25,16,0,0
controlled-1344,controlled,hit_62.5,lead_0.25/rep_8,9,0,0,No-Selected-Prefetch,0.25,0.0,128,10;11;12;13;14;15;16;17;18;19;20;21;22;23;24;25,,0,0,16
controlled-1345,controlled,hit_62.5,lead_0.25/rep_8,9,0,0,History-Last1,0.25,0.0,128,10;11;12;13;14;15;16;17;18;19;20;21;22;23;24;25,0;1;2;3;4;5;10;11;12;13;14;15;16;17;18;19,10,6,6
controlled-1346,controlled,hit_62.5,lead_0.25/rep_8,9,0,0,Oracle,0.25,0.0,128,10;11;12;13;14;15;16;17;18;19;20;21;22;23;24;25,10;11;12;13;14;15;16;17;18;19;20;21;22;23;24;25,16,0,0
controlled-1347,controlled,hit_62.5,lead_0.25/rep_9,10,0,0,No-Selected-Prefetch,0.25,0.0,128,10;11;12;13;14;15;16;17;18;19;20;21;22;23;24;25,,0,0,16
controlled-1348,controlled,hit_62.5,lead_0.25/rep_9,10,0,0,History-Last1,0.25,0.0,128,10;11;12;13;14;15;16;17;18;19;20;21;22;23;24;25,0;1;2;3;4;5;10;11;12;13;14;15;16;17;18;19,10,6,6
controlled-1349,controlled,hit_62.5,lead_0.25/rep_9,10,0,0,Oracle,0.25,0.0,128,10;11;12;13;14;15;16;17;18;19;20;21;22;23;24;25,10;11;12;13;14;15;16;17;18;19;20;21;22;23;24;25,16,0,0
controlled-1350,controlled,hit_62.5,lead_0.25/rep_10,11,0,0,No-Selected-Prefetch,0.25,0.0,128,10;11;12;13;14;15;16;17;18;19;20;21;22;23;24;25,,0,0,16
controlled-1351,controlled,hit_62.5,lead_0.25/rep_10,11,0,0,History-Last1,0.25,0.0,128,10;11;12;13;14;15;16;17;18;19;20;21;22;23;24;25,0;1;2;3;4;5;10;11;12;13;14;15;16;17;18;19,10,6,6
controlled-1352,controlled,hit_62.5,lead_0.25/rep_10,11,0,0,Oracle,0.25,0.0,128,10;11;12;13;14;15;16;17;18;19;20;21;22;23;24;25,10;11;12;13;14;15;16;17;18;19;20;21;22;23;24;25,16,0,0
controlled-1353,controlled,hit_62.5,lead_0.25/rep_11,12,0,0,No-Selected-Prefetch,0.25,0.0,128,10;11;12;13;14;15;16;17;18;19;20;21;22;23;24;25,,0,0,16
controlled-1354,controlled,hit_62.5,lead_0.25/rep_11,12,0,0,History-Last1,0.25,0.0,128,10;11;12;13;14;15;16;17;18;19;20;21;22;23;24;25,0;1;2;3;4;5;10;11;12;13;14;15;16;17;18;19,10,6,6
controlled-1355,controlled,hit_62.5,lead_0.25/rep_11,12,0,0,Oracle,0.25,0.0,128,10;11;12;13;14;15;16;17;18;19;20;21;22;23;24;25,10;11;12;13;14;15;16;17;18;19;20;21;22;23;24;25,16,0,0
controlled-1356,controlled,hit_62.5,lead_0.25/rep_12,13,0,0,No-Selected-Prefetch,0.25,0.0,128,10;11;12;13;14;15;16;17;18;19;20;21;22;23;24;25,,0,0,16
controlled-1357,controlled,hit_62.5,lead_0.25/rep_12,13,0,0,History-Last1,0.25,0.0,128,10;11;12;13;14;15;16;17;18;19;20;21;22;23;24;25,0;1;2;3;4;5;10;11;12;13;14;15;16;17;18;19,10,6,6
controlled-1358,controlled,hit_62.5,lead_0.25/rep_12,13,0,0,Oracle,0.25,0.0,128,10;11;12;13;14;15;16;17;18;19;20;21;22;23;24;25,10;11;12;13;14;15;16;17;18;19;20;21;22;23;24;25,16,0,0
controlled-1359,controlled,hit_62.5,lead_0.25/rep_13,14,0,0,No-Selected-Prefetch,0.25,0.0,128,10;11;12;13;14;15;16;17;18;19;20;21;22;23;24;25,,0,0,16
controlled-1360,controlled,hit_62.5,lead_0.25/rep_13,14,0,0,History-Last1,0.25,0.0,128,10;11;12;13;14;15;16;17;18;19;20;21;22;23;24;25,0;1;2;3;4;5;10;11;12;13;14;15;16;17;18;19,10,6,6
controlled-1361,controlled,hit_62.5,lead_0.25/rep_13,14,0,0,Oracle,0.25,0.0,128,10;11;12;13;14;15;16;17;18;19;20;21;22;23;24;25,10;11;12;13;14;15;16;17;18;19;20;21;22;23;24;25,16,0,0
controlled-1362,controlled,hit_62.5,lead_0.25/rep_14,15,0,0,No-Selected-Prefetch,0.25,0.0,128,10;11;12;13;14;15;16;17;18;19;20;21;22;23;24;25,,0,0,16
controlled-1363,controlled,hit_62.5,lead_0.25/rep_14,15,0,0,History-Last1,0.25,0.0,128,10;11;12;13;14;15;16;17;18;19;20;21;22;23;24;25,0;1;2;3;4;5;10;11;12;13;14;15;16;17;18;19,10,6,6
controlled-1364,controlled,hit_62.5,lead_0.25/rep_14,15,0,0,Oracle,0.25,0.0,128,10;11;12;13;14;15;16;17;18;19;20;21;22;23;24;25,10;11;12;13;14;15;16;17;18;19;20;21;22;23;24;25,16,0,0
controlled-1365,controlled,hit_62.5,lead_0.25/rep_15,16,0,0,No-Selected-Prefetch,0.25,0.0,128,10;11;12;13;14;15;16;17;18;19;20;21;22;23;24;25,,0,0,16
controlled-1366,controlled,hit_62.5,lead_0.25/rep_15,16,0,0,History-Last1,0.25,0.0,128,10;11;12;13;14;15;16;17;18;19;20;21;22;23;24;25,0;1;2;3;4;5;10;11;12;13;14;15;16;17;18;19,10,6,6
controlled-1367,controlled,hit_62.5,lead_0.25/rep_15,16,0,0,Oracle,0.25,0.0,128,10;11;12;13;14;15;16;17;18;19;20;21;22;23;24;25,10;11;12;13;14;15;16;17;18;19;20;21;22;23;24;25,16,0,0
controlled-1368,controlled,hit_62.5,lead_0.25/rep_16,17,0,0,No-Selected-Prefetch,0.25,0.0,128,10;11;12;13;14;15;16;17;18;19;20;21;22;23;24;25,,0,0,16
controlled-1369,controlled,hit_62.5,lead_0.25/rep_16,17,0,0,History-Last1,0.25,0.0,128,10;11;12;13;14;15;16;17;18;19;20;21;22;23;24;25,0;1;2;3;4;5;10;11;12;13;14;15;16;17;18;19,10,6,6
controlled-1370,controlled,hit_62.5,lead_0.25/rep_16,17,0,0,Oracle,0.25,0.0,128,10;11;12;13;14;15;16;17;18;19;20;21;22;23;24;25,10;11;12;13;14;15;16;17;18;19;20;21;22;23;24;25,16,0,0
controlled-1371,controlled,hit_62.5,lead_0.25/rep_17,18,0,0,No-Selected-Prefetch,0.25,0.0,128,10;11;12;13;14;15;16;17;18;19;20;21;22;23;24;25,,0,0,16
controlled-1372,controlled,hit_62.5,lead_0.25/rep_17,18,0,0,History-Last1,0.25,0.0,128,10;11;12;13;14;15;16;17;18;19;20;21;22;23;24;25,0;1;2;3;4;5;10;11;12;13;14;15;16;17;18;19,10,6,6
controlled-1373,controlled,hit_62.5,lead_0.25/rep_17,18,0,0,Oracle,0.25,0.0,128,10;11;12;13;14;15;16;17;18;19;20;21;22;23;24;25,10;11;12;13;14;15;16;17;18;19;20;21;22;23;24;25,16,0,0
controlled-1374,controlled,hit_62.5,lead_0.25/rep_18,19,0,0,No-Selected-Prefetch,0.25,0.0,128,10;11;12;13;14;15;16;17;18;19;20;21;22;23;24;25,,0,0,16
controlled-1375,controlled,hit_62.5,lead_0.25/rep_18,19,0,0,History-Last1,0.25,0.0,128,10;11;12;13;14;15;16;17;18;19;20;21;22;23;24;25,0;1;2;3;4;5;10;11;12;13;14;15;16;17;18;19,10,6,6
controlled-1376,controlled,hit_62.5,lead_0.25/rep_18,19,0,0,Oracle,0.25,0.0,128,10;11;12;13;14;15;16;17;18;19;20;21;22;23;24;25,10;11;12;13;14;15;16;17;18;19;20;21;22;23;24;25,16,0,0
controlled-1377,controlled,hit_62.5,lead_0.25/rep_19,20,0,0,No-Selected-Prefetch,0.25,0.0,128,10;11;12;13;14;15;16;17;18;19;20;21;22;23;24;25,,0,0,16
controlled-1378,controlled,hit_62.5,lead_0.25/rep_19,20,0,0,History-Last1,0.25,0.0,128,10;11;12;13;14;15;16;17;18;19;20;21;22;23;24;25,0;1;2;3;4;5;10;11;12;13;14;15;16;17;18;19,10,6,6
controlled-1379,controlled,hit_62.5,lead_0.25/rep_19,20,0,0,Oracle,0.25,0.0,128,10;11;12;13;14;15;16;17;18;19;20;21;22;23;24;25,10;11;12;13;14;15;16;17;18;19;20;21;22;23;24;25,16,0,0
controlled-1380,controlled,hit_62.5,lead_0.5/rep_0,1,0,0,No-Selected-Prefetch,0.5,0.0,128,10;11;12;13;14;15;16;17;18;19;20;21;22;23;24;25,,0,0,16
controlled-1381,controlled,hit_62.5,lead_0.5/rep_0,1,0,0,History-Last1,0.5,0.0,128,10;11;12;13;14;15;16;17;18;19;20;21;22;23;24;25,0;1;2;3;4;5;10;11;12;13;14;15;16;17;18;19,10,6,6
controlled-1382,controlled,hit_62.5,lead_0.5/rep_0,1,0,0,Oracle,0.5,0.0,128,10;11;12;13;14;15;16;17;18;19;20;21;22;23;24;25,10;11;12;13;14;15;16;17;18;19;20;21;22;23;24;25,16,0,0
controlled-1383,controlled,hit_62.5,lead_0.5/rep_1,2,0,0,No-Selected-Prefetch,0.5,0.0,128,10;11;12;13;14;15;16;17;18;19;20;21;22;23;24;25,,0,0,16
controlled-1384,controlled,hit_62.5,lead_0.5/rep_1,2,0,0,History-Last1,0.5,0.0,128,10;11;12;13;14;15;16;17;18;19;20;21;22;23;24;25,0;1;2;3;4;5;10;11;12;13;14;15;16;17;18;19,10,6,6
controlled-1385,controlled,hit_62.5,lead_0.5/rep_1,2,0,0,Oracle,0.5,0.0,128,10;11;12;13;14;15;16;17;18;19;20;21;22;23;24;25,10;11;12;13;14;15;16;17;18;19;20;21;22;23;24;25,16,0,0
controlled-1386,controlled,hit_62.5,lead_0.5/rep_2,3,0,0,No-Selected-Prefetch,0.5,0.0,128,10;11;12;13;14;15;16;17;18;19;20;21;22;23;24;25,,0,0,16
controlled-1387,controlled,hit_62.5,lead_0.5/rep_2,3,0,0,History-Last1,0.5,0.0,128,10;11;12;13;14;15;16;17;18;19;20;21;22;23;24;25,0;1;2;3;4;5;10;11;12;13;14;15;16;17;18;19,10,6,6
controlled-1388,controlled,hit_62.5,lead_0.5/rep_2,3,0,0,Oracle,0.5,0.0,128,10;11;12;13;14;15;16;17;18;19;20;21;22;23;24;25,10;11;12;13;14;15;16;17;18;19;20;21;22;23;24;25,16,0,0
controlled-1389,controlled,hit_62.5,lead_0.5/rep_3,4,0,0,No-Selected-Prefetch,0.5,0.0,128,10;11;12;13;14;15;16;17;18;19;20;21;22;23;24;25,,0,0,16
controlled-1390,controlled,hit_62.5,lead_0.5/rep_3,4,0,0,History-Last1,0.5,0.0,128,10;11;12;13;14;15;16;17;18;19;20;21;22;23;24;25,0;1;2;3;4;5;10;11;12;13;14;15;16;17;18;19,10,6,6
controlled-1391,controlled,hit_62.5,lead_0.5/rep_3,4,0,0,Oracle,0.5,0.0,128,10;11;12;13;14;15;16;17;18;19;20;21;22;23;24;25,10;11;12;13;14;15;16;17;18;19;20;21;22;23;24;25,16,0,0
controlled-1392,controlled,hit_62.5,lead_0.5/rep_4,5,0,0,No-Selected-Prefetch,0.5,0.0,128,10;11;12;13;14;15;16;17;18;19;20;21;22;23;24;25,,0,0,16
controlled-1393,controlled,hit_62.5,lead_0.5/rep_4,5,0,0,History-Last1,0.5,0.0,128,10;11;12;13;14;15;16;17;18;19;20;21;22;23;24;25,0;1;2;3;4;5;10;11;12;13;14;15;16;17;18;19,10,6,6
controlled-1394,controlled,hit_62.5,lead_0.5/rep_4,5,0,0,Oracle,0.5,0.0,128,10;11;12;13;14;15;16;17;18;19;20;21;22;23;24;25,10;11;12;13;14;15;16;17;18;19;20;21;22;23;24;25,16,0,0
controlled-1395,controlled,hit_62.5,lead_0.5/rep_5,6,0,0,No-Selected-Prefetch,0.5,0.0,128,10;11;12;13;14;15;16;17;18;19;20;21;22;23;24;25,,0,0,16
controlled-1396,controlled,hit_62.5,lead_0.5/rep_5,6,0,0,History-Last1,0.5,0.0,128,10;11;12;13;14;15;16;17;18;19;20;21;22;23;24;25,0;1;2;3;4;5;10;11;12;13;14;15;16;17;18;19,10,6,6
controlled-1397,controlled,hit_62.5,lead_0.5/rep_5,6,0,0,Oracle,0.5,0.0,128,10;11;12;13;14;15;16;17;18;19;20;21;22;23;24;25,10;11;12;13;14;15;16;17;18;19;20;21;22;23;24;25,16,0,0
controlled-1398,controlled,hit_62.5,lead_0.5/rep_6,7,0,0,No-Selected-Prefetch,0.5,0.0,128,10;11;12;13;14;15;16;17;18;19;20;21;22;23;24;25,,0,0,16
controlled-1399,controlled,hit_62.5,lead_0.5/rep_6,7,0,0,History-Last1,0.5,0.0,128,10;11;12;13;14;15;16;17;18;19;20;21;22;23;24;25,0;1;2;3;4;5;10;11;12;13;14;15;16;17;18;19,10,6,6
controlled-1400,controlled,hit_62.5,lead_0.5/rep_6,7,0,0,Oracle,0.5,0.0,128,10;11;12;13;14;15;16;17;18;19;20;21;22;23;24;25,10;11;12;13;14;15;16;17;18;19;20;21;22;23;24;25,16,0,0
controlled-1401,controlled,hit_62.5,lead_0.5/rep_7,8,0,0,No-Selected-Prefetch,0.5,0.0,128,10;11;12;13;14;15;16;17;18;19;20;21;22;23;24;25,,0,0,16
controlled-1402,controlled,hit_62.5,lead_0.5/rep_7,8,0,0,History-Last1,0.5,0.0,128,10;11;12;13;14;15;16;17;18;19;20;21;22;23;24;25,0;1;2;3;4;5;10;11;12;13;14;15;16;17;18;19,10,6,6
controlled-1403,controlled,hit_62.5,lead_0.5/rep_7,8,0,0,Oracle,0.5,0.0,128,10;11;12;13;14;15;16;17;18;19;20;21;22;23;24;25,10;11;12;13;14;15;16;17;18;19;20;21;22;23;24;25,16,0,0
controlled-1404,controlled,hit_62.5,lead_0.5/rep_8,9,0,0,No-Selected-Prefetch,0.5,0.0,128,10;11;12;13;14;15;16;17;18;19;20;21;22;23;24;25,,0,0,16
controlled-1405,controlled,hit_62.5,lead_0.5/rep_8,9,0,0,History-Last1,0.5,0.0,128,10;11;12;13;14;15;16;17;18;19;20;21;22;23;24;25,0;1;2;3;4;5;10;11;12;13;14;15;16;17;18;19,10,6,6
controlled-1406,controlled,hit_62.5,lead_0.5/rep_8,9,0,0,Oracle,0.5,0.0,128,10;11;12;13;14;15;16;17;18;19;20;21;22;23;24;25,10;11;12;13;14;15;16;17;18;19;20;21;22;23;24;25,16,0,0
controlled-1407,controlled,hit_62.5,lead_0.5/rep_9,10,0,0,No-Selected-Prefetch,0.5,0.0,128,10;11;12;13;14;15;16;17;18;19;20;21;22;23;24;25,,0,0,16
controlled-1408,controlled,hit_62.5,lead_0.5/rep_9,10,0,0,History-Last1,0.5,0.0,128,10;11;12;13;14;15;16;17;18;19;20;21;22;23;24;25,0;1;2;3;4;5;10;11;12;13;14;15;16;17;18;19,10,6,6
controlled-1409,controlled,hit_62.5,lead_0.5/rep_9,10,0,0,Oracle,0.5,0.0,128,10;11;12;13;14;15;16;17;18;19;20;21;22;23;24;25,10;11;12;13;14;15;16;17;18;19;20;21;22;23;24;25,16,0,0
controlled-1410,controlled,hit_62.5,lead_0.5/rep_10,11,0,0,No-Selected-Prefetch,0.5,0.0,128,10;11;12;13;14;15;16;17;18;19;20;21;22;23;24;25,,0,0,16
controlled-1411,controlled,hit_62.5,lead_0.5/rep_10,11,0,0,History-Last1,0.5,0.0,128,10;11;12;13;14;15;16;17;18;19;20;21;22;23;24;25,0;1;2;3;4;5;10;11;12;13;14;15;16;17;18;19,10,6,6
controlled-1412,controlled,hit_62.5,lead_0.5/rep_10,11,0,0,Oracle,0.5,0.0,128,10;11;12;13;14;15;16;17;18;19;20;21;22;23;24;25,10;11;12;13;14;15;16;17;18;19;20;21;22;23;24;25,16,0,0
controlled-1413,controlled,hit_62.5,lead_0.5/rep_11,12,0,0,No-Selected-Prefetch,0.5,0.0,128,10;11;12;13;14;15;16;17;18;19;20;21;22;23;24;25,,0,0,16
controlled-1414,controlled,hit_62.5,lead_0.5/rep_11,12,0,0,History-Last1,0.5,0.0,128,10;11;12;13;14;15;16;17;18;19;20;21;22;23;24;25,0;1;2;3;4;5;10;11;12;13;14;15;16;17;18;19,10,6,6
controlled-1415,controlled,hit_62.5,lead_0.5/rep_11,12,0,0,Oracle,0.5,0.0,128,10;11;12;13;14;15;16;17;18;19;20;21;22;23;24;25,10;11;12;13;14;15;16;17;18;19;20;21;22;23;24;25,16,0,0
controlled-1416,controlled,hit_62.5,lead_0.5/rep_12,13,0,0,No-Selected-Prefetch,0.5,0.0,128,10;11;12;13;14;15;16;17;18;19;20;21;22;23;24;25,,0,0,16
controlled-1417,controlled,hit_62.5,lead_0.5/rep_12,13,0,0,History-Last1,0.5,0.0,128,10;11;12;13;14;15;16;17;18;19;20;21;22;23;24;25,0;1;2;3;4;5;10;11;12;13;14;15;16;17;18;19,10,6,6
controlled-1418,controlled,hit_62.5,lead_0.5/rep_12,13,0,0,Oracle,0.5,0.0,128,10;11;12;13;14;15;16;17;18;19;20;21;22;23;24;25,10;11;12;13;14;15;16;17;18;19;20;21;22;23;24;25,16,0,0
controlled-1419,controlled,hit_62.5,lead_0.5/rep_13,14,0,0,No-Selected-Prefetch,0.5,0.0,128,10;11;12;13;14;15;16;17;18;19;20;21;22;23;24;25,,0,0,16
controlled-1420,controlled,hit_62.5,lead_0.5/rep_13,14,0,0,History-Last1,0.5,0.0,128,10;11;12;13;14;15;16;17;18;19;20;21;22;23;24;25,0;1;2;3;4;5;10;11;12;13;14;15;16;17;18;19,10,6,6
controlled-1421,controlled,hit_62.5,lead_0.5/rep_13,14,0,0,Oracle,0.5,0.0,128,10;11;12;13;14;15;16;17;18;19;20;21;22;23;24;25,10;11;12;13;14;15;16;17;18;19;20;21;22;23;24;25,16,0,0
controlled-1422,controlled,hit_62.5,lead_0.5/rep_14,15,0,0,No-Selected-Prefetch,0.5,0.0,128,10;11;12;13;14;15;16;17;18;19;20;21;22;23;24;25,,0,0,16
controlled-1423,controlled,hit_62.5,lead_0.5/rep_14,15,0,0,History-Last1,0.5,0.0,128,10;11;12;13;14;15;16;17;18;19;20;21;22;23;24;25,0;1;2;3;4;5;10;11;12;13;14;15;16;17;18;19,10,6,6
controlled-1424,controlled,hit_62.5,lead_0.5/rep_14,15,0,0,Oracle,0.5,0.0,128,10;11;12;13;14;15;16;17;18;19;20;21;22;23;24;25,10;11;12;13;14;15;16;17;18;19;20;21;22;23;24;25,16,0,0
controlled-1425,controlled,hit_62.5,lead_0.5/rep_15,16,0,0,No-Selected-Prefetch,0.5,0.0,128,10;11;12;13;14;15;16;17;18;19;20;21;22;23;24;25,,0,0,16
controlled-1426,controlled,hit_62.5,lead_0.5/rep_15,16,0,0,History-Last1,0.5,0.0,128,10;11;12;13;14;15;16;17;18;19;20;21;22;23;24;25,0;1;2;3;4;5;10;11;12;13;14;15;16;17;18;19,10,6,6
controlled-1427,controlled,hit_62.5,lead_0.5/rep_15,16,0,0,Oracle,0.5,0.0,128,10;11;12;13;14;15;16;17;18;19;20;21;22;23;24;25,10;11;12;13;14;15;16;17;18;19;20;21;22;23;24;25,16,0,0
controlled-1428,controlled,hit_62.5,lead_0.5/rep_16,17,0,0,No-Selected-Prefetch,0.5,0.0,128,10;11;12;13;14;15;16;17;18;19;20;21;22;23;24;25,,0,0,16
controlled-1429,controlled,hit_62.5,lead_0.5/rep_16,17,0,0,History-Last1,0.5,0.0,128,10;11;12;13;14;15;16;17;18;19;20;21;22;23;24;25,0;1;2;3;4;5;10;11;12;13;14;15;16;17;18;19,10,6,6
controlled-1430,controlled,hit_62.5,lead_0.5/rep_16,17,0,0,Oracle,0.5,0.0,128,10;11;12;13;14;15;16;17;18;19;20;21;22;23;24;25,10;11;12;13;14;15;16;17;18;19;20;21;22;23;24;25,16,0,0
controlled-1431,controlled,hit_62.5,lead_0.5/rep_17,18,0,0,No-Selected-Prefetch,0.5,0.0,128,10;11;12;13;14;15;16;17;18;19;20;21;22;23;24;25,,0,0,16
controlled-1432,controlled,hit_62.5,lead_0.5/rep_17,18,0,0,History-Last1,0.5,0.0,128,10;11;12;13;14;15;16;17;18;19;20;21;22;23;24;25,0;1;2;3;4;5;10;11;12;13;14;15;16;17;18;19,10,6,6
controlled-1433,controlled,hit_62.5,lead_0.5/rep_17,18,0,0,Oracle,0.5,0.0,128,10;11;12;13;14;15;16;17;18;19;20;21;22;23;24;25,10;11;12;13;14;15;16;17;18;19;20;21;22;23;24;25,16,0,0
controlled-1434,controlled,hit_62.5,lead_0.5/rep_18,19,0,0,No-Selected-Prefetch,0.5,0.0,128,10;11;12;13;14;15;16;17;18;19;20;21;22;23;24;25,,0,0,16
controlled-1435,controlled,hit_62.5,lead_0.5/rep_18,19,0,0,History-Last1,0.5,0.0,128,10;11;12;13;14;15;16;17;18;19;20;21;22;23;24;25,0;1;2;3;4;5;10;11;12;13;14;15;16;17;18;19,10,6,6
controlled-1436,controlled,hit_62.5,lead_0.5/rep_18,19,0,0,Oracle,0.5,0.0,128,10;11;12;13;14;15;16;17;18;19;20;21;22;23;24;25,10;11;12;13;14;15;16;17;18;19;20;21;22;23;24;25,16,0,0
controlled-1437,controlled,hit_62.5,lead_0.5/rep_19,20,0,0,No-Selected-Prefetch,0.5,0.0,128,10;11;12;13;14;15;16;17;18;19;20;21;22;23;24;25,,0,0,16
controlled-1438,controlled,hit_62.5,lead_0.5/rep_19,20,0,0,History-Last1,0.5,0.0,128,10;11;12;13;14;15;16;17;18;19;20;21;22;23;24;25,0;1;2;3;4;5;10;11;12;13;14;15;16;17;18;19,10,6,6
controlled-1439,controlled,hit_62.5,lead_0.5/rep_19,20,0,0,Oracle,0.5,0.0,128,10;11;12;13;14;15;16;17;18;19;20;21;22;23;24;25,10;11;12;13;14;15;16;17;18;19;20;21;22;23;24;25,16,0,0
controlled-1440,controlled,hit_62.5,lead_1/rep_0,1,0,0,No-Selected-Prefetch,1.0,0.0,128,10;11;12;13;14;15;16;17;18;19;20;21;22;23;24;25,,0,0,16
controlled-1441,controlled,hit_62.5,lead_1/rep_0,1,0,0,History-Last1,1.0,0.0,128,10;11;12;13;14;15;16;17;18;19;20;21;22;23;24;25,0;1;2;3;4;5;10;11;12;13;14;15;16;17;18;19,10,6,6
controlled-1442,controlled,hit_62.5,lead_1/rep_0,1,0,0,Oracle,1.0,0.0,128,10;11;12;13;14;15;16;17;18;19;20;21;22;23;24;25,10;11;12;13;14;15;16;17;18;19;20;21;22;23;24;25,16,0,0
controlled-1443,controlled,hit_62.5,lead_1/rep_1,2,0,0,No-Selected-Prefetch,1.0,0.0,128,10;11;12;13;14;15;16;17;18;19;20;21;22;23;24;25,,0,0,16
controlled-1444,controlled,hit_62.5,lead_1/rep_1,2,0,0,History-Last1,1.0,0.0,128,10;11;12;13;14;15;16;17;18;19;20;21;22;23;24;25,0;1;2;3;4;5;10;11;12;13;14;15;16;17;18;19,10,6,6
controlled-1445,controlled,hit_62.5,lead_1/rep_1,2,0,0,Oracle,1.0,0.0,128,10;11;12;13;14;15;16;17;18;19;20;21;22;23;24;25,10;11;12;13;14;15;16;17;18;19;20;21;22;23;24;25,16,0,0
controlled-1446,controlled,hit_62.5,lead_1/rep_2,3,0,0,No-Selected-Prefetch,1.0,0.0,128,10;11;12;13;14;15;16;17;18;19;20;21;22;23;24;25,,0,0,16
controlled-1447,controlled,hit_62.5,lead_1/rep_2,3,0,0,History-Last1,1.0,0.0,128,10;11;12;13;14;15;16;17;18;19;20;21;22;23;24;25,0;1;2;3;4;5;10;11;12;13;14;15;16;17;18;19,10,6,6
controlled-1448,controlled,hit_62.5,lead_1/rep_2,3,0,0,Oracle,1.0,0.0,128,10;11;12;13;14;15;16;17;18;19;20;21;22;23;24;25,10;11;12;13;14;15;16;17;18;19;20;21;22;23;24;25,16,0,0
controlled-1449,controlled,hit_62.5,lead_1/rep_3,4,0,0,No-Selected-Prefetch,1.0,0.0,128,10;11;12;13;14;15;16;17;18;19;20;21;22;23;24;25,,0,0,16
controlled-1450,controlled,hit_62.5,lead_1/rep_3,4,0,0,History-Last1,1.0,0.0,128,10;11;12;13;14;15;16;17;18;19;20;21;22;23;24;25,0;1;2;3;4;5;10;11;12;13;14;15;16;17;18;19,10,6,6
controlled-1451,controlled,hit_62.5,lead_1/rep_3,4,0,0,Oracle,1.0,0.0,128,10;11;12;13;14;15;16;17;18;19;20;21;22;23;24;25,10;11;12;13;14;15;16;17;18;19;20;21;22;23;24;25,16,0,0
controlled-1452,controlled,hit_62.5,lead_1/rep_4,5,0,0,No-Selected-Prefetch,1.0,0.0,128,10;11;12;13;14;15;16;17;18;19;20;21;22;23;24;25,,0,0,16
controlled-1453,controlled,hit_62.5,lead_1/rep_4,5,0,0,History-Last1,1.0,0.0,128,10;11;12;13;14;15;16;17;18;19;20;21;22;23;24;25,0;1;2;3;4;5;10;11;12;13;14;15;16;17;18;19,10,6,6
controlled-1454,controlled,hit_62.5,lead_1/rep_4,5,0,0,Oracle,1.0,0.0,128,10;11;12;13;14;15;16;17;18;19;20;21;22;23;24;25,10;11;12;13;14;15;16;17;18;19;20;21;22;23;24;25,16,0,0
controlled-1455,controlled,hit_62.5,lead_1/rep_5,6,0,0,No-Selected-Prefetch,1.0,0.0,128,10;11;12;13;14;15;16;17;18;19;20;21;22;23;24;25,,0,0,16
controlled-1456,controlled,hit_62.5,lead_1/rep_5,6,0,0,History-Last1,1.0,0.0,128,10;11;12;13;14;15;16;17;18;19;20;21;22;23;24;25,0;1;2;3;4;5;10;11;12;13;14;15;16;17;18;19,10,6,6
controlled-1457,controlled,hit_62.5,lead_1/rep_5,6,0,0,Oracle,1.0,0.0,128,10;11;12;13;14;15;16;17;18;19;20;21;22;23;24;25,10;11;12;13;14;15;16;17;18;19;20;21;22;23;24;25,16,0,0
controlled-1458,controlled,hit_62.5,lead_1/rep_6,7,0,0,No-Selected-Prefetch,1.0,0.0,128,10;11;12;13;14;15;16;17;18;19;20;21;22;23;24;25,,0,0,16
controlled-1459,controlled,hit_62.5,lead_1/rep_6,7,0,0,History-Last1,1.0,0.0,128,10;11;12;13;14;15;16;17;18;19;20;21;22;23;24;25,0;1;2;3;4;5;10;11;12;13;14;15;16;17;18;19,10,6,6
controlled-1460,controlled,hit_62.5,lead_1/rep_6,7,0,0,Oracle,1.0,0.0,128,10;11;12;13;14;15;16;17;18;19;20;21;22;23;24;25,10;11;12;13;14;15;16;17;18;19;20;21;22;23;24;25,16,0,0
controlled-1461,controlled,hit_62.5,lead_1/rep_7,8,0,0,No-Selected-Prefetch,1.0,0.0,128,10;11;12;13;14;15;16;17;18;19;20;21;22;23;24;25,,0,0,16
controlled-1462,controlled,hit_62.5,lead_1/rep_7,8,0,0,History-Last1,1.0,0.0,128,10;11;12;13;14;15;16;17;18;19;20;21;22;23;24;25,0;1;2;3;4;5;10;11;12;13;14;15;16;17;18;19,10,6,6
controlled-1463,controlled,hit_62.5,lead_1/rep_7,8,0,0,Oracle,1.0,0.0,128,10;11;12;13;14;15;16;17;18;19;20;21;22;23;24;25,10;11;12;13;14;15;16;17;18;19;20;21;22;23;24;25,16,0,0
controlled-1464,controlled,hit_62.5,lead_1/rep_8,9,0,0,No-Selected-Prefetch,1.0,0.0,128,10;11;12;13;14;15;16;17;18;19;20;21;22;23;24;25,,0,0,16
controlled-1465,controlled,hit_62.5,lead_1/rep_8,9,0,0,History-Last1,1.0,0.0,128,10;11;12;13;14;15;16;17;18;19;20;21;22;23;24;25,0;1;2;3;4;5;10;11;12;13;14;15;16;17;18;19,10,6,6
controlled-1466,controlled,hit_62.5,lead_1/rep_8,9,0,0,Oracle,1.0,0.0,128,10;11;12;13;14;15;16;17;18;19;20;21;22;23;24;25,10;11;12;13;14;15;16;17;18;19;20;21;22;23;24;25,16,0,0
controlled-1467,controlled,hit_62.5,lead_1/rep_9,10,0,0,No-Selected-Prefetch,1.0,0.0,128,10;11;12;13;14;15;16;17;18;19;20;21;22;23;24;25,,0,0,16
controlled-1468,controlled,hit_62.5,lead_1/rep_9,10,0,0,History-Last1,1.0,0.0,128,10;11;12;13;14;15;16;17;18;19;20;21;22;23;24;25,0;1;2;3;4;5;10;11;12;13;14;15;16;17;18;19,10,6,6
controlled-1469,controlled,hit_62.5,lead_1/rep_9,10,0,0,Oracle,1.0,0.0,128,10;11;12;13;14;15;16;17;18;19;20;21;22;23;24;25,10;11;12;13;14;15;16;17;18;19;20;21;22;23;24;25,16,0,0
controlled-1470,controlled,hit_62.5,lead_1/rep_10,11,0,0,No-Selected-Prefetch,1.0,0.0,128,10;11;12;13;14;15;16;17;18;19;20;21;22;23;24;25,,0,0,16
controlled-1471,controlled,hit_62.5,lead_1/rep_10,11,0,0,History-Last1,1.0,0.0,128,10;11;12;13;14;15;16;17;18;19;20;21;22;23;24;25,0;1;2;3;4;5;10;11;12;13;14;15;16;17;18;19,10,6,6
controlled-1472,controlled,hit_62.5,lead_1/rep_10,11,0,0,Oracle,1.0,0.0,128,10;11;12;13;14;15;16;17;18;19;20;21;22;23;24;25,10;11;12;13;14;15;16;17;18;19;20;21;22;23;24;25,16,0,0
controlled-1473,controlled,hit_62.5,lead_1/rep_11,12,0,0,No-Selected-Prefetch,1.0,0.0,128,10;11;12;13;14;15;16;17;18;19;20;21;22;23;24;25,,0,0,16
controlled-1474,controlled,hit_62.5,lead_1/rep_11,12,0,0,History-Last1,1.0,0.0,128,10;11;12;13;14;15;16;17;18;19;20;21;22;23;24;25,0;1;2;3;4;5;10;11;12;13;14;15;16;17;18;19,10,6,6
controlled-1475,controlled,hit_62.5,lead_1/rep_11,12,0,0,Oracle,1.0,0.0,128,10;11;12;13;14;15;16;17;18;19;20;21;22;23;24;25,10;11;12;13;14;15;16;17;18;19;20;21;22;23;24;25,16,0,0
controlled-1476,controlled,hit_62.5,lead_1/rep_12,13,0,0,No-Selected-Prefetch,1.0,0.0,128,10;11;12;13;14;15;16;17;18;19;20;21;22;23;24;25,,0,0,16
controlled-1477,controlled,hit_62.5,lead_1/rep_12,13,0,0,History-Last1,1.0,0.0,128,10;11;12;13;14;15;16;17;18;19;20;21;22;23;24;25,0;1;2;3;4;5;10;11;12;13;14;15;16;17;18;19,10,6,6
controlled-1478,controlled,hit_62.5,lead_1/rep_12,13,0,0,Oracle,1.0,0.0,128,10;11;12;13;14;15;16;17;18;19;20;21;22;23;24;25,10;11;12;13;14;15;16;17;18;19;20;21;22;23;24;25,16,0,0
controlled-1479,controlled,hit_62.5,lead_1/rep_13,14,0,0,No-Selected-Prefetch,1.0,0.0,128,10;11;12;13;14;15;16;17;18;19;20;21;22;23;24;25,,0,0,16
controlled-1480,controlled,hit_62.5,lead_1/rep_13,14,0,0,History-Last1,1.0,0.0,128,10;11;12;13;14;15;16;17;18;19;20;21;22;23;24;25,0;1;2;3;4;5;10;11;12;13;14;15;16;17;18;19,10,6,6
controlled-1481,controlled,hit_62.5,lead_1/rep_13,14,0,0,Oracle,1.0,0.0,128,10;11;12;13;14;15;16;17;18;19;20;21;22;23;24;25,10;11;12;13;14;15;16;17;18;19;20;21;22;23;24;25,16,0,0
controlled-1482,controlled,hit_62.5,lead_1/rep_14,15,0,0,No-Selected-Prefetch,1.0,0.0,128,10;11;12;13;14;15;16;17;18;19;20;21;22;23;24;25,,0,0,16
controlled-1483,controlled,hit_62.5,lead_1/rep_14,15,0,0,History-Last1,1.0,0.0,128,10;11;12;13;14;15;16;17;18;19;20;21;22;23;24;25,0;1;2;3;4;5;10;11;12;13;14;15;16;17;18;19,10,6,6
controlled-1484,controlled,hit_62.5,lead_1/rep_14,15,0,0,Oracle,1.0,0.0,128,10;11;12;13;14;15;16;17;18;19;20;21;22;23;24;25,10;11;12;13;14;15;16;17;18;19;20;21;22;23;24;25,16,0,0
controlled-1485,controlled,hit_62.5,lead_1/rep_15,16,0,0,No-Selected-Prefetch,1.0,0.0,128,10;11;12;13;14;15;16;17;18;19;20;21;22;23;24;25,,0,0,16
controlled-1486,controlled,hit_62.5,lead_1/rep_15,16,0,0,History-Last1,1.0,0.0,128,10;11;12;13;14;15;16;17;18;19;20;21;22;23;24;25,0;1;2;3;4;5;10;11;12;13;14;15;16;17;18;19,10,6,6
controlled-1487,controlled,hit_62.5,lead_1/rep_15,16,0,0,Oracle,1.0,0.0,128,10;11;12;13;14;15;16;17;18;19;20;21;22;23;24;25,10;11;12;13;14;15;16;17;18;19;20;21;22;23;24;25,16,0,0
controlled-1488,controlled,hit_62.5,lead_1/rep_16,17,0,0,No-Selected-Prefetch,1.0,0.0,128,10;11;12;13;14;15;16;17;18;19;20;21;22;23;24;25,,0,0,16
controlled-1489,controlled,hit_62.5,lead_1/rep_16,17,0,0,History-Last1,1.0,0.0,128,10;11;12;13;14;15;16;17;18;19;20;21;22;23;24;25,0;1;2;3;4;5;10;11;12;13;14;15;16;17;18;19,10,6,6
controlled-1490,controlled,hit_62.5,lead_1/rep_16,17,0,0,Oracle,1.0,0.0,128,10;11;12;13;14;15;16;17;18;19;20;21;22;23;24;25,10;11;12;13;14;15;16;17;18;19;20;21;22;23;24;25,16,0,0
controlled-1491,controlled,hit_62.5,lead_1/rep_17,18,0,0,No-Selected-Prefetch,1.0,0.0,128,10;11;12;13;14;15;16;17;18;19;20;21;22;23;24;25,,0,0,16
controlled-1492,controlled,hit_62.5,lead_1/rep_17,18,0,0,History-Last1,1.0,0.0,128,10;11;12;13;14;15;16;17;18;19;20;21;22;23;24;25,0;1;2;3;4;5;10;11;12;13;14;15;16;17;18;19,10,6,6
controlled-1493,controlled,hit_62.5,lead_1/rep_17,18,0,0,Oracle,1.0,0.0,128,10;11;12;13;14;15;16;17;18;19;20;21;22;23;24;25,10;11;12;13;14;15;16;17;18;19;20;21;22;23;24;25,16,0,0
controlled-1494,controlled,hit_62.5,lead_1/rep_18,19,0,0,No-Selected-Prefetch,1.0,0.0,128,10;11;12;13;14;15;16;17;18;19;20;21;22;23;24;25,,0,0,16
controlled-1495,controlled,hit_62.5,lead_1/rep_18,19,0,0,History-Last1,1.0,0.0,128,10;11;12;13;14;15;16;17;18;19;20;21;22;23;24;25,0;1;2;3;4;5;10;11;12;13;14;15;16;17;18;19,10,6,6
controlled-1496,controlled,hit_62.5,lead_1/rep_18,19,0,0,Oracle,1.0,0.0,128,10;11;12;13;14;15;16;17;18;19;20;21;22;23;24;25,10;11;12;13;14;15;16;17;18;19;20;21;22;23;24;25,16,0,0
controlled-1497,controlled,hit_62.5,lead_1/rep_19,20,0,0,No-Selected-Prefetch,1.0,0.0,128,10;11;12;13;14;15;16;17;18;19;20;21;22;23;24;25,,0,0,16
controlled-1498,controlled,hit_62.5,lead_1/rep_19,20,0,0,History-Last1,1.0,0.0,128,10;11;12;13;14;15;16;17;18;19;20;21;22;23;24;25,0;1;2;3;4;5;10;11;12;13;14;15;16;17;18;19,10,6,6
controlled-1499,controlled,hit_62.5,lead_1/rep_19,20,0,0,Oracle,1.0,0.0,128,10;11;12;13;14;15;16;17;18;19;20;21;22;23;24;25,10;11;12;13;14;15;16;17;18;19;20;21;22;23;24;25,16,0,0
controlled-1500,controlled,hit_62.5,lead_2/rep_0,1,0,0,No-Selected-Prefetch,2.0,0.0,128,10;11;12;13;14;15;16;17;18;19;20;21;22;23;24;25,,0,0,16
controlled-1501,controlled,hit_62.5,lead_2/rep_0,1,0,0,History-Last1,2.0,0.0,128,10;11;12;13;14;15;16;17;18;19;20;21;22;23;24;25,0;1;2;3;4;5;10;11;12;13;14;15;16;17;18;19,10,6,6
controlled-1502,controlled,hit_62.5,lead_2/rep_0,1,0,0,Oracle,2.0,0.0,128,10;11;12;13;14;15;16;17;18;19;20;21;22;23;24;25,10;11;12;13;14;15;16;17;18;19;20;21;22;23;24;25,16,0,0
controlled-1503,controlled,hit_62.5,lead_2/rep_1,2,0,0,No-Selected-Prefetch,2.0,0.0,128,10;11;12;13;14;15;16;17;18;19;20;21;22;23;24;25,,0,0,16
controlled-1504,controlled,hit_62.5,lead_2/rep_1,2,0,0,History-Last1,2.0,0.0,128,10;11;12;13;14;15;16;17;18;19;20;21;22;23;24;25,0;1;2;3;4;5;10;11;12;13;14;15;16;17;18;19,10,6,6
controlled-1505,controlled,hit_62.5,lead_2/rep_1,2,0,0,Oracle,2.0,0.0,128,10;11;12;13;14;15;16;17;18;19;20;21;22;23;24;25,10;11;12;13;14;15;16;17;18;19;20;21;22;23;24;25,16,0,0
controlled-1506,controlled,hit_62.5,lead_2/rep_2,3,0,0,No-Selected-Prefetch,2.0,0.0,128,10;11;12;13;14;15;16;17;18;19;20;21;22;23;24;25,,0,0,16
controlled-1507,controlled,hit_62.5,lead_2/rep_2,3,0,0,History-Last1,2.0,0.0,128,10;11;12;13;14;15;16;17;18;19;20;21;22;23;24;25,0;1;2;3;4;5;10;11;12;13;14;15;16;17;18;19,10,6,6
controlled-1508,controlled,hit_62.5,lead_2/rep_2,3,0,0,Oracle,2.0,0.0,128,10;11;12;13;14;15;16;17;18;19;20;21;22;23;24;25,10;11;12;13;14;15;16;17;18;19;20;21;22;23;24;25,16,0,0
controlled-1509,controlled,hit_62.5,lead_2/rep_3,4,0,0,No-Selected-Prefetch,2.0,0.0,128,10;11;12;13;14;15;16;17;18;19;20;21;22;23;24;25,,0,0,16
controlled-1510,controlled,hit_62.5,lead_2/rep_3,4,0,0,History-Last1,2.0,0.0,128,10;11;12;13;14;15;16;17;18;19;20;21;22;23;24;25,0;1;2;3;4;5;10;11;12;13;14;15;16;17;18;19,10,6,6
controlled-1511,controlled,hit_62.5,lead_2/rep_3,4,0,0,Oracle,2.0,0.0,128,10;11;12;13;14;15;16;17;18;19;20;21;22;23;24;25,10;11;12;13;14;15;16;17;18;19;20;21;22;23;24;25,16,0,0
controlled-1512,controlled,hit_62.5,lead_2/rep_4,5,0,0,No-Selected-Prefetch,2.0,0.0,128,10;11;12;13;14;15;16;17;18;19;20;21;22;23;24;25,,0,0,16
controlled-1513,controlled,hit_62.5,lead_2/rep_4,5,0,0,History-Last1,2.0,0.0,128,10;11;12;13;14;15;16;17;18;19;20;21;22;23;24;25,0;1;2;3;4;5;10;11;12;13;14;15;16;17;18;19,10,6,6
controlled-1514,controlled,hit_62.5,lead_2/rep_4,5,0,0,Oracle,2.0,0.0,128,10;11;12;13;14;15;16;17;18;19;20;21;22;23;24;25,10;11;12;13;14;15;16;17;18;19;20;21;22;23;24;25,16,0,0
controlled-1515,controlled,hit_62.5,lead_2/rep_5,6,0,0,No-Selected-Prefetch,2.0,0.0,128,10;11;12;13;14;15;16;17;18;19;20;21;22;23;24;25,,0,0,16
controlled-1516,controlled,hit_62.5,lead_2/rep_5,6,0,0,History-Last1,2.0,0.0,128,10;11;12;13;14;15;16;17;18;19;20;21;22;23;24;25,0;1;2;3;4;5;10;11;12;13;14;15;16;17;18;19,10,6,6
controlled-1517,controlled,hit_62.5,lead_2/rep_5,6,0,0,Oracle,2.0,0.0,128,10;11;12;13;14;15;16;17;18;19;20;21;22;23;24;25,10;11;12;13;14;15;16;17;18;19;20;21;22;23;24;25,16,0,0
controlled-1518,controlled,hit_62.5,lead_2/rep_6,7,0,0,No-Selected-Prefetch,2.0,0.0,128,10;11;12;13;14;15;16;17;18;19;20;21;22;23;24;25,,0,0,16
controlled-1519,controlled,hit_62.5,lead_2/rep_6,7,0,0,History-Last1,2.0,0.0,128,10;11;12;13;14;15;16;17;18;19;20;21;22;23;24;25,0;1;2;3;4;5;10;11;12;13;14;15;16;17;18;19,10,6,6
controlled-1520,controlled,hit_62.5,lead_2/rep_6,7,0,0,Oracle,2.0,0.0,128,10;11;12;13;14;15;16;17;18;19;20;21;22;23;24;25,10;11;12;13;14;15;16;17;18;19;20;21;22;23;24;25,16,0,0
controlled-1521,controlled,hit_62.5,lead_2/rep_7,8,0,0,No-Selected-Prefetch,2.0,0.0,128,10;11;12;13;14;15;16;17;18;19;20;21;22;23;24;25,,0,0,16
controlled-1522,controlled,hit_62.5,lead_2/rep_7,8,0,0,History-Last1,2.0,0.0,128,10;11;12;13;14;15;16;17;18;19;20;21;22;23;24;25,0;1;2;3;4;5;10;11;12;13;14;15;16;17;18;19,10,6,6
controlled-1523,controlled,hit_62.5,lead_2/rep_7,8,0,0,Oracle,2.0,0.0,128,10;11;12;13;14;15;16;17;18;19;20;21;22;23;24;25,10;11;12;13;14;15;16;17;18;19;20;21;22;23;24;25,16,0,0
controlled-1524,controlled,hit_62.5,lead_2/rep_8,9,0,0,No-Selected-Prefetch,2.0,0.0,128,10;11;12;13;14;15;16;17;18;19;20;21;22;23;24;25,,0,0,16
controlled-1525,controlled,hit_62.5,lead_2/rep_8,9,0,0,History-Last1,2.0,0.0,128,10;11;12;13;14;15;16;17;18;19;20;21;22;23;24;25,0;1;2;3;4;5;10;11;12;13;14;15;16;17;18;19,10,6,6
controlled-1526,controlled,hit_62.5,lead_2/rep_8,9,0,0,Oracle,2.0,0.0,128,10;11;12;13;14;15;16;17;18;19;20;21;22;23;24;25,10;11;12;13;14;15;16;17;18;19;20;21;22;23;24;25,16,0,0
controlled-1527,controlled,hit_62.5,lead_2/rep_9,10,0,0,No-Selected-Prefetch,2.0,0.0,128,10;11;12;13;14;15;16;17;18;19;20;21;22;23;24;25,,0,0,16
controlled-1528,controlled,hit_62.5,lead_2/rep_9,10,0,0,History-Last1,2.0,0.0,128,10;11;12;13;14;15;16;17;18;19;20;21;22;23;24;25,0;1;2;3;4;5;10;11;12;13;14;15;16;17;18;19,10,6,6
controlled-1529,controlled,hit_62.5,lead_2/rep_9,10,0,0,Oracle,2.0,0.0,128,10;11;12;13;14;15;16;17;18;19;20;21;22;23;24;25,10;11;12;13;14;15;16;17;18;19;20;21;22;23;24;25,16,0,0
controlled-1530,controlled,hit_62.5,lead_2/rep_10,11,0,0,No-Selected-Prefetch,2.0,0.0,128,10;11;12;13;14;15;16;17;18;19;20;21;22;23;24;25,,0,0,16
controlled-1531,controlled,hit_62.5,lead_2/rep_10,11,0,0,History-Last1,2.0,0.0,128,10;11;12;13;14;15;16;17;18;19;20;21;22;23;24;25,0;1;2;3;4;5;10;11;12;13;14;15;16;17;18;19,10,6,6
controlled-1532,controlled,hit_62.5,lead_2/rep_10,11,0,0,Oracle,2.0,0.0,128,10;11;12;13;14;15;16;17;18;19;20;21;22;23;24;25,10;11;12;13;14;15;16;17;18;19;20;21;22;23;24;25,16,0,0
controlled-1533,controlled,hit_62.5,lead_2/rep_11,12,0,0,No-Selected-Prefetch,2.0,0.0,128,10;11;12;13;14;15;16;17;18;19;20;21;22;23;24;25,,0,0,16
controlled-1534,controlled,hit_62.5,lead_2/rep_11,12,0,0,History-Last1,2.0,0.0,128,10;11;12;13;14;15;16;17;18;19;20;21;22;23;24;25,0;1;2;3;4;5;10;11;12;13;14;15;16;17;18;19,10,6,6
controlled-1535,controlled,hit_62.5,lead_2/rep_11,12,0,0,Oracle,2.0,0.0,128,10;11;12;13;14;15;16;17;18;19;20;21;22;23;24;25,10;11;12;13;14;15;16;17;18;19;20;21;22;23;24;25,16,0,0
controlled-1536,controlled,hit_62.5,lead_2/rep_12,13,0,0,No-Selected-Prefetch,2.0,0.0,128,10;11;12;13;14;15;16;17;18;19;20;21;22;23;24;25,,0,0,16
controlled-1537,controlled,hit_62.5,lead_2/rep_12,13,0,0,History-Last1,2.0,0.0,128,10;11;12;13;14;15;16;17;18;19;20;21;22;23;24;25,0;1;2;3;4;5;10;11;12;13;14;15;16;17;18;19,10,6,6
controlled-1538,controlled,hit_62.5,lead_2/rep_12,13,0,0,Oracle,2.0,0.0,128,10;11;12;13;14;15;16;17;18;19;20;21;22;23;24;25,10;11;12;13;14;15;16;17;18;19;20;21;22;23;24;25,16,0,0
controlled-1539,controlled,hit_62.5,lead_2/rep_13,14,0,0,No-Selected-Prefetch,2.0,0.0,128,10;11;12;13;14;15;16;17;18;19;20;21;22;23;24;25,,0,0,16
controlled-1540,controlled,hit_62.5,lead_2/rep_13,14,0,0,History-Last1,2.0,0.0,128,10;11;12;13;14;15;16;17;18;19;20;21;22;23;24;25,0;1;2;3;4;5;10;11;12;13;14;15;16;17;18;19,10,6,6
controlled-1541,controlled,hit_62.5,lead_2/rep_13,14,0,0,Oracle,2.0,0.0,128,10;11;12;13;14;15;16;17;18;19;20;21;22;23;24;25,10;11;12;13;14;15;16;17;18;19;20;21;22;23;24;25,16,0,0
controlled-1542,controlled,hit_62.5,lead_2/rep_14,15,0,0,No-Selected-Prefetch,2.0,0.0,128,10;11;12;13;14;15;16;17;18;19;20;21;22;23;24;25,,0,0,16
controlled-1543,controlled,hit_62.5,lead_2/rep_14,15,0,0,History-Last1,2.0,0.0,128,10;11;12;13;14;15;16;17;18;19;20;21;22;23;24;25,0;1;2;3;4;5;10;11;12;13;14;15;16;17;18;19,10,6,6
controlled-1544,controlled,hit_62.5,lead_2/rep_14,15,0,0,Oracle,2.0,0.0,128,10;11;12;13;14;15;16;17;18;19;20;21;22;23;24;25,10;11;12;13;14;15;16;17;18;19;20;21;22;23;24;25,16,0,0
controlled-1545,controlled,hit_62.5,lead_2/rep_15,16,0,0,No-Selected-Prefetch,2.0,0.0,128,10;11;12;13;14;15;16;17;18;19;20;21;22;23;24;25,,0,0,16
controlled-1546,controlled,hit_62.5,lead_2/rep_15,16,0,0,History-Last1,2.0,0.0,128,10;11;12;13;14;15;16;17;18;19;20;21;22;23;24;25,0;1;2;3;4;5;10;11;12;13;14;15;16;17;18;19,10,6,6
controlled-1547,controlled,hit_62.5,lead_2/rep_15,16,0,0,Oracle,2.0,0.0,128,10;11;12;13;14;15;16;17;18;19;20;21;22;23;24;25,10;11;12;13;14;15;16;17;18;19;20;21;22;23;24;25,16,0,0
controlled-1548,controlled,hit_62.5,lead_2/rep_16,17,0,0,No-Selected-Prefetch,2.0,0.0,128,10;11;12;13;14;15;16;17;18;19;20;21;22;23;24;25,,0,0,16
controlled-1549,controlled,hit_62.5,lead_2/rep_16,17,0,0,History-Last1,2.0,0.0,128,10;11;12;13;14;15;16;17;18;19;20;21;22;23;24;25,0;1;2;3;4;5;10;11;12;13;14;15;16;17;18;19,10,6,6
controlled-1550,controlled,hit_62.5,lead_2/rep_16,17,0,0,Oracle,2.0,0.0,128,10;11;12;13;14;15;16;17;18;19;20;21;22;23;24;25,10;11;12;13;14;15;16;17;18;19;20;21;22;23;24;25,16,0,0
controlled-1551,controlled,hit_62.5,lead_2/rep_17,18,0,0,No-Selected-Prefetch,2.0,0.0,128,10;11;12;13;14;15;16;17;18;19;20;21;22;23;24;25,,0,0,16
controlled-1552,controlled,hit_62.5,lead_2/rep_17,18,0,0,History-Last1,2.0,0.0,128,10;11;12;13;14;15;16;17;18;19;20;21;22;23;24;25,0;1;2;3;4;5;10;11;12;13;14;15;16;17;18;19,10,6,6
controlled-1553,controlled,hit_62.5,lead_2/rep_17,18,0,0,Oracle,2.0,0.0,128,10;11;12;13;14;15;16;17;18;19;20;21;22;23;24;25,10;11;12;13;14;15;16;17;18;19;20;21;22;23;24;25,16,0,0
controlled-1554,controlled,hit_62.5,lead_2/rep_18,19,0,0,No-Selected-Prefetch,2.0,0.0,128,10;11;12;13;14;15;16;17;18;19;20;21;22;23;24;25,,0,0,16
controlled-1555,controlled,hit_62.5,lead_2/rep_18,19,0,0,History-Last1,2.0,0.0,128,10;11;12;13;14;15;16;17;18;19;20;21;22;23;24;25,0;1;2;3;4;5;10;11;12;13;14;15;16;17;18;19,10,6,6
controlled-1556,controlled,hit_62.5,lead_2/rep_18,19,0,0,Oracle,2.0,0.0,128,10;11;12;13;14;15;16;17;18;19;20;21;22;23;24;25,10;11;12;13;14;15;16;17;18;19;20;21;22;23;24;25,16,0,0
controlled-1557,controlled,hit_62.5,lead_2/rep_19,20,0,0,No-Selected-Prefetch,2.0,0.0,128,10;11;12;13;14;15;16;17;18;19;20;21;22;23;24;25,,0,0,16
controlled-1558,controlled,hit_62.5,lead_2/rep_19,20,0,0,History-Last1,2.0,0.0,128,10;11;12;13;14;15;16;17;18;19;20;21;22;23;24;25,0;1;2;3;4;5;10;11;12;13;14;15;16;17;18;19,10,6,6
controlled-1559,controlled,hit_62.5,lead_2/rep_19,20,0,0,Oracle,2.0,0.0,128,10;11;12;13;14;15;16;17;18;19;20;21;22;23;24;25,10;11;12;13;14;15;16;17;18;19;20;21;22;23;24;25,16,0,0
controlled-1560,controlled,hit_62.5,lead_4/rep_0,1,0,0,No-Selected-Prefetch,4.0,0.0,128,10;11;12;13;14;15;16;17;18;19;20;21;22;23;24;25,,0,0,16
controlled-1561,controlled,hit_62.5,lead_4/rep_0,1,0,0,History-Last1,4.0,0.0,128,10;11;12;13;14;15;16;17;18;19;20;21;22;23;24;25,0;1;2;3;4;5;10;11;12;13;14;15;16;17;18;19,10,6,6
controlled-1562,controlled,hit_62.5,lead_4/rep_0,1,0,0,Oracle,4.0,0.0,128,10;11;12;13;14;15;16;17;18;19;20;21;22;23;24;25,10;11;12;13;14;15;16;17;18;19;20;21;22;23;24;25,16,0,0
controlled-1563,controlled,hit_62.5,lead_4/rep_1,2,0,0,No-Selected-Prefetch,4.0,0.0,128,10;11;12;13;14;15;16;17;18;19;20;21;22;23;24;25,,0,0,16
controlled-1564,controlled,hit_62.5,lead_4/rep_1,2,0,0,History-Last1,4.0,0.0,128,10;11;12;13;14;15;16;17;18;19;20;21;22;23;24;25,0;1;2;3;4;5;10;11;12;13;14;15;16;17;18;19,10,6,6
controlled-1565,controlled,hit_62.5,lead_4/rep_1,2,0,0,Oracle,4.0,0.0,128,10;11;12;13;14;15;16;17;18;19;20;21;22;23;24;25,10;11;12;13;14;15;16;17;18;19;20;21;22;23;24;25,16,0,0
controlled-1566,controlled,hit_62.5,lead_4/rep_2,3,0,0,No-Selected-Prefetch,4.0,0.0,128,10;11;12;13;14;15;16;17;18;19;20;21;22;23;24;25,,0,0,16
controlled-1567,controlled,hit_62.5,lead_4/rep_2,3,0,0,History-Last1,4.0,0.0,128,10;11;12;13;14;15;16;17;18;19;20;21;22;23;24;25,0;1;2;3;4;5;10;11;12;13;14;15;16;17;18;19,10,6,6
controlled-1568,controlled,hit_62.5,lead_4/rep_2,3,0,0,Oracle,4.0,0.0,128,10;11;12;13;14;15;16;17;18;19;20;21;22;23;24;25,10;11;12;13;14;15;16;17;18;19;20;21;22;23;24;25,16,0,0
controlled-1569,controlled,hit_62.5,lead_4/rep_3,4,0,0,No-Selected-Prefetch,4.0,0.0,128,10;11;12;13;14;15;16;17;18;19;20;21;22;23;24;25,,0,0,16
controlled-1570,controlled,hit_62.5,lead_4/rep_3,4,0,0,History-Last1,4.0,0.0,128,10;11;12;13;14;15;16;17;18;19;20;21;22;23;24;25,0;1;2;3;4;5;10;11;12;13;14;15;16;17;18;19,10,6,6
controlled-1571,controlled,hit_62.5,lead_4/rep_3,4,0,0,Oracle,4.0,0.0,128,10;11;12;13;14;15;16;17;18;19;20;21;22;23;24;25,10;11;12;13;14;15;16;17;18;19;20;21;22;23;24;25,16,0,0
controlled-1572,controlled,hit_62.5,lead_4/rep_4,5,0,0,No-Selected-Prefetch,4.0,0.0,128,10;11;12;13;14;15;16;17;18;19;20;21;22;23;24;25,,0,0,16
controlled-1573,controlled,hit_62.5,lead_4/rep_4,5,0,0,History-Last1,4.0,0.0,128,10;11;12;13;14;15;16;17;18;19;20;21;22;23;24;25,0;1;2;3;4;5;10;11;12;13;14;15;16;17;18;19,10,6,6
controlled-1574,controlled,hit_62.5,lead_4/rep_4,5,0,0,Oracle,4.0,0.0,128,10;11;12;13;14;15;16;17;18;19;20;21;22;23;24;25,10;11;12;13;14;15;16;17;18;19;20;21;22;23;24;25,16,0,0
controlled-1575,controlled,hit_62.5,lead_4/rep_5,6,0,0,No-Selected-Prefetch,4.0,0.0,128,10;11;12;13;14;15;16;17;18;19;20;21;22;23;24;25,,0,0,16
controlled-1576,controlled,hit_62.5,lead_4/rep_5,6,0,0,History-Last1,4.0,0.0,128,10;11;12;13;14;15;16;17;18;19;20;21;22;23;24;25,0;1;2;3;4;5;10;11;12;13;14;15;16;17;18;19,10,6,6
controlled-1577,controlled,hit_62.5,lead_4/rep_5,6,0,0,Oracle,4.0,0.0,128,10;11;12;13;14;15;16;17;18;19;20;21;22;23;24;25,10;11;12;13;14;15;16;17;18;19;20;21;22;23;24;25,16,0,0
controlled-1578,controlled,hit_62.5,lead_4/rep_6,7,0,0,No-Selected-Prefetch,4.0,0.0,128,10;11;12;13;14;15;16;17;18;19;20;21;22;23;24;25,,0,0,16
controlled-1579,controlled,hit_62.5,lead_4/rep_6,7,0,0,History-Last1,4.0,0.0,128,10;11;12;13;14;15;16;17;18;19;20;21;22;23;24;25,0;1;2;3;4;5;10;11;12;13;14;15;16;17;18;19,10,6,6
controlled-1580,controlled,hit_62.5,lead_4/rep_6,7,0,0,Oracle,4.0,0.0,128,10;11;12;13;14;15;16;17;18;19;20;21;22;23;24;25,10;11;12;13;14;15;16;17;18;19;20;21;22;23;24;25,16,0,0
controlled-1581,controlled,hit_62.5,lead_4/rep_7,8,0,0,No-Selected-Prefetch,4.0,0.0,128,10;11;12;13;14;15;16;17;18;19;20;21;22;23;24;25,,0,0,16
controlled-1582,controlled,hit_62.5,lead_4/rep_7,8,0,0,History-Last1,4.0,0.0,128,10;11;12;13;14;15;16;17;18;19;20;21;22;23;24;25,0;1;2;3;4;5;10;11;12;13;14;15;16;17;18;19,10,6,6
controlled-1583,controlled,hit_62.5,lead_4/rep_7,8,0,0,Oracle,4.0,0.0,128,10;11;12;13;14;15;16;17;18;19;20;21;22;23;24;25,10;11;12;13;14;15;16;17;18;19;20;21;22;23;24;25,16,0,0
controlled-1584,controlled,hit_62.5,lead_4/rep_8,9,0,0,No-Selected-Prefetch,4.0,0.0,128,10;11;12;13;14;15;16;17;18;19;20;21;22;23;24;25,,0,0,16
controlled-1585,controlled,hit_62.5,lead_4/rep_8,9,0,0,History-Last1,4.0,0.0,128,10;11;12;13;14;15;16;17;18;19;20;21;22;23;24;25,0;1;2;3;4;5;10;11;12;13;14;15;16;17;18;19,10,6,6
controlled-1586,controlled,hit_62.5,lead_4/rep_8,9,0,0,Oracle,4.0,0.0,128,10;11;12;13;14;15;16;17;18;19;20;21;22;23;24;25,10;11;12;13;14;15;16;17;18;19;20;21;22;23;24;25,16,0,0
controlled-1587,controlled,hit_62.5,lead_4/rep_9,10,0,0,No-Selected-Prefetch,4.0,0.0,128,10;11;12;13;14;15;16;17;18;19;20;21;22;23;24;25,,0,0,16
controlled-1588,controlled,hit_62.5,lead_4/rep_9,10,0,0,History-Last1,4.0,0.0,128,10;11;12;13;14;15;16;17;18;19;20;21;22;23;24;25,0;1;2;3;4;5;10;11;12;13;14;15;16;17;18;19,10,6,6
controlled-1589,controlled,hit_62.5,lead_4/rep_9,10,0,0,Oracle,4.0,0.0,128,10;11;12;13;14;15;16;17;18;19;20;21;22;23;24;25,10;11;12;13;14;15;16;17;18;19;20;21;22;23;24;25,16,0,0
controlled-1590,controlled,hit_62.5,lead_4/rep_10,11,0,0,No-Selected-Prefetch,4.0,0.0,128,10;11;12;13;14;15;16;17;18;19;20;21;22;23;24;25,,0,0,16
controlled-1591,controlled,hit_62.5,lead_4/rep_10,11,0,0,History-Last1,4.0,0.0,128,10;11;12;13;14;15;16;17;18;19;20;21;22;23;24;25,0;1;2;3;4;5;10;11;12;13;14;15;16;17;18;19,10,6,6
controlled-1592,controlled,hit_62.5,lead_4/rep_10,11,0,0,Oracle,4.0,0.0,128,10;11;12;13;14;15;16;17;18;19;20;21;22;23;24;25,10;11;12;13;14;15;16;17;18;19;20;21;22;23;24;25,16,0,0
controlled-1593,controlled,hit_62.5,lead_4/rep_11,12,0,0,No-Selected-Prefetch,4.0,0.0,128,10;11;12;13;14;15;16;17;18;19;20;21;22;23;24;25,,0,0,16
controlled-1594,controlled,hit_62.5,lead_4/rep_11,12,0,0,History-Last1,4.0,0.0,128,10;11;12;13;14;15;16;17;18;19;20;21;22;23;24;25,0;1;2;3;4;5;10;11;12;13;14;15;16;17;18;19,10,6,6
controlled-1595,controlled,hit_62.5,lead_4/rep_11,12,0,0,Oracle,4.0,0.0,128,10;11;12;13;14;15;16;17;18;19;20;21;22;23;24;25,10;11;12;13;14;15;16;17;18;19;20;21;22;23;24;25,16,0,0
controlled-1596,controlled,hit_62.5,lead_4/rep_12,13,0,0,No-Selected-Prefetch,4.0,0.0,128,10;11;12;13;14;15;16;17;18;19;20;21;22;23;24;25,,0,0,16
controlled-1597,controlled,hit_62.5,lead_4/rep_12,13,0,0,History-Last1,4.0,0.0,128,10;11;12;13;14;15;16;17;18;19;20;21;22;23;24;25,0;1;2;3;4;5;10;11;12;13;14;15;16;17;18;19,10,6,6
controlled-1598,controlled,hit_62.5,lead_4/rep_12,13,0,0,Oracle,4.0,0.0,128,10;11;12;13;14;15;16;17;18;19;20;21;22;23;24;25,10;11;12;13;14;15;16;17;18;19;20;21;22;23;24;25,16,0,0
controlled-1599,controlled,hit_62.5,lead_4/rep_13,14,0,0,No-Selected-Prefetch,4.0,0.0,128,10;11;12;13;14;15;16;17;18;19;20;21;22;23;24;25,,0,0,16
controlled-1600,controlled,hit_62.5,lead_4/rep_13,14,0,0,History-Last1,4.0,0.0,128,10;11;12;13;14;15;16;17;18;19;20;21;22;23;24;25,0;1;2;3;4;5;10;11;12;13;14;15;16;17;18;19,10,6,6
controlled-1601,controlled,hit_62.5,lead_4/rep_13,14,0,0,Oracle,4.0,0.0,128,10;11;12;13;14;15;16;17;18;19;20;21;22;23;24;25,10;11;12;13;14;15;16;17;18;19;20;21;22;23;24;25,16,0,0
controlled-1602,controlled,hit_62.5,lead_4/rep_14,15,0,0,No-Selected-Prefetch,4.0,0.0,128,10;11;12;13;14;15;16;17;18;19;20;21;22;23;24;25,,0,0,16
controlled-1603,controlled,hit_62.5,lead_4/rep_14,15,0,0,History-Last1,4.0,0.0,128,10;11;12;13;14;15;16;17;18;19;20;21;22;23;24;25,0;1;2;3;4;5;10;11;12;13;14;15;16;17;18;19,10,6,6
controlled-1604,controlled,hit_62.5,lead_4/rep_14,15,0,0,Oracle,4.0,0.0,128,10;11;12;13;14;15;16;17;18;19;20;21;22;23;24;25,10;11;12;13;14;15;16;17;18;19;20;21;22;23;24;25,16,0,0
controlled-1605,controlled,hit_62.5,lead_4/rep_15,16,0,0,No-Selected-Prefetch,4.0,0.0,128,10;11;12;13;14;15;16;17;18;19;20;21;22;23;24;25,,0,0,16
controlled-1606,controlled,hit_62.5,lead_4/rep_15,16,0,0,History-Last1,4.0,0.0,128,10;11;12;13;14;15;16;17;18;19;20;21;22;23;24;25,0;1;2;3;4;5;10;11;12;13;14;15;16;17;18;19,10,6,6
controlled-1607,controlled,hit_62.5,lead_4/rep_15,16,0,0,Oracle,4.0,0.0,128,10;11;12;13;14;15;16;17;18;19;20;21;22;23;24;25,10;11;12;13;14;15;16;17;18;19;20;21;22;23;24;25,16,0,0
controlled-1608,controlled,hit_62.5,lead_4/rep_16,17,0,0,No-Selected-Prefetch,4.0,0.0,128,10;11;12;13;14;15;16;17;18;19;20;21;22;23;24;25,,0,0,16
controlled-1609,controlled,hit_62.5,lead_4/rep_16,17,0,0,History-Last1,4.0,0.0,128,10;11;12;13;14;15;16;17;18;19;20;21;22;23;24;25,0;1;2;3;4;5;10;11;12;13;14;15;16;17;18;19,10,6,6
controlled-1610,controlled,hit_62.5,lead_4/rep_16,17,0,0,Oracle,4.0,0.0,128,10;11;12;13;14;15;16;17;18;19;20;21;22;23;24;25,10;11;12;13;14;15;16;17;18;19;20;21;22;23;24;25,16,0,0
controlled-1611,controlled,hit_62.5,lead_4/rep_17,18,0,0,No-Selected-Prefetch,4.0,0.0,128,10;11;12;13;14;15;16;17;18;19;20;21;22;23;24;25,,0,0,16
controlled-1612,controlled,hit_62.5,lead_4/rep_17,18,0,0,History-Last1,4.0,0.0,128,10;11;12;13;14;15;16;17;18;19;20;21;22;23;24;25,0;1;2;3;4;5;10;11;12;13;14;15;16;17;18;19,10,6,6
controlled-1613,controlled,hit_62.5,lead_4/rep_17,18,0,0,Oracle,4.0,0.0,128,10;11;12;13;14;15;16;17;18;19;20;21;22;23;24;25,10;11;12;13;14;15;16;17;18;19;20;21;22;23;24;25,16,0,0
controlled-1614,controlled,hit_62.5,lead_4/rep_18,19,0,0,No-Selected-Prefetch,4.0,0.0,128,10;11;12;13;14;15;16;17;18;19;20;21;22;23;24;25,,0,0,16
controlled-1615,controlled,hit_62.5,lead_4/rep_18,19,0,0,History-Last1,4.0,0.0,128,10;11;12;13;14;15;16;17;18;19;20;21;22;23;24;25,0;1;2;3;4;5;10;11;12;13;14;15;16;17;18;19,10,6,6
controlled-1616,controlled,hit_62.5,lead_4/rep_18,19,0,0,Oracle,4.0,0.0,128,10;11;12;13;14;15;16;17;18;19;20;21;22;23;24;25,10;11;12;13;14;15;16;17;18;19;20;21;22;23;24;25,16,0,0
controlled-1617,controlled,hit_62.5,lead_4/rep_19,20,0,0,No-Selected-Prefetch,4.0,0.0,128,10;11;12;13;14;15;16;17;18;19;20;21;22;23;24;25,,0,0,16
controlled-1618,controlled,hit_62.5,lead_4/rep_19,20,0,0,History-Last1,4.0,0.0,128,10;11;12;13;14;15;16;17;18;19;20;21;22;23;24;25,0;1;2;3;4;5;10;11;12;13;14;15;16;17;18;19,10,6,6
controlled-1619,controlled,hit_62.5,lead_4/rep_19,20,0,0,Oracle,4.0,0.0,128,10;11;12;13;14;15;16;17;18;19;20;21;22;23;24;25,10;11;12;13;14;15;16;17;18;19;20;21;22;23;24;25,16,0,0
controlled-1620,controlled,hit_62.5,lead_8/rep_0,1,0,0,No-Selected-Prefetch,8.0,0.0,128,10;11;12;13;14;15;16;17;18;19;20;21;22;23;24;25,,0,0,16
controlled-1621,controlled,hit_62.5,lead_8/rep_0,1,0,0,History-Last1,8.0,0.0,128,10;11;12;13;14;15;16;17;18;19;20;21;22;23;24;25,0;1;2;3;4;5;10;11;12;13;14;15;16;17;18;19,10,6,6
controlled-1622,controlled,hit_62.5,lead_8/rep_0,1,0,0,Oracle,8.0,0.0,128,10;11;12;13;14;15;16;17;18;19;20;21;22;23;24;25,10;11;12;13;14;15;16;17;18;19;20;21;22;23;24;25,16,0,0
controlled-1623,controlled,hit_62.5,lead_8/rep_1,2,0,0,No-Selected-Prefetch,8.0,0.0,128,10;11;12;13;14;15;16;17;18;19;20;21;22;23;24;25,,0,0,16
controlled-1624,controlled,hit_62.5,lead_8/rep_1,2,0,0,History-Last1,8.0,0.0,128,10;11;12;13;14;15;16;17;18;19;20;21;22;23;24;25,0;1;2;3;4;5;10;11;12;13;14;15;16;17;18;19,10,6,6
controlled-1625,controlled,hit_62.5,lead_8/rep_1,2,0,0,Oracle,8.0,0.0,128,10;11;12;13;14;15;16;17;18;19;20;21;22;23;24;25,10;11;12;13;14;15;16;17;18;19;20;21;22;23;24;25,16,0,0
controlled-1626,controlled,hit_62.5,lead_8/rep_2,3,0,0,No-Selected-Prefetch,8.0,0.0,128,10;11;12;13;14;15;16;17;18;19;20;21;22;23;24;25,,0,0,16
controlled-1627,controlled,hit_62.5,lead_8/rep_2,3,0,0,History-Last1,8.0,0.0,128,10;11;12;13;14;15;16;17;18;19;20;21;22;23;24;25,0;1;2;3;4;5;10;11;12;13;14;15;16;17;18;19,10,6,6
controlled-1628,controlled,hit_62.5,lead_8/rep_2,3,0,0,Oracle,8.0,0.0,128,10;11;12;13;14;15;16;17;18;19;20;21;22;23;24;25,10;11;12;13;14;15;16;17;18;19;20;21;22;23;24;25,16,0,0
controlled-1629,controlled,hit_62.5,lead_8/rep_3,4,0,0,No-Selected-Prefetch,8.0,0.0,128,10;11;12;13;14;15;16;17;18;19;20;21;22;23;24;25,,0,0,16
controlled-1630,controlled,hit_62.5,lead_8/rep_3,4,0,0,History-Last1,8.0,0.0,128,10;11;12;13;14;15;16;17;18;19;20;21;22;23;24;25,0;1;2;3;4;5;10;11;12;13;14;15;16;17;18;19,10,6,6
controlled-1631,controlled,hit_62.5,lead_8/rep_3,4,0,0,Oracle,8.0,0.0,128,10;11;12;13;14;15;16;17;18;19;20;21;22;23;24;25,10;11;12;13;14;15;16;17;18;19;20;21;22;23;24;25,16,0,0
controlled-1632,controlled,hit_62.5,lead_8/rep_4,5,0,0,No-Selected-Prefetch,8.0,0.0,128,10;11;12;13;14;15;16;17;18;19;20;21;22;23;24;25,,0,0,16
controlled-1633,controlled,hit_62.5,lead_8/rep_4,5,0,0,History-Last1,8.0,0.0,128,10;11;12;13;14;15;16;17;18;19;20;21;22;23;24;25,0;1;2;3;4;5;10;11;12;13;14;15;16;17;18;19,10,6,6
controlled-1634,controlled,hit_62.5,lead_8/rep_4,5,0,0,Oracle,8.0,0.0,128,10;11;12;13;14;15;16;17;18;19;20;21;22;23;24;25,10;11;12;13;14;15;16;17;18;19;20;21;22;23;24;25,16,0,0
controlled-1635,controlled,hit_62.5,lead_8/rep_5,6,0,0,No-Selected-Prefetch,8.0,0.0,128,10;11;12;13;14;15;16;17;18;19;20;21;22;23;24;25,,0,0,16
controlled-1636,controlled,hit_62.5,lead_8/rep_5,6,0,0,History-Last1,8.0,0.0,128,10;11;12;13;14;15;16;17;18;19;20;21;22;23;24;25,0;1;2;3;4;5;10;11;12;13;14;15;16;17;18;19,10,6,6
controlled-1637,controlled,hit_62.5,lead_8/rep_5,6,0,0,Oracle,8.0,0.0,128,10;11;12;13;14;15;16;17;18;19;20;21;22;23;24;25,10;11;12;13;14;15;16;17;18;19;20;21;22;23;24;25,16,0,0
controlled-1638,controlled,hit_62.5,lead_8/rep_6,7,0,0,No-Selected-Prefetch,8.0,0.0,128,10;11;12;13;14;15;16;17;18;19;20;21;22;23;24;25,,0,0,16
controlled-1639,controlled,hit_62.5,lead_8/rep_6,7,0,0,History-Last1,8.0,0.0,128,10;11;12;13;14;15;16;17;18;19;20;21;22;23;24;25,0;1;2;3;4;5;10;11;12;13;14;15;16;17;18;19,10,6,6
controlled-1640,controlled,hit_62.5,lead_8/rep_6,7,0,0,Oracle,8.0,0.0,128,10;11;12;13;14;15;16;17;18;19;20;21;22;23;24;25,10;11;12;13;14;15;16;17;18;19;20;21;22;23;24;25,16,0,0
controlled-1641,controlled,hit_62.5,lead_8/rep_7,8,0,0,No-Selected-Prefetch,8.0,0.0,128,10;11;12;13;14;15;16;17;18;19;20;21;22;23;24;25,,0,0,16
controlled-1642,controlled,hit_62.5,lead_8/rep_7,8,0,0,History-Last1,8.0,0.0,128,10;11;12;13;14;15;16;17;18;19;20;21;22;23;24;25,0;1;2;3;4;5;10;11;12;13;14;15;16;17;18;19,10,6,6
controlled-1643,controlled,hit_62.5,lead_8/rep_7,8,0,0,Oracle,8.0,0.0,128,10;11;12;13;14;15;16;17;18;19;20;21;22;23;24;25,10;11;12;13;14;15;16;17;18;19;20;21;22;23;24;25,16,0,0
controlled-1644,controlled,hit_62.5,lead_8/rep_8,9,0,0,No-Selected-Prefetch,8.0,0.0,128,10;11;12;13;14;15;16;17;18;19;20;21;22;23;24;25,,0,0,16
controlled-1645,controlled,hit_62.5,lead_8/rep_8,9,0,0,History-Last1,8.0,0.0,128,10;11;12;13;14;15;16;17;18;19;20;21;22;23;24;25,0;1;2;3;4;5;10;11;12;13;14;15;16;17;18;19,10,6,6
controlled-1646,controlled,hit_62.5,lead_8/rep_8,9,0,0,Oracle,8.0,0.0,128,10;11;12;13;14;15;16;17;18;19;20;21;22;23;24;25,10;11;12;13;14;15;16;17;18;19;20;21;22;23;24;25,16,0,0
controlled-1647,controlled,hit_62.5,lead_8/rep_9,10,0,0,No-Selected-Prefetch,8.0,0.0,128,10;11;12;13;14;15;16;17;18;19;20;21;22;23;24;25,,0,0,16
controlled-1648,controlled,hit_62.5,lead_8/rep_9,10,0,0,History-Last1,8.0,0.0,128,10;11;12;13;14;15;16;17;18;19;20;21;22;23;24;25,0;1;2;3;4;5;10;11;12;13;14;15;16;17;18;19,10,6,6
controlled-1649,controlled,hit_62.5,lead_8/rep_9,10,0,0,Oracle,8.0,0.0,128,10;11;12;13;14;15;16;17;18;19;20;21;22;23;24;25,10;11;12;13;14;15;16;17;18;19;20;21;22;23;24;25,16,0,0
controlled-1650,controlled,hit_62.5,lead_8/rep_10,11,0,0,No-Selected-Prefetch,8.0,0.0,128,10;11;12;13;14;15;16;17;18;19;20;21;22;23;24;25,,0,0,16
controlled-1651,controlled,hit_62.5,lead_8/rep_10,11,0,0,History-Last1,8.0,0.0,128,10;11;12;13;14;15;16;17;18;19;20;21;22;23;24;25,0;1;2;3;4;5;10;11;12;13;14;15;16;17;18;19,10,6,6
controlled-1652,controlled,hit_62.5,lead_8/rep_10,11,0,0,Oracle,8.0,0.0,128,10;11;12;13;14;15;16;17;18;19;20;21;22;23;24;25,10;11;12;13;14;15;16;17;18;19;20;21;22;23;24;25,16,0,0
controlled-1653,controlled,hit_62.5,lead_8/rep_11,12,0,0,No-Selected-Prefetch,8.0,0.0,128,10;11;12;13;14;15;16;17;18;19;20;21;22;23;24;25,,0,0,16
controlled-1654,controlled,hit_62.5,lead_8/rep_11,12,0,0,History-Last1,8.0,0.0,128,10;11;12;13;14;15;16;17;18;19;20;21;22;23;24;25,0;1;2;3;4;5;10;11;12;13;14;15;16;17;18;19,10,6,6
controlled-1655,controlled,hit_62.5,lead_8/rep_11,12,0,0,Oracle,8.0,0.0,128,10;11;12;13;14;15;16;17;18;19;20;21;22;23;24;25,10;11;12;13;14;15;16;17;18;19;20;21;22;23;24;25,16,0,0
controlled-1656,controlled,hit_62.5,lead_8/rep_12,13,0,0,No-Selected-Prefetch,8.0,0.0,128,10;11;12;13;14;15;16;17;18;19;20;21;22;23;24;25,,0,0,16
controlled-1657,controlled,hit_62.5,lead_8/rep_12,13,0,0,History-Last1,8.0,0.0,128,10;11;12;13;14;15;16;17;18;19;20;21;22;23;24;25,0;1;2;3;4;5;10;11;12;13;14;15;16;17;18;19,10,6,6
controlled-1658,controlled,hit_62.5,lead_8/rep_12,13,0,0,Oracle,8.0,0.0,128,10;11;12;13;14;15;16;17;18;19;20;21;22;23;24;25,10;11;12;13;14;15;16;17;18;19;20;21;22;23;24;25,16,0,0
controlled-1659,controlled,hit_62.5,lead_8/rep_13,14,0,0,No-Selected-Prefetch,8.0,0.0,128,10;11;12;13;14;15;16;17;18;19;20;21;22;23;24;25,,0,0,16
controlled-1660,controlled,hit_62.5,lead_8/rep_13,14,0,0,History-Last1,8.0,0.0,128,10;11;12;13;14;15;16;17;18;19;20;21;22;23;24;25,0;1;2;3;4;5;10;11;12;13;14;15;16;17;18;19,10,6,6
controlled-1661,controlled,hit_62.5,lead_8/rep_13,14,0,0,Oracle,8.0,0.0,128,10;11;12;13;14;15;16;17;18;19;20;21;22;23;24;25,10;11;12;13;14;15;16;17;18;19;20;21;22;23;24;25,16,0,0
controlled-1662,controlled,hit_62.5,lead_8/rep_14,15,0,0,No-Selected-Prefetch,8.0,0.0,128,10;11;12;13;14;15;16;17;18;19;20;21;22;23;24;25,,0,0,16
controlled-1663,controlled,hit_62.5,lead_8/rep_14,15,0,0,History-Last1,8.0,0.0,128,10;11;12;13;14;15;16;17;18;19;20;21;22;23;24;25,0;1;2;3;4;5;10;11;12;13;14;15;16;17;18;19,10,6,6
controlled-1664,controlled,hit_62.5,lead_8/rep_14,15,0,0,Oracle,8.0,0.0,128,10;11;12;13;14;15;16;17;18;19;20;21;22;23;24;25,10;11;12;13;14;15;16;17;18;19;20;21;22;23;24;25,16,0,0
controlled-1665,controlled,hit_62.5,lead_8/rep_15,16,0,0,No-Selected-Prefetch,8.0,0.0,128,10;11;12;13;14;15;16;17;18;19;20;21;22;23;24;25,,0,0,16
controlled-1666,controlled,hit_62.5,lead_8/rep_15,16,0,0,History-Last1,8.0,0.0,128,10;11;12;13;14;15;16;17;18;19;20;21;22;23;24;25,0;1;2;3;4;5;10;11;12;13;14;15;16;17;18;19,10,6,6
controlled-1667,controlled,hit_62.5,lead_8/rep_15,16,0,0,Oracle,8.0,0.0,128,10;11;12;13;14;15;16;17;18;19;20;21;22;23;24;25,10;11;12;13;14;15;16;17;18;19;20;21;22;23;24;25,16,0,0
controlled-1668,controlled,hit_62.5,lead_8/rep_16,17,0,0,No-Selected-Prefetch,8.0,0.0,128,10;11;12;13;14;15;16;17;18;19;20;21;22;23;24;25,,0,0,16
controlled-1669,controlled,hit_62.5,lead_8/rep_16,17,0,0,History-Last1,8.0,0.0,128,10;11;12;13;14;15;16;17;18;19;20;21;22;23;24;25,0;1;2;3;4;5;10;11;12;13;14;15;16;17;18;19,10,6,6
controlled-1670,controlled,hit_62.5,lead_8/rep_16,17,0,0,Oracle,8.0,0.0,128,10;11;12;13;14;15;16;17;18;19;20;21;22;23;24;25,10;11;12;13;14;15;16;17;18;19;20;21;22;23;24;25,16,0,0
controlled-1671,controlled,hit_62.5,lead_8/rep_17,18,0,0,No-Selected-Prefetch,8.0,0.0,128,10;11;12;13;14;15;16;17;18;19;20;21;22;23;24;25,,0,0,16
controlled-1672,controlled,hit_62.5,lead_8/rep_17,18,0,0,History-Last1,8.0,0.0,128,10;11;12;13;14;15;16;17;18;19;20;21;22;23;24;25,0;1;2;3;4;5;10;11;12;13;14;15;16;17;18;19,10,6,6
controlled-1673,controlled,hit_62.5,lead_8/rep_17,18,0,0,Oracle,8.0,0.0,128,10;11;12;13;14;15;16;17;18;19;20;21;22;23;24;25,10;11;12;13;14;15;16;17;18;19;20;21;22;23;24;25,16,0,0
controlled-1674,controlled,hit_62.5,lead_8/rep_18,19,0,0,No-Selected-Prefetch,8.0,0.0,128,10;11;12;13;14;15;16;17;18;19;20;21;22;23;24;25,,0,0,16
controlled-1675,controlled,hit_62.5,lead_8/rep_18,19,0,0,History-Last1,8.0,0.0,128,10;11;12;13;14;15;16;17;18;19;20;21;22;23;24;25,0;1;2;3;4;5;10;11;12;13;14;15;16;17;18;19,10,6,6
controlled-1676,controlled,hit_62.5,lead_8/rep_18,19,0,0,Oracle,8.0,0.0,128,10;11;12;13;14;15;16;17;18;19;20;21;22;23;24;25,10;11;12;13;14;15;16;17;18;19;20;21;22;23;24;25,16,0,0
controlled-1677,controlled,hit_62.5,lead_8/rep_19,20,0,0,No-Selected-Prefetch,8.0,0.0,128,10;11;12;13;14;15;16;17;18;19;20;21;22;23;24;25,,0,0,16
controlled-1678,controlled,hit_62.5,lead_8/rep_19,20,0,0,History-Last1,8.0,0.0,128,10;11;12;13;14;15;16;17;18;19;20;21;22;23;24;25,0;1;2;3;4;5;10;11;12;13;14;15;16;17;18;19,10,6,6
controlled-1679,controlled,hit_62.5,lead_8/rep_19,20,0,0,Oracle,8.0,0.0,128,10;11;12;13;14;15;16;17;18;19;20;21;22;23;24;25,10;11;12;13;14;15;16;17;18;19;20;21;22;23;24;25,16,0,0
controlled-1680,controlled,hit_68.75,lead_0/rep_0,1,0,0,No-Selected-Prefetch,0.0,0.0,128,10;11;12;13;14;15;16;17;18;19;20;21;22;23;24;25,,0,0,16
controlled-1681,controlled,hit_68.75,lead_0/rep_0,1,0,0,History-Last1,0.0,0.0,128,10;11;12;13;14;15;16;17;18;19;20;21;22;23;24;25,0;1;2;3;4;10;11;12;13;14;15;16;17;18;19;20,11,5,5
controlled-1682,controlled,hit_68.75,lead_0/rep_0,1,0,0,Oracle,0.0,0.0,128,10;11;12;13;14;15;16;17;18;19;20;21;22;23;24;25,10;11;12;13;14;15;16;17;18;19;20;21;22;23;24;25,16,0,0
controlled-1683,controlled,hit_68.75,lead_0/rep_1,2,0,0,No-Selected-Prefetch,0.0,0.0,128,10;11;12;13;14;15;16;17;18;19;20;21;22;23;24;25,,0,0,16
controlled-1684,controlled,hit_68.75,lead_0/rep_1,2,0,0,History-Last1,0.0,0.0,128,10;11;12;13;14;15;16;17;18;19;20;21;22;23;24;25,0;1;2;3;4;10;11;12;13;14;15;16;17;18;19;20,11,5,5
controlled-1685,controlled,hit_68.75,lead_0/rep_1,2,0,0,Oracle,0.0,0.0,128,10;11;12;13;14;15;16;17;18;19;20;21;22;23;24;25,10;11;12;13;14;15;16;17;18;19;20;21;22;23;24;25,16,0,0
controlled-1686,controlled,hit_68.75,lead_0/rep_2,3,0,0,No-Selected-Prefetch,0.0,0.0,128,10;11;12;13;14;15;16;17;18;19;20;21;22;23;24;25,,0,0,16
controlled-1687,controlled,hit_68.75,lead_0/rep_2,3,0,0,History-Last1,0.0,0.0,128,10;11;12;13;14;15;16;17;18;19;20;21;22;23;24;25,0;1;2;3;4;10;11;12;13;14;15;16;17;18;19;20,11,5,5
controlled-1688,controlled,hit_68.75,lead_0/rep_2,3,0,0,Oracle,0.0,0.0,128,10;11;12;13;14;15;16;17;18;19;20;21;22;23;24;25,10;11;12;13;14;15;16;17;18;19;20;21;22;23;24;25,16,0,0
controlled-1689,controlled,hit_68.75,lead_0/rep_3,4,0,0,No-Selected-Prefetch,0.0,0.0,128,10;11;12;13;14;15;16;17;18;19;20;21;22;23;24;25,,0,0,16
controlled-1690,controlled,hit_68.75,lead_0/rep_3,4,0,0,History-Last1,0.0,0.0,128,10;11;12;13;14;15;16;17;18;19;20;21;22;23;24;25,0;1;2;3;4;10;11;12;13;14;15;16;17;18;19;20,11,5,5
controlled-1691,controlled,hit_68.75,lead_0/rep_3,4,0,0,Oracle,0.0,0.0,128,10;11;12;13;14;15;16;17;18;19;20;21;22;23;24;25,10;11;12;13;14;15;16;17;18;19;20;21;22;23;24;25,16,0,0
controlled-1692,controlled,hit_68.75,lead_0/rep_4,5,0,0,No-Selected-Prefetch,0.0,0.0,128,10;11;12;13;14;15;16;17;18;19;20;21;22;23;24;25,,0,0,16
controlled-1693,controlled,hit_68.75,lead_0/rep_4,5,0,0,History-Last1,0.0,0.0,128,10;11;12;13;14;15;16;17;18;19;20;21;22;23;24;25,0;1;2;3;4;10;11;12;13;14;15;16;17;18;19;20,11,5,5
controlled-1694,controlled,hit_68.75,lead_0/rep_4,5,0,0,Oracle,0.0,0.0,128,10;11;12;13;14;15;16;17;18;19;20;21;22;23;24;25,10;11;12;13;14;15;16;17;18;19;20;21;22;23;24;25,16,0,0
controlled-1695,controlled,hit_68.75,lead_0/rep_5,6,0,0,No-Selected-Prefetch,0.0,0.0,128,10;11;12;13;14;15;16;17;18;19;20;21;22;23;24;25,,0,0,16
controlled-1696,controlled,hit_68.75,lead_0/rep_5,6,0,0,History-Last1,0.0,0.0,128,10;11;12;13;14;15;16;17;18;19;20;21;22;23;24;25,0;1;2;3;4;10;11;12;13;14;15;16;17;18;19;20,11,5,5
controlled-1697,controlled,hit_68.75,lead_0/rep_5,6,0,0,Oracle,0.0,0.0,128,10;11;12;13;14;15;16;17;18;19;20;21;22;23;24;25,10;11;12;13;14;15;16;17;18;19;20;21;22;23;24;25,16,0,0
controlled-1698,controlled,hit_68.75,lead_0/rep_6,7,0,0,No-Selected-Prefetch,0.0,0.0,128,10;11;12;13;14;15;16;17;18;19;20;21;22;23;24;25,,0,0,16
controlled-1699,controlled,hit_68.75,lead_0/rep_6,7,0,0,History-Last1,0.0,0.0,128,10;11;12;13;14;15;16;17;18;19;20;21;22;23;24;25,0;1;2;3;4;10;11;12;13;14;15;16;17;18;19;20,11,5,5
controlled-1700,controlled,hit_68.75,lead_0/rep_6,7,0,0,Oracle,0.0,0.0,128,10;11;12;13;14;15;16;17;18;19;20;21;22;23;24;25,10;11;12;13;14;15;16;17;18;19;20;21;22;23;24;25,16,0,0
controlled-1701,controlled,hit_68.75,lead_0/rep_7,8,0,0,No-Selected-Prefetch,0.0,0.0,128,10;11;12;13;14;15;16;17;18;19;20;21;22;23;24;25,,0,0,16
controlled-1702,controlled,hit_68.75,lead_0/rep_7,8,0,0,History-Last1,0.0,0.0,128,10;11;12;13;14;15;16;17;18;19;20;21;22;23;24;25,0;1;2;3;4;10;11;12;13;14;15;16;17;18;19;20,11,5,5
controlled-1703,controlled,hit_68.75,lead_0/rep_7,8,0,0,Oracle,0.0,0.0,128,10;11;12;13;14;15;16;17;18;19;20;21;22;23;24;25,10;11;12;13;14;15;16;17;18;19;20;21;22;23;24;25,16,0,0
controlled-1704,controlled,hit_68.75,lead_0/rep_8,9,0,0,No-Selected-Prefetch,0.0,0.0,128,10;11;12;13;14;15;16;17;18;19;20;21;22;23;24;25,,0,0,16
controlled-1705,controlled,hit_68.75,lead_0/rep_8,9,0,0,History-Last1,0.0,0.0,128,10;11;12;13;14;15;16;17;18;19;20;21;22;23;24;25,0;1;2;3;4;10;11;12;13;14;15;16;17;18;19;20,11,5,5
controlled-1706,controlled,hit_68.75,lead_0/rep_8,9,0,0,Oracle,0.0,0.0,128,10;11;12;13;14;15;16;17;18;19;20;21;22;23;24;25,10;11;12;13;14;15;16;17;18;19;20;21;22;23;24;25,16,0,0
controlled-1707,controlled,hit_68.75,lead_0/rep_9,10,0,0,No-Selected-Prefetch,0.0,0.0,128,10;11;12;13;14;15;16;17;18;19;20;21;22;23;24;25,,0,0,16
controlled-1708,controlled,hit_68.75,lead_0/rep_9,10,0,0,History-Last1,0.0,0.0,128,10;11;12;13;14;15;16;17;18;19;20;21;22;23;24;25,0;1;2;3;4;10;11;12;13;14;15;16;17;18;19;20,11,5,5
controlled-1709,controlled,hit_68.75,lead_0/rep_9,10,0,0,Oracle,0.0,0.0,128,10;11;12;13;14;15;16;17;18;19;20;21;22;23;24;25,10;11;12;13;14;15;16;17;18;19;20;21;22;23;24;25,16,0,0
controlled-1710,controlled,hit_68.75,lead_0/rep_10,11,0,0,No-Selected-Prefetch,0.0,0.0,128,10;11;12;13;14;15;16;17;18;19;20;21;22;23;24;25,,0,0,16
controlled-1711,controlled,hit_68.75,lead_0/rep_10,11,0,0,History-Last1,0.0,0.0,128,10;11;12;13;14;15;16;17;18;19;20;21;22;23;24;25,0;1;2;3;4;10;11;12;13;14;15;16;17;18;19;20,11,5,5
controlled-1712,controlled,hit_68.75,lead_0/rep_10,11,0,0,Oracle,0.0,0.0,128,10;11;12;13;14;15;16;17;18;19;20;21;22;23;24;25,10;11;12;13;14;15;16;17;18;19;20;21;22;23;24;25,16,0,0
controlled-1713,controlled,hit_68.75,lead_0/rep_11,12,0,0,No-Selected-Prefetch,0.0,0.0,128,10;11;12;13;14;15;16;17;18;19;20;21;22;23;24;25,,0,0,16
controlled-1714,controlled,hit_68.75,lead_0/rep_11,12,0,0,History-Last1,0.0,0.0,128,10;11;12;13;14;15;16;17;18;19;20;21;22;23;24;25,0;1;2;3;4;10;11;12;13;14;15;16;17;18;19;20,11,5,5
controlled-1715,controlled,hit_68.75,lead_0/rep_11,12,0,0,Oracle,0.0,0.0,128,10;11;12;13;14;15;16;17;18;19;20;21;22;23;24;25,10;11;12;13;14;15;16;17;18;19;20;21;22;23;24;25,16,0,0
controlled-1716,controlled,hit_68.75,lead_0/rep_12,13,0,0,No-Selected-Prefetch,0.0,0.0,128,10;11;12;13;14;15;16;17;18;19;20;21;22;23;24;25,,0,0,16
controlled-1717,controlled,hit_68.75,lead_0/rep_12,13,0,0,History-Last1,0.0,0.0,128,10;11;12;13;14;15;16;17;18;19;20;21;22;23;24;25,0;1;2;3;4;10;11;12;13;14;15;16;17;18;19;20,11,5,5
controlled-1718,controlled,hit_68.75,lead_0/rep_12,13,0,0,Oracle,0.0,0.0,128,10;11;12;13;14;15;16;17;18;19;20;21;22;23;24;25,10;11;12;13;14;15;16;17;18;19;20;21;22;23;24;25,16,0,0
controlled-1719,controlled,hit_68.75,lead_0/rep_13,14,0,0,No-Selected-Prefetch,0.0,0.0,128,10;11;12;13;14;15;16;17;18;19;20;21;22;23;24;25,,0,0,16
controlled-1720,controlled,hit_68.75,lead_0/rep_13,14,0,0,History-Last1,0.0,0.0,128,10;11;12;13;14;15;16;17;18;19;20;21;22;23;24;25,0;1;2;3;4;10;11;12;13;14;15;16;17;18;19;20,11,5,5
controlled-1721,controlled,hit_68.75,lead_0/rep_13,14,0,0,Oracle,0.0,0.0,128,10;11;12;13;14;15;16;17;18;19;20;21;22;23;24;25,10;11;12;13;14;15;16;17;18;19;20;21;22;23;24;25,16,0,0
controlled-1722,controlled,hit_68.75,lead_0/rep_14,15,0,0,No-Selected-Prefetch,0.0,0.0,128,10;11;12;13;14;15;16;17;18;19;20;21;22;23;24;25,,0,0,16
controlled-1723,controlled,hit_68.75,lead_0/rep_14,15,0,0,History-Last1,0.0,0.0,128,10;11;12;13;14;15;16;17;18;19;20;21;22;23;24;25,0;1;2;3;4;10;11;12;13;14;15;16;17;18;19;20,11,5,5
controlled-1724,controlled,hit_68.75,lead_0/rep_14,15,0,0,Oracle,0.0,0.0,128,10;11;12;13;14;15;16;17;18;19;20;21;22;23;24;25,10;11;12;13;14;15;16;17;18;19;20;21;22;23;24;25,16,0,0
controlled-1725,controlled,hit_68.75,lead_0/rep_15,16,0,0,No-Selected-Prefetch,0.0,0.0,128,10;11;12;13;14;15;16;17;18;19;20;21;22;23;24;25,,0,0,16
controlled-1726,controlled,hit_68.75,lead_0/rep_15,16,0,0,History-Last1,0.0,0.0,128,10;11;12;13;14;15;16;17;18;19;20;21;22;23;24;25,0;1;2;3;4;10;11;12;13;14;15;16;17;18;19;20,11,5,5
controlled-1727,controlled,hit_68.75,lead_0/rep_15,16,0,0,Oracle,0.0,0.0,128,10;11;12;13;14;15;16;17;18;19;20;21;22;23;24;25,10;11;12;13;14;15;16;17;18;19;20;21;22;23;24;25,16,0,0
controlled-1728,controlled,hit_68.75,lead_0/rep_16,17,0,0,No-Selected-Prefetch,0.0,0.0,128,10;11;12;13;14;15;16;17;18;19;20;21;22;23;24;25,,0,0,16
controlled-1729,controlled,hit_68.75,lead_0/rep_16,17,0,0,History-Last1,0.0,0.0,128,10;11;12;13;14;15;16;17;18;19;20;21;22;23;24;25,0;1;2;3;4;10;11;12;13;14;15;16;17;18;19;20,11,5,5
controlled-1730,controlled,hit_68.75,lead_0/rep_16,17,0,0,Oracle,0.0,0.0,128,10;11;12;13;14;15;16;17;18;19;20;21;22;23;24;25,10;11;12;13;14;15;16;17;18;19;20;21;22;23;24;25,16,0,0
controlled-1731,controlled,hit_68.75,lead_0/rep_17,18,0,0,No-Selected-Prefetch,0.0,0.0,128,10;11;12;13;14;15;16;17;18;19;20;21;22;23;24;25,,0,0,16
controlled-1732,controlled,hit_68.75,lead_0/rep_17,18,0,0,History-Last1,0.0,0.0,128,10;11;12;13;14;15;16;17;18;19;20;21;22;23;24;25,0;1;2;3;4;10;11;12;13;14;15;16;17;18;19;20,11,5,5
controlled-1733,controlled,hit_68.75,lead_0/rep_17,18,0,0,Oracle,0.0,0.0,128,10;11;12;13;14;15;16;17;18;19;20;21;22;23;24;25,10;11;12;13;14;15;16;17;18;19;20;21;22;23;24;25,16,0,0
controlled-1734,controlled,hit_68.75,lead_0/rep_18,19,0,0,No-Selected-Prefetch,0.0,0.0,128,10;11;12;13;14;15;16;17;18;19;20;21;22;23;24;25,,0,0,16
controlled-1735,controlled,hit_68.75,lead_0/rep_18,19,0,0,History-Last1,0.0,0.0,128,10;11;12;13;14;15;16;17;18;19;20;21;22;23;24;25,0;1;2;3;4;10;11;12;13;14;15;16;17;18;19;20,11,5,5
controlled-1736,controlled,hit_68.75,lead_0/rep_18,19,0,0,Oracle,0.0,0.0,128,10;11;12;13;14;15;16;17;18;19;20;21;22;23;24;25,10;11;12;13;14;15;16;17;18;19;20;21;22;23;24;25,16,0,0
controlled-1737,controlled,hit_68.75,lead_0/rep_19,20,0,0,No-Selected-Prefetch,0.0,0.0,128,10;11;12;13;14;15;16;17;18;19;20;21;22;23;24;25,,0,0,16
controlled-1738,controlled,hit_68.75,lead_0/rep_19,20,0,0,History-Last1,0.0,0.0,128,10;11;12;13;14;15;16;17;18;19;20;21;22;23;24;25,0;1;2;3;4;10;11;12;13;14;15;16;17;18;19;20,11,5,5
controlled-1739,controlled,hit_68.75,lead_0/rep_19,20,0,0,Oracle,0.0,0.0,128,10;11;12;13;14;15;16;17;18;19;20;21;22;23;24;25,10;11;12;13;14;15;16;17;18;19;20;21;22;23;24;25,16,0,0
controlled-1740,controlled,hit_68.75,lead_0.25/rep_0,1,0,0,No-Selected-Prefetch,0.25,0.0,128,10;11;12;13;14;15;16;17;18;19;20;21;22;23;24;25,,0,0,16
controlled-1741,controlled,hit_68.75,lead_0.25/rep_0,1,0,0,History-Last1,0.25,0.0,128,10;11;12;13;14;15;16;17;18;19;20;21;22;23;24;25,0;1;2;3;4;10;11;12;13;14;15;16;17;18;19;20,11,5,5
controlled-1742,controlled,hit_68.75,lead_0.25/rep_0,1,0,0,Oracle,0.25,0.0,128,10;11;12;13;14;15;16;17;18;19;20;21;22;23;24;25,10;11;12;13;14;15;16;17;18;19;20;21;22;23;24;25,16,0,0
controlled-1743,controlled,hit_68.75,lead_0.25/rep_1,2,0,0,No-Selected-Prefetch,0.25,0.0,128,10;11;12;13;14;15;16;17;18;19;20;21;22;23;24;25,,0,0,16
controlled-1744,controlled,hit_68.75,lead_0.25/rep_1,2,0,0,History-Last1,0.25,0.0,128,10;11;12;13;14;15;16;17;18;19;20;21;22;23;24;25,0;1;2;3;4;10;11;12;13;14;15;16;17;18;19;20,11,5,5
controlled-1745,controlled,hit_68.75,lead_0.25/rep_1,2,0,0,Oracle,0.25,0.0,128,10;11;12;13;14;15;16;17;18;19;20;21;22;23;24;25,10;11;12;13;14;15;16;17;18;19;20;21;22;23;24;25,16,0,0
controlled-1746,controlled,hit_68.75,lead_0.25/rep_2,3,0,0,No-Selected-Prefetch,0.25,0.0,128,10;11;12;13;14;15;16;17;18;19;20;21;22;23;24;25,,0,0,16
controlled-1747,controlled,hit_68.75,lead_0.25/rep_2,3,0,0,History-Last1,0.25,0.0,128,10;11;12;13;14;15;16;17;18;19;20;21;22;23;24;25,0;1;2;3;4;10;11;12;13;14;15;16;17;18;19;20,11,5,5
controlled-1748,controlled,hit_68.75,lead_0.25/rep_2,3,0,0,Oracle,0.25,0.0,128,10;11;12;13;14;15;16;17;18;19;20;21;22;23;24;25,10;11;12;13;14;15;16;17;18;19;20;21;22;23;24;25,16,0,0
controlled-1749,controlled,hit_68.75,lead_0.25/rep_3,4,0,0,No-Selected-Prefetch,0.25,0.0,128,10;11;12;13;14;15;16;17;18;19;20;21;22;23;24;25,,0,0,16
controlled-1750,controlled,hit_68.75,lead_0.25/rep_3,4,0,0,History-Last1,0.25,0.0,128,10;11;12;13;14;15;16;17;18;19;20;21;22;23;24;25,0;1;2;3;4;10;11;12;13;14;15;16;17;18;19;20,11,5,5
controlled-1751,controlled,hit_68.75,lead_0.25/rep_3,4,0,0,Oracle,0.25,0.0,128,10;11;12;13;14;15;16;17;18;19;20;21;22;23;24;25,10;11;12;13;14;15;16;17;18;19;20;21;22;23;24;25,16,0,0
controlled-1752,controlled,hit_68.75,lead_0.25/rep_4,5,0,0,No-Selected-Prefetch,0.25,0.0,128,10;11;12;13;14;15;16;17;18;19;20;21;22;23;24;25,,0,0,16
controlled-1753,controlled,hit_68.75,lead_0.25/rep_4,5,0,0,History-Last1,0.25,0.0,128,10;11;12;13;14;15;16;17;18;19;20;21;22;23;24;25,0;1;2;3;4;10;11;12;13;14;15;16;17;18;19;20,11,5,5
controlled-1754,controlled,hit_68.75,lead_0.25/rep_4,5,0,0,Oracle,0.25,0.0,128,10;11;12;13;14;15;16;17;18;19;20;21;22;23;24;25,10;11;12;13;14;15;16;17;18;19;20;21;22;23;24;25,16,0,0
controlled-1755,controlled,hit_68.75,lead_0.25/rep_5,6,0,0,No-Selected-Prefetch,0.25,0.0,128,10;11;12;13;14;15;16;17;18;19;20;21;22;23;24;25,,0,0,16
controlled-1756,controlled,hit_68.75,lead_0.25/rep_5,6,0,0,History-Last1,0.25,0.0,128,10;11;12;13;14;15;16;17;18;19;20;21;22;23;24;25,0;1;2;3;4;10;11;12;13;14;15;16;17;18;19;20,11,5,5
controlled-1757,controlled,hit_68.75,lead_0.25/rep_5,6,0,0,Oracle,0.25,0.0,128,10;11;12;13;14;15;16;17;18;19;20;21;22;23;24;25,10;11;12;13;14;15;16;17;18;19;20;21;22;23;24;25,16,0,0
controlled-1758,controlled,hit_68.75,lead_0.25/rep_6,7,0,0,No-Selected-Prefetch,0.25,0.0,128,10;11;12;13;14;15;16;17;18;19;20;21;22;23;24;25,,0,0,16
controlled-1759,controlled,hit_68.75,lead_0.25/rep_6,7,0,0,History-Last1,0.25,0.0,128,10;11;12;13;14;15;16;17;18;19;20;21;22;23;24;25,0;1;2;3;4;10;11;12;13;14;15;16;17;18;19;20,11,5,5
controlled-1760,controlled,hit_68.75,lead_0.25/rep_6,7,0,0,Oracle,0.25,0.0,128,10;11;12;13;14;15;16;17;18;19;20;21;22;23;24;25,10;11;12;13;14;15;16;17;18;19;20;21;22;23;24;25,16,0,0
controlled-1761,controlled,hit_68.75,lead_0.25/rep_7,8,0,0,No-Selected-Prefetch,0.25,0.0,128,10;11;12;13;14;15;16;17;18;19;20;21;22;23;24;25,,0,0,16
controlled-1762,controlled,hit_68.75,lead_0.25/rep_7,8,0,0,History-Last1,0.25,0.0,128,10;11;12;13;14;15;16;17;18;19;20;21;22;23;24;25,0;1;2;3;4;10;11;12;13;14;15;16;17;18;19;20,11,5,5
controlled-1763,controlled,hit_68.75,lead_0.25/rep_7,8,0,0,Oracle,0.25,0.0,128,10;11;12;13;14;15;16;17;18;19;20;21;22;23;24;25,10;11;12;13;14;15;16;17;18;19;20;21;22;23;24;25,16,0,0
controlled-1764,controlled,hit_68.75,lead_0.25/rep_8,9,0,0,No-Selected-Prefetch,0.25,0.0,128,10;11;12;13;14;15;16;17;18;19;20;21;22;23;24;25,,0,0,16
controlled-1765,controlled,hit_68.75,lead_0.25/rep_8,9,0,0,History-Last1,0.25,0.0,128,10;11;12;13;14;15;16;17;18;19;20;21;22;23;24;25,0;1;2;3;4;10;11;12;13;14;15;16;17;18;19;20,11,5,5
controlled-1766,controlled,hit_68.75,lead_0.25/rep_8,9,0,0,Oracle,0.25,0.0,128,10;11;12;13;14;15;16;17;18;19;20;21;22;23;24;25,10;11;12;13;14;15;16;17;18;19;20;21;22;23;24;25,16,0,0
controlled-1767,controlled,hit_68.75,lead_0.25/rep_9,10,0,0,No-Selected-Prefetch,0.25,0.0,128,10;11;12;13;14;15;16;17;18;19;20;21;22;23;24;25,,0,0,16
controlled-1768,controlled,hit_68.75,lead_0.25/rep_9,10,0,0,History-Last1,0.25,0.0,128,10;11;12;13;14;15;16;17;18;19;20;21;22;23;24;25,0;1;2;3;4;10;11;12;13;14;15;16;17;18;19;20,11,5,5
controlled-1769,controlled,hit_68.75,lead_0.25/rep_9,10,0,0,Oracle,0.25,0.0,128,10;11;12;13;14;15;16;17;18;19;20;21;22;23;24;25,10;11;12;13;14;15;16;17;18;19;20;21;22;23;24;25,16,0,0
controlled-1770,controlled,hit_68.75,lead_0.25/rep_10,11,0,0,No-Selected-Prefetch,0.25,0.0,128,10;11;12;13;14;15;16;17;18;19;20;21;22;23;24;25,,0,0,16
controlled-1771,controlled,hit_68.75,lead_0.25/rep_10,11,0,0,History-Last1,0.25,0.0,128,10;11;12;13;14;15;16;17;18;19;20;21;22;23;24;25,0;1;2;3;4;10;11;12;13;14;15;16;17;18;19;20,11,5,5
controlled-1772,controlled,hit_68.75,lead_0.25/rep_10,11,0,0,Oracle,0.25,0.0,128,10;11;12;13;14;15;16;17;18;19;20;21;22;23;24;25,10;11;12;13;14;15;16;17;18;19;20;21;22;23;24;25,16,0,0
controlled-1773,controlled,hit_68.75,lead_0.25/rep_11,12,0,0,No-Selected-Prefetch,0.25,0.0,128,10;11;12;13;14;15;16;17;18;19;20;21;22;23;24;25,,0,0,16
controlled-1774,controlled,hit_68.75,lead_0.25/rep_11,12,0,0,History-Last1,0.25,0.0,128,10;11;12;13;14;15;16;17;18;19;20;21;22;23;24;25,0;1;2;3;4;10;11;12;13;14;15;16;17;18;19;20,11,5,5
controlled-1775,controlled,hit_68.75,lead_0.25/rep_11,12,0,0,Oracle,0.25,0.0,128,10;11;12;13;14;15;16;17;18;19;20;21;22;23;24;25,10;11;12;13;14;15;16;17;18;19;20;21;22;23;24;25,16,0,0
controlled-1776,controlled,hit_68.75,lead_0.25/rep_12,13,0,0,No-Selected-Prefetch,0.25,0.0,128,10;11;12;13;14;15;16;17;18;19;20;21;22;23;24;25,,0,0,16
controlled-1777,controlled,hit_68.75,lead_0.25/rep_12,13,0,0,History-Last1,0.25,0.0,128,10;11;12;13;14;15;16;17;18;19;20;21;22;23;24;25,0;1;2;3;4;10;11;12;13;14;15;16;17;18;19;20,11,5,5
controlled-1778,controlled,hit_68.75,lead_0.25/rep_12,13,0,0,Oracle,0.25,0.0,128,10;11;12;13;14;15;16;17;18;19;20;21;22;23;24;25,10;11;12;13;14;15;16;17;18;19;20;21;22;23;24;25,16,0,0
controlled-1779,controlled,hit_68.75,lead_0.25/rep_13,14,0,0,No-Selected-Prefetch,0.25,0.0,128,10;11;12;13;14;15;16;17;18;19;20;21;22;23;24;25,,0,0,16
controlled-1780,controlled,hit_68.75,lead_0.25/rep_13,14,0,0,History-Last1,0.25,0.0,128,10;11;12;13;14;15;16;17;18;19;20;21;22;23;24;25,0;1;2;3;4;10;11;12;13;14;15;16;17;18;19;20,11,5,5
controlled-1781,controlled,hit_68.75,lead_0.25/rep_13,14,0,0,Oracle,0.25,0.0,128,10;11;12;13;14;15;16;17;18;19;20;21;22;23;24;25,10;11;12;13;14;15;16;17;18;19;20;21;22;23;24;25,16,0,0
controlled-1782,controlled,hit_68.75,lead_0.25/rep_14,15,0,0,No-Selected-Prefetch,0.25,0.0,128,10;11;12;13;14;15;16;17;18;19;20;21;22;23;24;25,,0,0,16
controlled-1783,controlled,hit_68.75,lead_0.25/rep_14,15,0,0,History-Last1,0.25,0.0,128,10;11;12;13;14;15;16;17;18;19;20;21;22;23;24;25,0;1;2;3;4;10;11;12;13;14;15;16;17;18;19;20,11,5,5
controlled-1784,controlled,hit_68.75,lead_0.25/rep_14,15,0,0,Oracle,0.25,0.0,128,10;11;12;13;14;15;16;17;18;19;20;21;22;23;24;25,10;11;12;13;14;15;16;17;18;19;20;21;22;23;24;25,16,0,0
controlled-1785,controlled,hit_68.75,lead_0.25/rep_15,16,0,0,No-Selected-Prefetch,0.25,0.0,128,10;11;12;13;14;15;16;17;18;19;20;21;22;23;24;25,,0,0,16
controlled-1786,controlled,hit_68.75,lead_0.25/rep_15,16,0,0,History-Last1,0.25,0.0,128,10;11;12;13;14;15;16;17;18;19;20;21;22;23;24;25,0;1;2;3;4;10;11;12;13;14;15;16;17;18;19;20,11,5,5
controlled-1787,controlled,hit_68.75,lead_0.25/rep_15,16,0,0,Oracle,0.25,0.0,128,10;11;12;13;14;15;16;17;18;19;20;21;22;23;24;25,10;11;12;13;14;15;16;17;18;19;20;21;22;23;24;25,16,0,0
controlled-1788,controlled,hit_68.75,lead_0.25/rep_16,17,0,0,No-Selected-Prefetch,0.25,0.0,128,10;11;12;13;14;15;16;17;18;19;20;21;22;23;24;25,,0,0,16
controlled-1789,controlled,hit_68.75,lead_0.25/rep_16,17,0,0,History-Last1,0.25,0.0,128,10;11;12;13;14;15;16;17;18;19;20;21;22;23;24;25,0;1;2;3;4;10;11;12;13;14;15;16;17;18;19;20,11,5,5
controlled-1790,controlled,hit_68.75,lead_0.25/rep_16,17,0,0,Oracle,0.25,0.0,128,10;11;12;13;14;15;16;17;18;19;20;21;22;23;24;25,10;11;12;13;14;15;16;17;18;19;20;21;22;23;24;25,16,0,0
controlled-1791,controlled,hit_68.75,lead_0.25/rep_17,18,0,0,No-Selected-Prefetch,0.25,0.0,128,10;11;12;13;14;15;16;17;18;19;20;21;22;23;24;25,,0,0,16
controlled-1792,controlled,hit_68.75,lead_0.25/rep_17,18,0,0,History-Last1,0.25,0.0,128,10;11;12;13;14;15;16;17;18;19;20;21;22;23;24;25,0;1;2;3;4;10;11;12;13;14;15;16;17;18;19;20,11,5,5
controlled-1793,controlled,hit_68.75,lead_0.25/rep_17,18,0,0,Oracle,0.25,0.0,128,10;11;12;13;14;15;16;17;18;19;20;21;22;23;24;25,10;11;12;13;14;15;16;17;18;19;20;21;22;23;24;25,16,0,0
controlled-1794,controlled,hit_68.75,lead_0.25/rep_18,19,0,0,No-Selected-Prefetch,0.25,0.0,128,10;11;12;13;14;15;16;17;18;19;20;21;22;23;24;25,,0,0,16
controlled-1795,controlled,hit_68.75,lead_0.25/rep_18,19,0,0,History-Last1,0.25,0.0,128,10;11;12;13;14;15;16;17;18;19;20;21;22;23;24;25,0;1;2;3;4;10;11;12;13;14;15;16;17;18;19;20,11,5,5
controlled-1796,controlled,hit_68.75,lead_0.25/rep_18,19,0,0,Oracle,0.25,0.0,128,10;11;12;13;14;15;16;17;18;19;20;21;22;23;24;25,10;11;12;13;14;15;16;17;18;19;20;21;22;23;24;25,16,0,0
controlled-1797,controlled,hit_68.75,lead_0.25/rep_19,20,0,0,No-Selected-Prefetch,0.25,0.0,128,10;11;12;13;14;15;16;17;18;19;20;21;22;23;24;25,,0,0,16
controlled-1798,controlled,hit_68.75,lead_0.25/rep_19,20,0,0,History-Last1,0.25,0.0,128,10;11;12;13;14;15;16;17;18;19;20;21;22;23;24;25,0;1;2;3;4;10;11;12;13;14;15;16;17;18;19;20,11,5,5
controlled-1799,controlled,hit_68.75,lead_0.25/rep_19,20,0,0,Oracle,0.25,0.0,128,10;11;12;13;14;15;16;17;18;19;20;21;22;23;24;25,10;11;12;13;14;15;16;17;18;19;20;21;22;23;24;25,16,0,0
controlled-1800,controlled,hit_68.75,lead_0.5/rep_0,1,0,0,No-Selected-Prefetch,0.5,0.0,128,10;11;12;13;14;15;16;17;18;19;20;21;22;23;24;25,,0,0,16
controlled-1801,controlled,hit_68.75,lead_0.5/rep_0,1,0,0,History-Last1,0.5,0.0,128,10;11;12;13;14;15;16;17;18;19;20;21;22;23;24;25,0;1;2;3;4;10;11;12;13;14;15;16;17;18;19;20,11,5,5
controlled-1802,controlled,hit_68.75,lead_0.5/rep_0,1,0,0,Oracle,0.5,0.0,128,10;11;12;13;14;15;16;17;18;19;20;21;22;23;24;25,10;11;12;13;14;15;16;17;18;19;20;21;22;23;24;25,16,0,0
controlled-1803,controlled,hit_68.75,lead_0.5/rep_1,2,0,0,No-Selected-Prefetch,0.5,0.0,128,10;11;12;13;14;15;16;17;18;19;20;21;22;23;24;25,,0,0,16
controlled-1804,controlled,hit_68.75,lead_0.5/rep_1,2,0,0,History-Last1,0.5,0.0,128,10;11;12;13;14;15;16;17;18;19;20;21;22;23;24;25,0;1;2;3;4;10;11;12;13;14;15;16;17;18;19;20,11,5,5
controlled-1805,controlled,hit_68.75,lead_0.5/rep_1,2,0,0,Oracle,0.5,0.0,128,10;11;12;13;14;15;16;17;18;19;20;21;22;23;24;25,10;11;12;13;14;15;16;17;18;19;20;21;22;23;24;25,16,0,0
controlled-1806,controlled,hit_68.75,lead_0.5/rep_2,3,0,0,No-Selected-Prefetch,0.5,0.0,128,10;11;12;13;14;15;16;17;18;19;20;21;22;23;24;25,,0,0,16
controlled-1807,controlled,hit_68.75,lead_0.5/rep_2,3,0,0,History-Last1,0.5,0.0,128,10;11;12;13;14;15;16;17;18;19;20;21;22;23;24;25,0;1;2;3;4;10;11;12;13;14;15;16;17;18;19;20,11,5,5
controlled-1808,controlled,hit_68.75,lead_0.5/rep_2,3,0,0,Oracle,0.5,0.0,128,10;11;12;13;14;15;16;17;18;19;20;21;22;23;24;25,10;11;12;13;14;15;16;17;18;19;20;21;22;23;24;25,16,0,0
controlled-1809,controlled,hit_68.75,lead_0.5/rep_3,4,0,0,No-Selected-Prefetch,0.5,0.0,128,10;11;12;13;14;15;16;17;18;19;20;21;22;23;24;25,,0,0,16
controlled-1810,controlled,hit_68.75,lead_0.5/rep_3,4,0,0,History-Last1,0.5,0.0,128,10;11;12;13;14;15;16;17;18;19;20;21;22;23;24;25,0;1;2;3;4;10;11;12;13;14;15;16;17;18;19;20,11,5,5
controlled-1811,controlled,hit_68.75,lead_0.5/rep_3,4,0,0,Oracle,0.5,0.0,128,10;11;12;13;14;15;16;17;18;19;20;21;22;23;24;25,10;11;12;13;14;15;16;17;18;19;20;21;22;23;24;25,16,0,0
controlled-1812,controlled,hit_68.75,lead_0.5/rep_4,5,0,0,No-Selected-Prefetch,0.5,0.0,128,10;11;12;13;14;15;16;17;18;19;20;21;22;23;24;25,,0,0,16
controlled-1813,controlled,hit_68.75,lead_0.5/rep_4,5,0,0,History-Last1,0.5,0.0,128,10;11;12;13;14;15;16;17;18;19;20;21;22;23;24;25,0;1;2;3;4;10;11;12;13;14;15;16;17;18;19;20,11,5,5
controlled-1814,controlled,hit_68.75,lead_0.5/rep_4,5,0,0,Oracle,0.5,0.0,128,10;11;12;13;14;15;16;17;18;19;20;21;22;23;24;25,10;11;12;13;14;15;16;17;18;19;20;21;22;23;24;25,16,0,0
controlled-1815,controlled,hit_68.75,lead_0.5/rep_5,6,0,0,No-Selected-Prefetch,0.5,0.0,128,10;11;12;13;14;15;16;17;18;19;20;21;22;23;24;25,,0,0,16
controlled-1816,controlled,hit_68.75,lead_0.5/rep_5,6,0,0,History-Last1,0.5,0.0,128,10;11;12;13;14;15;16;17;18;19;20;21;22;23;24;25,0;1;2;3;4;10;11;12;13;14;15;16;17;18;19;20,11,5,5
controlled-1817,controlled,hit_68.75,lead_0.5/rep_5,6,0,0,Oracle,0.5,0.0,128,10;11;12;13;14;15;16;17;18;19;20;21;22;23;24;25,10;11;12;13;14;15;16;17;18;19;20;21;22;23;24;25,16,0,0
controlled-1818,controlled,hit_68.75,lead_0.5/rep_6,7,0,0,No-Selected-Prefetch,0.5,0.0,128,10;11;12;13;14;15;16;17;18;19;20;21;22;23;24;25,,0,0,16
controlled-1819,controlled,hit_68.75,lead_0.5/rep_6,7,0,0,History-Last1,0.5,0.0,128,10;11;12;13;14;15;16;17;18;19;20;21;22;23;24;25,0;1;2;3;4;10;11;12;13;14;15;16;17;18;19;20,11,5,5
controlled-1820,controlled,hit_68.75,lead_0.5/rep_6,7,0,0,Oracle,0.5,0.0,128,10;11;12;13;14;15;16;17;18;19;20;21;22;23;24;25,10;11;12;13;14;15;16;17;18;19;20;21;22;23;24;25,16,0,0
controlled-1821,controlled,hit_68.75,lead_0.5/rep_7,8,0,0,No-Selected-Prefetch,0.5,0.0,128,10;11;12;13;14;15;16;17;18;19;20;21;22;23;24;25,,0,0,16
controlled-1822,controlled,hit_68.75,lead_0.5/rep_7,8,0,0,History-Last1,0.5,0.0,128,10;11;12;13;14;15;16;17;18;19;20;21;22;23;24;25,0;1;2;3;4;10;11;12;13;14;15;16;17;18;19;20,11,5,5
controlled-1823,controlled,hit_68.75,lead_0.5/rep_7,8,0,0,Oracle,0.5,0.0,128,10;11;12;13;14;15;16;17;18;19;20;21;22;23;24;25,10;11;12;13;14;15;16;17;18;19;20;21;22;23;24;25,16,0,0
controlled-1824,controlled,hit_68.75,lead_0.5/rep_8,9,0,0,No-Selected-Prefetch,0.5,0.0,128,10;11;12;13;14;15;16;17;18;19;20;21;22;23;24;25,,0,0,16
controlled-1825,controlled,hit_68.75,lead_0.5/rep_8,9,0,0,History-Last1,0.5,0.0,128,10;11;12;13;14;15;16;17;18;19;20;21;22;23;24;25,0;1;2;3;4;10;11;12;13;14;15;16;17;18;19;20,11,5,5
controlled-1826,controlled,hit_68.75,lead_0.5/rep_8,9,0,0,Oracle,0.5,0.0,128,10;11;12;13;14;15;16;17;18;19;20;21;22;23;24;25,10;11;12;13;14;15;16;17;18;19;20;21;22;23;24;25,16,0,0
controlled-1827,controlled,hit_68.75,lead_0.5/rep_9,10,0,0,No-Selected-Prefetch,0.5,0.0,128,10;11;12;13;14;15;16;17;18;19;20;21;22;23;24;25,,0,0,16
controlled-1828,controlled,hit_68.75,lead_0.5/rep_9,10,0,0,History-Last1,0.5,0.0,128,10;11;12;13;14;15;16;17;18;19;20;21;22;23;24;25,0;1;2;3;4;10;11;12;13;14;15;16;17;18;19;20,11,5,5
controlled-1829,controlled,hit_68.75,lead_0.5/rep_9,10,0,0,Oracle,0.5,0.0,128,10;11;12;13;14;15;16;17;18;19;20;21;22;23;24;25,10;11;12;13;14;15;16;17;18;19;20;21;22;23;24;25,16,0,0
controlled-1830,controlled,hit_68.75,lead_0.5/rep_10,11,0,0,No-Selected-Prefetch,0.5,0.0,128,10;11;12;13;14;15;16;17;18;19;20;21;22;23;24;25,,0,0,16
controlled-1831,controlled,hit_68.75,lead_0.5/rep_10,11,0,0,History-Last1,0.5,0.0,128,10;11;12;13;14;15;16;17;18;19;20;21;22;23;24;25,0;1;2;3;4;10;11;12;13;14;15;16;17;18;19;20,11,5,5
controlled-1832,controlled,hit_68.75,lead_0.5/rep_10,11,0,0,Oracle,0.5,0.0,128,10;11;12;13;14;15;16;17;18;19;20;21;22;23;24;25,10;11;12;13;14;15;16;17;18;19;20;21;22;23;24;25,16,0,0
controlled-1833,controlled,hit_68.75,lead_0.5/rep_11,12,0,0,No-Selected-Prefetch,0.5,0.0,128,10;11;12;13;14;15;16;17;18;19;20;21;22;23;24;25,,0,0,16
controlled-1834,controlled,hit_68.75,lead_0.5/rep_11,12,0,0,History-Last1,0.5,0.0,128,10;11;12;13;14;15;16;17;18;19;20;21;22;23;24;25,0;1;2;3;4;10;11;12;13;14;15;16;17;18;19;20,11,5,5
controlled-1835,controlled,hit_68.75,lead_0.5/rep_11,12,0,0,Oracle,0.5,0.0,128,10;11;12;13;14;15;16;17;18;19;20;21;22;23;24;25,10;11;12;13;14;15;16;17;18;19;20;21;22;23;24;25,16,0,0
controlled-1836,controlled,hit_68.75,lead_0.5/rep_12,13,0,0,No-Selected-Prefetch,0.5,0.0,128,10;11;12;13;14;15;16;17;18;19;20;21;22;23;24;25,,0,0,16
controlled-1837,controlled,hit_68.75,lead_0.5/rep_12,13,0,0,History-Last1,0.5,0.0,128,10;11;12;13;14;15;16;17;18;19;20;21;22;23;24;25,0;1;2;3;4;10;11;12;13;14;15;16;17;18;19;20,11,5,5
controlled-1838,controlled,hit_68.75,lead_0.5/rep_12,13,0,0,Oracle,0.5,0.0,128,10;11;12;13;14;15;16;17;18;19;20;21;22;23;24;25,10;11;12;13;14;15;16;17;18;19;20;21;22;23;24;25,16,0,0
controlled-1839,controlled,hit_68.75,lead_0.5/rep_13,14,0,0,No-Selected-Prefetch,0.5,0.0,128,10;11;12;13;14;15;16;17;18;19;20;21;22;23;24;25,,0,0,16
controlled-1840,controlled,hit_68.75,lead_0.5/rep_13,14,0,0,History-Last1,0.5,0.0,128,10;11;12;13;14;15;16;17;18;19;20;21;22;23;24;25,0;1;2;3;4;10;11;12;13;14;15;16;17;18;19;20,11,5,5
controlled-1841,controlled,hit_68.75,lead_0.5/rep_13,14,0,0,Oracle,0.5,0.0,128,10;11;12;13;14;15;16;17;18;19;20;21;22;23;24;25,10;11;12;13;14;15;16;17;18;19;20;21;22;23;24;25,16,0,0
controlled-1842,controlled,hit_68.75,lead_0.5/rep_14,15,0,0,No-Selected-Prefetch,0.5,0.0,128,10;11;12;13;14;15;16;17;18;19;20;21;22;23;24;25,,0,0,16
controlled-1843,controlled,hit_68.75,lead_0.5/rep_14,15,0,0,History-Last1,0.5,0.0,128,10;11;12;13;14;15;16;17;18;19;20;21;22;23;24;25,0;1;2;3;4;10;11;12;13;14;15;16;17;18;19;20,11,5,5
controlled-1844,controlled,hit_68.75,lead_0.5/rep_14,15,0,0,Oracle,0.5,0.0,128,10;11;12;13;14;15;16;17;18;19;20;21;22;23;24;25,10;11;12;13;14;15;16;17;18;19;20;21;22;23;24;25,16,0,0
controlled-1845,controlled,hit_68.75,lead_0.5/rep_15,16,0,0,No-Selected-Prefetch,0.5,0.0,128,10;11;12;13;14;15;16;17;18;19;20;21;22;23;24;25,,0,0,16
controlled-1846,controlled,hit_68.75,lead_0.5/rep_15,16,0,0,History-Last1,0.5,0.0,128,10;11;12;13;14;15;16;17;18;19;20;21;22;23;24;25,0;1;2;3;4;10;11;12;13;14;15;16;17;18;19;20,11,5,5
controlled-1847,controlled,hit_68.75,lead_0.5/rep_15,16,0,0,Oracle,0.5,0.0,128,10;11;12;13;14;15;16;17;18;19;20;21;22;23;24;25,10;11;12;13;14;15;16;17;18;19;20;21;22;23;24;25,16,0,0
controlled-1848,controlled,hit_68.75,lead_0.5/rep_16,17,0,0,No-Selected-Prefetch,0.5,0.0,128,10;11;12;13;14;15;16;17;18;19;20;21;22;23;24;25,,0,0,16
controlled-1849,controlled,hit_68.75,lead_0.5/rep_16,17,0,0,History-Last1,0.5,0.0,128,10;11;12;13;14;15;16;17;18;19;20;21;22;23;24;25,0;1;2;3;4;10;11;12;13;14;15;16;17;18;19;20,11,5,5
controlled-1850,controlled,hit_68.75,lead_0.5/rep_16,17,0,0,Oracle,0.5,0.0,128,10;11;12;13;14;15;16;17;18;19;20;21;22;23;24;25,10;11;12;13;14;15;16;17;18;19;20;21;22;23;24;25,16,0,0
controlled-1851,controlled,hit_68.75,lead_0.5/rep_17,18,0,0,No-Selected-Prefetch,0.5,0.0,128,10;11;12;13;14;15;16;17;18;19;20;21;22;23;24;25,,0,0,16
controlled-1852,controlled,hit_68.75,lead_0.5/rep_17,18,0,0,History-Last1,0.5,0.0,128,10;11;12;13;14;15;16;17;18;19;20;21;22;23;24;25,0;1;2;3;4;10;11;12;13;14;15;16;17;18;19;20,11,5,5
controlled-1853,controlled,hit_68.75,lead_0.5/rep_17,18,0,0,Oracle,0.5,0.0,128,10;11;12;13;14;15;16;17;18;19;20;21;22;23;24;25,10;11;12;13;14;15;16;17;18;19;20;21;22;23;24;25,16,0,0
controlled-1854,controlled,hit_68.75,lead_0.5/rep_18,19,0,0,No-Selected-Prefetch,0.5,0.0,128,10;11;12;13;14;15;16;17;18;19;20;21;22;23;24;25,,0,0,16
controlled-1855,controlled,hit_68.75,lead_0.5/rep_18,19,0,0,History-Last1,0.5,0.0,128,10;11;12;13;14;15;16;17;18;19;20;21;22;23;24;25,0;1;2;3;4;10;11;12;13;14;15;16;17;18;19;20,11,5,5
controlled-1856,controlled,hit_68.75,lead_0.5/rep_18,19,0,0,Oracle,0.5,0.0,128,10;11;12;13;14;15;16;17;18;19;20;21;22;23;24;25,10;11;12;13;14;15;16;17;18;19;20;21;22;23;24;25,16,0,0
controlled-1857,controlled,hit_68.75,lead_0.5/rep_19,20,0,0,No-Selected-Prefetch,0.5,0.0,128,10;11;12;13;14;15;16;17;18;19;20;21;22;23;24;25,,0,0,16
controlled-1858,controlled,hit_68.75,lead_0.5/rep_19,20,0,0,History-Last1,0.5,0.0,128,10;11;12;13;14;15;16;17;18;19;20;21;22;23;24;25,0;1;2;3;4;10;11;12;13;14;15;16;17;18;19;20,11,5,5
controlled-1859,controlled,hit_68.75,lead_0.5/rep_19,20,0,0,Oracle,0.5,0.0,128,10;11;12;13;14;15;16;17;18;19;20;21;22;23;24;25,10;11;12;13;14;15;16;17;18;19;20;21;22;23;24;25,16,0,0
controlled-1860,controlled,hit_68.75,lead_1/rep_0,1,0,0,No-Selected-Prefetch,1.0,0.0,128,10;11;12;13;14;15;16;17;18;19;20;21;22;23;24;25,,0,0,16
controlled-1861,controlled,hit_68.75,lead_1/rep_0,1,0,0,History-Last1,1.0,0.0,128,10;11;12;13;14;15;16;17;18;19;20;21;22;23;24;25,0;1;2;3;4;10;11;12;13;14;15;16;17;18;19;20,11,5,5
controlled-1862,controlled,hit_68.75,lead_1/rep_0,1,0,0,Oracle,1.0,0.0,128,10;11;12;13;14;15;16;17;18;19;20;21;22;23;24;25,10;11;12;13;14;15;16;17;18;19;20;21;22;23;24;25,16,0,0
controlled-1863,controlled,hit_68.75,lead_1/rep_1,2,0,0,No-Selected-Prefetch,1.0,0.0,128,10;11;12;13;14;15;16;17;18;19;20;21;22;23;24;25,,0,0,16
controlled-1864,controlled,hit_68.75,lead_1/rep_1,2,0,0,History-Last1,1.0,0.0,128,10;11;12;13;14;15;16;17;18;19;20;21;22;23;24;25,0;1;2;3;4;10;11;12;13;14;15;16;17;18;19;20,11,5,5
controlled-1865,controlled,hit_68.75,lead_1/rep_1,2,0,0,Oracle,1.0,0.0,128,10;11;12;13;14;15;16;17;18;19;20;21;22;23;24;25,10;11;12;13;14;15;16;17;18;19;20;21;22;23;24;25,16,0,0
controlled-1866,controlled,hit_68.75,lead_1/rep_2,3,0,0,No-Selected-Prefetch,1.0,0.0,128,10;11;12;13;14;15;16;17;18;19;20;21;22;23;24;25,,0,0,16
controlled-1867,controlled,hit_68.75,lead_1/rep_2,3,0,0,History-Last1,1.0,0.0,128,10;11;12;13;14;15;16;17;18;19;20;21;22;23;24;25,0;1;2;3;4;10;11;12;13;14;15;16;17;18;19;20,11,5,5
controlled-1868,controlled,hit_68.75,lead_1/rep_2,3,0,0,Oracle,1.0,0.0,128,10;11;12;13;14;15;16;17;18;19;20;21;22;23;24;25,10;11;12;13;14;15;16;17;18;19;20;21;22;23;24;25,16,0,0
controlled-1869,controlled,hit_68.75,lead_1/rep_3,4,0,0,No-Selected-Prefetch,1.0,0.0,128,10;11;12;13;14;15;16;17;18;19;20;21;22;23;24;25,,0,0,16
controlled-1870,controlled,hit_68.75,lead_1/rep_3,4,0,0,History-Last1,1.0,0.0,128,10;11;12;13;14;15;16;17;18;19;20;21;22;23;24;25,0;1;2;3;4;10;11;12;13;14;15;16;17;18;19;20,11,5,5
controlled-1871,controlled,hit_68.75,lead_1/rep_3,4,0,0,Oracle,1.0,0.0,128,10;11;12;13;14;15;16;17;18;19;20;21;22;23;24;25,10;11;12;13;14;15;16;17;18;19;20;21;22;23;24;25,16,0,0
controlled-1872,controlled,hit_68.75,lead_1/rep_4,5,0,0,No-Selected-Prefetch,1.0,0.0,128,10;11;12;13;14;15;16;17;18;19;20;21;22;23;24;25,,0,0,16
controlled-1873,controlled,hit_68.75,lead_1/rep_4,5,0,0,History-Last1,1.0,0.0,128,10;11;12;13;14;15;16;17;18;19;20;21;22;23;24;25,0;1;2;3;4;10;11;12;13;14;15;16;17;18;19;20,11,5,5
controlled-1874,controlled,hit_68.75,lead_1/rep_4,5,0,0,Oracle,1.0,0.0,128,10;11;12;13;14;15;16;17;18;19;20;21;22;23;24;25,10;11;12;13;14;15;16;17;18;19;20;21;22;23;24;25,16,0,0
controlled-1875,controlled,hit_68.75,lead_1/rep_5,6,0,0,No-Selected-Prefetch,1.0,0.0,128,10;11;12;13;14;15;16;17;18;19;20;21;22;23;24;25,,0,0,16
controlled-1876,controlled,hit_68.75,lead_1/rep_5,6,0,0,History-Last1,1.0,0.0,128,10;11;12;13;14;15;16;17;18;19;20;21;22;23;24;25,0;1;2;3;4;10;11;12;13;14;15;16;17;18;19;20,11,5,5
controlled-1877,controlled,hit_68.75,lead_1/rep_5,6,0,0,Oracle,1.0,0.0,128,10;11;12;13;14;15;16;17;18;19;20;21;22;23;24;25,10;11;12;13;14;15;16;17;18;19;20;21;22;23;24;25,16,0,0
controlled-1878,controlled,hit_68.75,lead_1/rep_6,7,0,0,No-Selected-Prefetch,1.0,0.0,128,10;11;12;13;14;15;16;17;18;19;20;21;22;23;24;25,,0,0,16
controlled-1879,controlled,hit_68.75,lead_1/rep_6,7,0,0,History-Last1,1.0,0.0,128,10;11;12;13;14;15;16;17;18;19;20;21;22;23;24;25,0;1;2;3;4;10;11;12;13;14;15;16;17;18;19;20,11,5,5
controlled-1880,controlled,hit_68.75,lead_1/rep_6,7,0,0,Oracle,1.0,0.0,128,10;11;12;13;14;15;16;17;18;19;20;21;22;23;24;25,10;11;12;13;14;15;16;17;18;19;20;21;22;23;24;25,16,0,0
controlled-1881,controlled,hit_68.75,lead_1/rep_7,8,0,0,No-Selected-Prefetch,1.0,0.0,128,10;11;12;13;14;15;16;17;18;19;20;21;22;23;24;25,,0,0,16
controlled-1882,controlled,hit_68.75,lead_1/rep_7,8,0,0,History-Last1,1.0,0.0,128,10;11;12;13;14;15;16;17;18;19;20;21;22;23;24;25,0;1;2;3;4;10;11;12;13;14;15;16;17;18;19;20,11,5,5
controlled-1883,controlled,hit_68.75,lead_1/rep_7,8,0,0,Oracle,1.0,0.0,128,10;11;12;13;14;15;16;17;18;19;20;21;22;23;24;25,10;11;12;13;14;15;16;17;18;19;20;21;22;23;24;25,16,0,0
controlled-1884,controlled,hit_68.75,lead_1/rep_8,9,0,0,No-Selected-Prefetch,1.0,0.0,128,10;11;12;13;14;15;16;17;18;19;20;21;22;23;24;25,,0,0,16
controlled-1885,controlled,hit_68.75,lead_1/rep_8,9,0,0,History-Last1,1.0,0.0,128,10;11;12;13;14;15;16;17;18;19;20;21;22;23;24;25,0;1;2;3;4;10;11;12;13;14;15;16;17;18;19;20,11,5,5
controlled-1886,controlled,hit_68.75,lead_1/rep_8,9,0,0,Oracle,1.0,0.0,128,10;11;12;13;14;15;16;17;18;19;20;21;22;23;24;25,10;11;12;13;14;15;16;17;18;19;20;21;22;23;24;25,16,0,0
controlled-1887,controlled,hit_68.75,lead_1/rep_9,10,0,0,No-Selected-Prefetch,1.0,0.0,128,10;11;12;13;14;15;16;17;18;19;20;21;22;23;24;25,,0,0,16
controlled-1888,controlled,hit_68.75,lead_1/rep_9,10,0,0,History-Last1,1.0,0.0,128,10;11;12;13;14;15;16;17;18;19;20;21;22;23;24;25,0;1;2;3;4;10;11;12;13;14;15;16;17;18;19;20,11,5,5
controlled-1889,controlled,hit_68.75,lead_1/rep_9,10,0,0,Oracle,1.0,0.0,128,10;11;12;13;14;15;16;17;18;19;20;21;22;23;24;25,10;11;12;13;14;15;16;17;18;19;20;21;22;23;24;25,16,0,0
controlled-1890,controlled,hit_68.75,lead_1/rep_10,11,0,0,No-Selected-Prefetch,1.0,0.0,128,10;11;12;13;14;15;16;17;18;19;20;21;22;23;24;25,,0,0,16
controlled-1891,controlled,hit_68.75,lead_1/rep_10,11,0,0,History-Last1,1.0,0.0,128,10;11;12;13;14;15;16;17;18;19;20;21;22;23;24;25,0;1;2;3;4;10;11;12;13;14;15;16;17;18;19;20,11,5,5
controlled-1892,controlled,hit_68.75,lead_1/rep_10,11,0,0,Oracle,1.0,0.0,128,10;11;12;13;14;15;16;17;18;19;20;21;22;23;24;25,10;11;12;13;14;15;16;17;18;19;20;21;22;23;24;25,16,0,0
controlled-1893,controlled,hit_68.75,lead_1/rep_11,12,0,0,No-Selected-Prefetch,1.0,0.0,128,10;11;12;13;14;15;16;17;18;19;20;21;22;23;24;25,,0,0,16
controlled-1894,controlled,hit_68.75,lead_1/rep_11,12,0,0,History-Last1,1.0,0.0,128,10;11;12;13;14;15;16;17;18;19;20;21;22;23;24;25,0;1;2;3;4;10;11;12;13;14;15;16;17;18;19;20,11,5,5
controlled-1895,controlled,hit_68.75,lead_1/rep_11,12,0,0,Oracle,1.0,0.0,128,10;11;12;13;14;15;16;17;18;19;20;21;22;23;24;25,10;11;12;13;14;15;16;17;18;19;20;21;22;23;24;25,16,0,0
controlled-1896,controlled,hit_68.75,lead_1/rep_12,13,0,0,No-Selected-Prefetch,1.0,0.0,128,10;11;12;13;14;15;16;17;18;19;20;21;22;23;24;25,,0,0,16
controlled-1897,controlled,hit_68.75,lead_1/rep_12,13,0,0,History-Last1,1.0,0.0,128,10;11;12;13;14;15;16;17;18;19;20;21;22;23;24;25,0;1;2;3;4;10;11;12;13;14;15;16;17;18;19;20,11,5,5
controlled-1898,controlled,hit_68.75,lead_1/rep_12,13,0,0,Oracle,1.0,0.0,128,10;11;12;13;14;15;16;17;18;19;20;21;22;23;24;25,10;11;12;13;14;15;16;17;18;19;20;21;22;23;24;25,16,0,0
controlled-1899,controlled,hit_68.75,lead_1/rep_13,14,0,0,No-Selected-Prefetch,1.0,0.0,128,10;11;12;13;14;15;16;17;18;19;20;21;22;23;24;25,,0,0,16
controlled-1900,controlled,hit_68.75,lead_1/rep_13,14,0,0,History-Last1,1.0,0.0,128,10;11;12;13;14;15;16;17;18;19;20;21;22;23;24;25,0;1;2;3;4;10;11;12;13;14;15;16;17;18;19;20,11,5,5
controlled-1901,controlled,hit_68.75,lead_1/rep_13,14,0,0,Oracle,1.0,0.0,128,10;11;12;13;14;15;16;17;18;19;20;21;22;23;24;25,10;11;12;13;14;15;16;17;18;19;20;21;22;23;24;25,16,0,0
controlled-1902,controlled,hit_68.75,lead_1/rep_14,15,0,0,No-Selected-Prefetch,1.0,0.0,128,10;11;12;13;14;15;16;17;18;19;20;21;22;23;24;25,,0,0,16
controlled-1903,controlled,hit_68.75,lead_1/rep_14,15,0,0,History-Last1,1.0,0.0,128,10;11;12;13;14;15;16;17;18;19;20;21;22;23;24;25,0;1;2;3;4;10;11;12;13;14;15;16;17;18;19;20,11,5,5
controlled-1904,controlled,hit_68.75,lead_1/rep_14,15,0,0,Oracle,1.0,0.0,128,10;11;12;13;14;15;16;17;18;19;20;21;22;23;24;25,10;11;12;13;14;15;16;17;18;19;20;21;22;23;24;25,16,0,0
controlled-1905,controlled,hit_68.75,lead_1/rep_15,16,0,0,No-Selected-Prefetch,1.0,0.0,128,10;11;12;13;14;15;16;17;18;19;20;21;22;23;24;25,,0,0,16
controlled-1906,controlled,hit_68.75,lead_1/rep_15,16,0,0,History-Last1,1.0,0.0,128,10;11;12;13;14;15;16;17;18;19;20;21;22;23;24;25,0;1;2;3;4;10;11;12;13;14;15;16;17;18;19;20,11,5,5
controlled-1907,controlled,hit_68.75,lead_1/rep_15,16,0,0,Oracle,1.0,0.0,128,10;11;12;13;14;15;16;17;18;19;20;21;22;23;24;25,10;11;12;13;14;15;16;17;18;19;20;21;22;23;24;25,16,0,0
controlled-1908,controlled,hit_68.75,lead_1/rep_16,17,0,0,No-Selected-Prefetch,1.0,0.0,128,10;11;12;13;14;15;16;17;18;19;20;21;22;23;24;25,,0,0,16
controlled-1909,controlled,hit_68.75,lead_1/rep_16,17,0,0,History-Last1,1.0,0.0,128,10;11;12;13;14;15;16;17;18;19;20;21;22;23;24;25,0;1;2;3;4;10;11;12;13;14;15;16;17;18;19;20,11,5,5
controlled-1910,controlled,hit_68.75,lead_1/rep_16,17,0,0,Oracle,1.0,0.0,128,10;11;12;13;14;15;16;17;18;19;20;21;22;23;24;25,10;11;12;13;14;15;16;17;18;19;20;21;22;23;24;25,16,0,0
controlled-1911,controlled,hit_68.75,lead_1/rep_17,18,0,0,No-Selected-Prefetch,1.0,0.0,128,10;11;12;13;14;15;16;17;18;19;20;21;22;23;24;25,,0,0,16
controlled-1912,controlled,hit_68.75,lead_1/rep_17,18,0,0,History-Last1,1.0,0.0,128,10;11;12;13;14;15;16;17;18;19;20;21;22;23;24;25,0;1;2;3;4;10;11;12;13;14;15;16;17;18;19;20,11,5,5
controlled-1913,controlled,hit_68.75,lead_1/rep_17,18,0,0,Oracle,1.0,0.0,128,10;11;12;13;14;15;16;17;18;19;20;21;22;23;24;25,10;11;12;13;14;15;16;17;18;19;20;21;22;23;24;25,16,0,0
controlled-1914,controlled,hit_68.75,lead_1/rep_18,19,0,0,No-Selected-Prefetch,1.0,0.0,128,10;11;12;13;14;15;16;17;18;19;20;21;22;23;24;25,,0,0,16
controlled-1915,controlled,hit_68.75,lead_1/rep_18,19,0,0,History-Last1,1.0,0.0,128,10;11;12;13;14;15;16;17;18;19;20;21;22;23;24;25,0;1;2;3;4;10;11;12;13;14;15;16;17;18;19;20,11,5,5
controlled-1916,controlled,hit_68.75,lead_1/rep_18,19,0,0,Oracle,1.0,0.0,128,10;11;12;13;14;15;16;17;18;19;20;21;22;23;24;25,10;11;12;13;14;15;16;17;18;19;20;21;22;23;24;25,16,0,0
controlled-1917,controlled,hit_68.75,lead_1/rep_19,20,0,0,No-Selected-Prefetch,1.0,0.0,128,10;11;12;13;14;15;16;17;18;19;20;21;22;23;24;25,,0,0,16
controlled-1918,controlled,hit_68.75,lead_1/rep_19,20,0,0,History-Last1,1.0,0.0,128,10;11;12;13;14;15;16;17;18;19;20;21;22;23;24;25,0;1;2;3;4;10;11;12;13;14;15;16;17;18;19;20,11,5,5
controlled-1919,controlled,hit_68.75,lead_1/rep_19,20,0,0,Oracle,1.0,0.0,128,10;11;12;13;14;15;16;17;18;19;20;21;22;23;24;25,10;11;12;13;14;15;16;17;18;19;20;21;22;23;24;25,16,0,0
controlled-1920,controlled,hit_68.75,lead_2/rep_0,1,0,0,No-Selected-Prefetch,2.0,0.0,128,10;11;12;13;14;15;16;17;18;19;20;21;22;23;24;25,,0,0,16
controlled-1921,controlled,hit_68.75,lead_2/rep_0,1,0,0,History-Last1,2.0,0.0,128,10;11;12;13;14;15;16;17;18;19;20;21;22;23;24;25,0;1;2;3;4;10;11;12;13;14;15;16;17;18;19;20,11,5,5
controlled-1922,controlled,hit_68.75,lead_2/rep_0,1,0,0,Oracle,2.0,0.0,128,10;11;12;13;14;15;16;17;18;19;20;21;22;23;24;25,10;11;12;13;14;15;16;17;18;19;20;21;22;23;24;25,16,0,0
controlled-1923,controlled,hit_68.75,lead_2/rep_1,2,0,0,No-Selected-Prefetch,2.0,0.0,128,10;11;12;13;14;15;16;17;18;19;20;21;22;23;24;25,,0,0,16
controlled-1924,controlled,hit_68.75,lead_2/rep_1,2,0,0,History-Last1,2.0,0.0,128,10;11;12;13;14;15;16;17;18;19;20;21;22;23;24;25,0;1;2;3;4;10;11;12;13;14;15;16;17;18;19;20,11,5,5
controlled-1925,controlled,hit_68.75,lead_2/rep_1,2,0,0,Oracle,2.0,0.0,128,10;11;12;13;14;15;16;17;18;19;20;21;22;23;24;25,10;11;12;13;14;15;16;17;18;19;20;21;22;23;24;25,16,0,0
controlled-1926,controlled,hit_68.75,lead_2/rep_2,3,0,0,No-Selected-Prefetch,2.0,0.0,128,10;11;12;13;14;15;16;17;18;19;20;21;22;23;24;25,,0,0,16
controlled-1927,controlled,hit_68.75,lead_2/rep_2,3,0,0,History-Last1,2.0,0.0,128,10;11;12;13;14;15;16;17;18;19;20;21;22;23;24;25,0;1;2;3;4;10;11;12;13;14;15;16;17;18;19;20,11,5,5
controlled-1928,controlled,hit_68.75,lead_2/rep_2,3,0,0,Oracle,2.0,0.0,128,10;11;12;13;14;15;16;17;18;19;20;21;22;23;24;25,10;11;12;13;14;15;16;17;18;19;20;21;22;23;24;25,16,0,0
controlled-1929,controlled,hit_68.75,lead_2/rep_3,4,0,0,No-Selected-Prefetch,2.0,0.0,128,10;11;12;13;14;15;16;17;18;19;20;21;22;23;24;25,,0,0,16
controlled-1930,controlled,hit_68.75,lead_2/rep_3,4,0,0,History-Last1,2.0,0.0,128,10;11;12;13;14;15;16;17;18;19;20;21;22;23;24;25,0;1;2;3;4;10;11;12;13;14;15;16;17;18;19;20,11,5,5
controlled-1931,controlled,hit_68.75,lead_2/rep_3,4,0,0,Oracle,2.0,0.0,128,10;11;12;13;14;15;16;17;18;19;20;21;22;23;24;25,10;11;12;13;14;15;16;17;18;19;20;21;22;23;24;25,16,0,0
controlled-1932,controlled,hit_68.75,lead_2/rep_4,5,0,0,No-Selected-Prefetch,2.0,0.0,128,10;11;12;13;14;15;16;17;18;19;20;21;22;23;24;25,,0,0,16
controlled-1933,controlled,hit_68.75,lead_2/rep_4,5,0,0,History-Last1,2.0,0.0,128,10;11;12;13;14;15;16;17;18;19;20;21;22;23;24;25,0;1;2;3;4;10;11;12;13;14;15;16;17;18;19;20,11,5,5
controlled-1934,controlled,hit_68.75,lead_2/rep_4,5,0,0,Oracle,2.0,0.0,128,10;11;12;13;14;15;16;17;18;19;20;21;22;23;24;25,10;11;12;13;14;15;16;17;18;19;20;21;22;23;24;25,16,0,0
controlled-1935,controlled,hit_68.75,lead_2/rep_5,6,0,0,No-Selected-Prefetch,2.0,0.0,128,10;11;12;13;14;15;16;17;18;19;20;21;22;23;24;25,,0,0,16
controlled-1936,controlled,hit_68.75,lead_2/rep_5,6,0,0,History-Last1,2.0,0.0,128,10;11;12;13;14;15;16;17;18;19;20;21;22;23;24;25,0;1;2;3;4;10;11;12;13;14;15;16;17;18;19;20,11,5,5
controlled-1937,controlled,hit_68.75,lead_2/rep_5,6,0,0,Oracle,2.0,0.0,128,10;11;12;13;14;15;16;17;18;19;20;21;22;23;24;25,10;11;12;13;14;15;16;17;18;19;20;21;22;23;24;25,16,0,0
controlled-1938,controlled,hit_68.75,lead_2/rep_6,7,0,0,No-Selected-Prefetch,2.0,0.0,128,10;11;12;13;14;15;16;17;18;19;20;21;22;23;24;25,,0,0,16
controlled-1939,controlled,hit_68.75,lead_2/rep_6,7,0,0,History-Last1,2.0,0.0,128,10;11;12;13;14;15;16;17;18;19;20;21;22;23;24;25,0;1;2;3;4;10;11;12;13;14;15;16;17;18;19;20,11,5,5
controlled-1940,controlled,hit_68.75,lead_2/rep_6,7,0,0,Oracle,2.0,0.0,128,10;11;12;13;14;15;16;17;18;19;20;21;22;23;24;25,10;11;12;13;14;15;16;17;18;19;20;21;22;23;24;25,16,0,0
controlled-1941,controlled,hit_68.75,lead_2/rep_7,8,0,0,No-Selected-Prefetch,2.0,0.0,128,10;11;12;13;14;15;16;17;18;19;20;21;22;23;24;25,,0,0,16
controlled-1942,controlled,hit_68.75,lead_2/rep_7,8,0,0,History-Last1,2.0,0.0,128,10;11;12;13;14;15;16;17;18;19;20;21;22;23;24;25,0;1;2;3;4;10;11;12;13;14;15;16;17;18;19;20,11,5,5
controlled-1943,controlled,hit_68.75,lead_2/rep_7,8,0,0,Oracle,2.0,0.0,128,10;11;12;13;14;15;16;17;18;19;20;21;22;23;24;25,10;11;12;13;14;15;16;17;18;19;20;21;22;23;24;25,16,0,0
controlled-1944,controlled,hit_68.75,lead_2/rep_8,9,0,0,No-Selected-Prefetch,2.0,0.0,128,10;11;12;13;14;15;16;17;18;19;20;21;22;23;24;25,,0,0,16
controlled-1945,controlled,hit_68.75,lead_2/rep_8,9,0,0,History-Last1,2.0,0.0,128,10;11;12;13;14;15;16;17;18;19;20;21;22;23;24;25,0;1;2;3;4;10;11;12;13;14;15;16;17;18;19;20,11,5,5
controlled-1946,controlled,hit_68.75,lead_2/rep_8,9,0,0,Oracle,2.0,0.0,128,10;11;12;13;14;15;16;17;18;19;20;21;22;23;24;25,10;11;12;13;14;15;16;17;18;19;20;21;22;23;24;25,16,0,0
controlled-1947,controlled,hit_68.75,lead_2/rep_9,10,0,0,No-Selected-Prefetch,2.0,0.0,128,10;11;12;13;14;15;16;17;18;19;20;21;22;23;24;25,,0,0,16
controlled-1948,controlled,hit_68.75,lead_2/rep_9,10,0,0,History-Last1,2.0,0.0,128,10;11;12;13;14;15;16;17;18;19;20;21;22;23;24;25,0;1;2;3;4;10;11;12;13;14;15;16;17;18;19;20,11,5,5
controlled-1949,controlled,hit_68.75,lead_2/rep_9,10,0,0,Oracle,2.0,0.0,128,10;11;12;13;14;15;16;17;18;19;20;21;22;23;24;25,10;11;12;13;14;15;16;17;18;19;20;21;22;23;24;25,16,0,0
controlled-1950,controlled,hit_68.75,lead_2/rep_10,11,0,0,No-Selected-Prefetch,2.0,0.0,128,10;11;12;13;14;15;16;17;18;19;20;21;22;23;24;25,,0,0,16
controlled-1951,controlled,hit_68.75,lead_2/rep_10,11,0,0,History-Last1,2.0,0.0,128,10;11;12;13;14;15;16;17;18;19;20;21;22;23;24;25,0;1;2;3;4;10;11;12;13;14;15;16;17;18;19;20,11,5,5
controlled-1952,controlled,hit_68.75,lead_2/rep_10,11,0,0,Oracle,2.0,0.0,128,10;11;12;13;14;15;16;17;18;19;20;21;22;23;24;25,10;11;12;13;14;15;16;17;18;19;20;21;22;23;24;25,16,0,0
controlled-1953,controlled,hit_68.75,lead_2/rep_11,12,0,0,No-Selected-Prefetch,2.0,0.0,128,10;11;12;13;14;15;16;17;18;19;20;21;22;23;24;25,,0,0,16
controlled-1954,controlled,hit_68.75,lead_2/rep_11,12,0,0,History-Last1,2.0,0.0,128,10;11;12;13;14;15;16;17;18;19;20;21;22;23;24;25,0;1;2;3;4;10;11;12;13;14;15;16;17;18;19;20,11,5,5
controlled-1955,controlled,hit_68.75,lead_2/rep_11,12,0,0,Oracle,2.0,0.0,128,10;11;12;13;14;15;16;17;18;19;20;21;22;23;24;25,10;11;12;13;14;15;16;17;18;19;20;21;22;23;24;25,16,0,0
controlled-1956,controlled,hit_68.75,lead_2/rep_12,13,0,0,No-Selected-Prefetch,2.0,0.0,128,10;11;12;13;14;15;16;17;18;19;20;21;22;23;24;25,,0,0,16
controlled-1957,controlled,hit_68.75,lead_2/rep_12,13,0,0,History-Last1,2.0,0.0,128,10;11;12;13;14;15;16;17;18;19;20;21;22;23;24;25,0;1;2;3;4;10;11;12;13;14;15;16;17;18;19;20,11,5,5
controlled-1958,controlled,hit_68.75,lead_2/rep_12,13,0,0,Oracle,2.0,0.0,128,10;11;12;13;14;15;16;17;18;19;20;21;22;23;24;25,10;11;12;13;14;15;16;17;18;19;20;21;22;23;24;25,16,0,0
controlled-1959,controlled,hit_68.75,lead_2/rep_13,14,0,0,No-Selected-Prefetch,2.0,0.0,128,10;11;12;13;14;15;16;17;18;19;20;21;22;23;24;25,,0,0,16
controlled-1960,controlled,hit_68.75,lead_2/rep_13,14,0,0,History-Last1,2.0,0.0,128,10;11;12;13;14;15;16;17;18;19;20;21;22;23;24;25,0;1;2;3;4;10;11;12;13;14;15;16;17;18;19;20,11,5,5
controlled-1961,controlled,hit_68.75,lead_2/rep_13,14,0,0,Oracle,2.0,0.0,128,10;11;12;13;14;15;16;17;18;19;20;21;22;23;24;25,10;11;12;13;14;15;16;17;18;19;20;21;22;23;24;25,16,0,0
controlled-1962,controlled,hit_68.75,lead_2/rep_14,15,0,0,No-Selected-Prefetch,2.0,0.0,128,10;11;12;13;14;15;16;17;18;19;20;21;22;23;24;25,,0,0,16
controlled-1963,controlled,hit_68.75,lead_2/rep_14,15,0,0,History-Last1,2.0,0.0,128,10;11;12;13;14;15;16;17;18;19;20;21;22;23;24;25,0;1;2;3;4;10;11;12;13;14;15;16;17;18;19;20,11,5,5
controlled-1964,controlled,hit_68.75,lead_2/rep_14,15,0,0,Oracle,2.0,0.0,128,10;11;12;13;14;15;16;17;18;19;20;21;22;23;24;25,10;11;12;13;14;15;16;17;18;19;20;21;22;23;24;25,16,0,0
controlled-1965,controlled,hit_68.75,lead_2/rep_15,16,0,0,No-Selected-Prefetch,2.0,0.0,128,10;11;12;13;14;15;16;17;18;19;20;21;22;23;24;25,,0,0,16
controlled-1966,controlled,hit_68.75,lead_2/rep_15,16,0,0,History-Last1,2.0,0.0,128,10;11;12;13;14;15;16;17;18;19;20;21;22;23;24;25,0;1;2;3;4;10;11;12;13;14;15;16;17;18;19;20,11,5,5
controlled-1967,controlled,hit_68.75,lead_2/rep_15,16,0,0,Oracle,2.0,0.0,128,10;11;12;13;14;15;16;17;18;19;20;21;22;23;24;25,10;11;12;13;14;15;16;17;18;19;20;21;22;23;24;25,16,0,0
controlled-1968,controlled,hit_68.75,lead_2/rep_16,17,0,0,No-Selected-Prefetch,2.0,0.0,128,10;11;12;13;14;15;16;17;18;19;20;21;22;23;24;25,,0,0,16
controlled-1969,controlled,hit_68.75,lead_2/rep_16,17,0,0,History-Last1,2.0,0.0,128,10;11;12;13;14;15;16;17;18;19;20;21;22;23;24;25,0;1;2;3;4;10;11;12;13;14;15;16;17;18;19;20,11,5,5
controlled-1970,controlled,hit_68.75,lead_2/rep_16,17,0,0,Oracle,2.0,0.0,128,10;11;12;13;14;15;16;17;18;19;20;21;22;23;24;25,10;11;12;13;14;15;16;17;18;19;20;21;22;23;24;25,16,0,0
controlled-1971,controlled,hit_68.75,lead_2/rep_17,18,0,0,No-Selected-Prefetch,2.0,0.0,128,10;11;12;13;14;15;16;17;18;19;20;21;22;23;24;25,,0,0,16
controlled-1972,controlled,hit_68.75,lead_2/rep_17,18,0,0,History-Last1,2.0,0.0,128,10;11;12;13;14;15;16;17;18;19;20;21;22;23;24;25,0;1;2;3;4;10;11;12;13;14;15;16;17;18;19;20,11,5,5
controlled-1973,controlled,hit_68.75,lead_2/rep_17,18,0,0,Oracle,2.0,0.0,128,10;11;12;13;14;15;16;17;18;19;20;21;22;23;24;25,10;11;12;13;14;15;16;17;18;19;20;21;22;23;24;25,16,0,0
controlled-1974,controlled,hit_68.75,lead_2/rep_18,19,0,0,No-Selected-Prefetch,2.0,0.0,128,10;11;12;13;14;15;16;17;18;19;20;21;22;23;24;25,,0,0,16
controlled-1975,controlled,hit_68.75,lead_2/rep_18,19,0,0,History-Last1,2.0,0.0,128,10;11;12;13;14;15;16;17;18;19;20;21;22;23;24;25,0;1;2;3;4;10;11;12;13;14;15;16;17;18;19;20,11,5,5
controlled-1976,controlled,hit_68.75,lead_2/rep_18,19,0,0,Oracle,2.0,0.0,128,10;11;12;13;14;15;16;17;18;19;20;21;22;23;24;25,10;11;12;13;14;15;16;17;18;19;20;21;22;23;24;25,16,0,0
controlled-1977,controlled,hit_68.75,lead_2/rep_19,20,0,0,No-Selected-Prefetch,2.0,0.0,128,10;11;12;13;14;15;16;17;18;19;20;21;22;23;24;25,,0,0,16
controlled-1978,controlled,hit_68.75,lead_2/rep_19,20,0,0,History-Last1,2.0,0.0,128,10;11;12;13;14;15;16;17;18;19;20;21;22;23;24;25,0;1;2;3;4;10;11;12;13;14;15;16;17;18;19;20,11,5,5
controlled-1979,controlled,hit_68.75,lead_2/rep_19,20,0,0,Oracle,2.0,0.0,128,10;11;12;13;14;15;16;17;18;19;20;21;22;23;24;25,10;11;12;13;14;15;16;17;18;19;20;21;22;23;24;25,16,0,0
controlled-1980,controlled,hit_68.75,lead_4/rep_0,1,0,0,No-Selected-Prefetch,4.0,0.0,128,10;11;12;13;14;15;16;17;18;19;20;21;22;23;24;25,,0,0,16
controlled-1981,controlled,hit_68.75,lead_4/rep_0,1,0,0,History-Last1,4.0,0.0,128,10;11;12;13;14;15;16;17;18;19;20;21;22;23;24;25,0;1;2;3;4;10;11;12;13;14;15;16;17;18;19;20,11,5,5
controlled-1982,controlled,hit_68.75,lead_4/rep_0,1,0,0,Oracle,4.0,0.0,128,10;11;12;13;14;15;16;17;18;19;20;21;22;23;24;25,10;11;12;13;14;15;16;17;18;19;20;21;22;23;24;25,16,0,0
controlled-1983,controlled,hit_68.75,lead_4/rep_1,2,0,0,No-Selected-Prefetch,4.0,0.0,128,10;11;12;13;14;15;16;17;18;19;20;21;22;23;24;25,,0,0,16
controlled-1984,controlled,hit_68.75,lead_4/rep_1,2,0,0,History-Last1,4.0,0.0,128,10;11;12;13;14;15;16;17;18;19;20;21;22;23;24;25,0;1;2;3;4;10;11;12;13;14;15;16;17;18;19;20,11,5,5
controlled-1985,controlled,hit_68.75,lead_4/rep_1,2,0,0,Oracle,4.0,0.0,128,10;11;12;13;14;15;16;17;18;19;20;21;22;23;24;25,10;11;12;13;14;15;16;17;18;19;20;21;22;23;24;25,16,0,0
controlled-1986,controlled,hit_68.75,lead_4/rep_2,3,0,0,No-Selected-Prefetch,4.0,0.0,128,10;11;12;13;14;15;16;17;18;19;20;21;22;23;24;25,,0,0,16
controlled-1987,controlled,hit_68.75,lead_4/rep_2,3,0,0,History-Last1,4.0,0.0,128,10;11;12;13;14;15;16;17;18;19;20;21;22;23;24;25,0;1;2;3;4;10;11;12;13;14;15;16;17;18;19;20,11,5,5
controlled-1988,controlled,hit_68.75,lead_4/rep_2,3,0,0,Oracle,4.0,0.0,128,10;11;12;13;14;15;16;17;18;19;20;21;22;23;24;25,10;11;12;13;14;15;16;17;18;19;20;21;22;23;24;25,16,0,0
controlled-1989,controlled,hit_68.75,lead_4/rep_3,4,0,0,No-Selected-Prefetch,4.0,0.0,128,10;11;12;13;14;15;16;17;18;19;20;21;22;23;24;25,,0,0,16
controlled-1990,controlled,hit_68.75,lead_4/rep_3,4,0,0,History-Last1,4.0,0.0,128,10;11;12;13;14;15;16;17;18;19;20;21;22;23;24;25,0;1;2;3;4;10;11;12;13;14;15;16;17;18;19;20,11,5,5
controlled-1991,controlled,hit_68.75,lead_4/rep_3,4,0,0,Oracle,4.0,0.0,128,10;11;12;13;14;15;16;17;18;19;20;21;22;23;24;25,10;11;12;13;14;15;16;17;18;19;20;21;22;23;24;25,16,0,0
controlled-1992,controlled,hit_68.75,lead_4/rep_4,5,0,0,No-Selected-Prefetch,4.0,0.0,128,10;11;12;13;14;15;16;17;18;19;20;21;22;23;24;25,,0,0,16
controlled-1993,controlled,hit_68.75,lead_4/rep_4,5,0,0,History-Last1,4.0,0.0,128,10;11;12;13;14;15;16;17;18;19;20;21;22;23;24;25,0;1;2;3;4;10;11;12;13;14;15;16;17;18;19;20,11,5,5
controlled-1994,controlled,hit_68.75,lead_4/rep_4,5,0,0,Oracle,4.0,0.0,128,10;11;12;13;14;15;16;17;18;19;20;21;22;23;24;25,10;11;12;13;14;15;16;17;18;19;20;21;22;23;24;25,16,0,0
controlled-1995,controlled,hit_68.75,lead_4/rep_5,6,0,0,No-Selected-Prefetch,4.0,0.0,128,10;11;12;13;14;15;16;17;18;19;20;21;22;23;24;25,,0,0,16
controlled-1996,controlled,hit_68.75,lead_4/rep_5,6,0,0,History-Last1,4.0,0.0,128,10;11;12;13;14;15;16;17;18;19;20;21;22;23;24;25,0;1;2;3;4;10;11;12;13;14;15;16;17;18;19;20,11,5,5
controlled-1997,controlled,hit_68.75,lead_4/rep_5,6,0,0,Oracle,4.0,0.0,128,10;11;12;13;14;15;16;17;18;19;20;21;22;23;24;25,10;11;12;13;14;15;16;17;18;19;20;21;22;23;24;25,16,0,0
controlled-1998,controlled,hit_68.75,lead_4/rep_6,7,0,0,No-Selected-Prefetch,4.0,0.0,128,10;11;12;13;14;15;16;17;18;19;20;21;22;23;24;25,,0,0,16
controlled-1999,controlled,hit_68.75,lead_4/rep_6,7,0,0,History-Last1,4.0,0.0,128,10;11;12;13;14;15;16;17;18;19;20;21;22;23;24;25,0;1;2;3;4;10;11;12;13;14;15;16;17;18;19;20,11,5,5
controlled-2000,controlled,hit_68.75,lead_4/rep_6,7,0,0,Oracle,4.0,0.0,128,10;11;12;13;14;15;16;17;18;19;20;21;22;23;24;25,10;11;12;13;14;15;16;17;18;19;20;21;22;23;24;25,16,0,0
controlled-2001,controlled,hit_68.75,lead_4/rep_7,8,0,0,No-Selected-Prefetch,4.0,0.0,128,10;11;12;13;14;15;16;17;18;19;20;21;22;23;24;25,,0,0,16
controlled-2002,controlled,hit_68.75,lead_4/rep_7,8,0,0,History-Last1,4.0,0.0,128,10;11;12;13;14;15;16;17;18;19;20;21;22;23;24;25,0;1;2;3;4;10;11;12;13;14;15;16;17;18;19;20,11,5,5
controlled-2003,controlled,hit_68.75,lead_4/rep_7,8,0,0,Oracle,4.0,0.0,128,10;11;12;13;14;15;16;17;18;19;20;21;22;23;24;25,10;11;12;13;14;15;16;17;18;19;20;21;22;23;24;25,16,0,0
controlled-2004,controlled,hit_68.75,lead_4/rep_8,9,0,0,No-Selected-Prefetch,4.0,0.0,128,10;11;12;13;14;15;16;17;18;19;20;21;22;23;24;25,,0,0,16
controlled-2005,controlled,hit_68.75,lead_4/rep_8,9,0,0,History-Last1,4.0,0.0,128,10;11;12;13;14;15;16;17;18;19;20;21;22;23;24;25,0;1;2;3;4;10;11;12;13;14;15;16;17;18;19;20,11,5,5
controlled-2006,controlled,hit_68.75,lead_4/rep_8,9,0,0,Oracle,4.0,0.0,128,10;11;12;13;14;15;16;17;18;19;20;21;22;23;24;25,10;11;12;13;14;15;16;17;18;19;20;21;22;23;24;25,16,0,0
controlled-2007,controlled,hit_68.75,lead_4/rep_9,10,0,0,No-Selected-Prefetch,4.0,0.0,128,10;11;12;13;14;15;16;17;18;19;20;21;22;23;24;25,,0,0,16
controlled-2008,controlled,hit_68.75,lead_4/rep_9,10,0,0,History-Last1,4.0,0.0,128,10;11;12;13;14;15;16;17;18;19;20;21;22;23;24;25,0;1;2;3;4;10;11;12;13;14;15;16;17;18;19;20,11,5,5
controlled-2009,controlled,hit_68.75,lead_4/rep_9,10,0,0,Oracle,4.0,0.0,128,10;11;12;13;14;15;16;17;18;19;20;21;22;23;24;25,10;11;12;13;14;15;16;17;18;19;20;21;22;23;24;25,16,0,0
controlled-2010,controlled,hit_68.75,lead_4/rep_10,11,0,0,No-Selected-Prefetch,4.0,0.0,128,10;11;12;13;14;15;16;17;18;19;20;21;22;23;24;25,,0,0,16
controlled-2011,controlled,hit_68.75,lead_4/rep_10,11,0,0,History-Last1,4.0,0.0,128,10;11;12;13;14;15;16;17;18;19;20;21;22;23;24;25,0;1;2;3;4;10;11;12;13;14;15;16;17;18;19;20,11,5,5
controlled-2012,controlled,hit_68.75,lead_4/rep_10,11,0,0,Oracle,4.0,0.0,128,10;11;12;13;14;15;16;17;18;19;20;21;22;23;24;25,10;11;12;13;14;15;16;17;18;19;20;21;22;23;24;25,16,0,0
controlled-2013,controlled,hit_68.75,lead_4/rep_11,12,0,0,No-Selected-Prefetch,4.0,0.0,128,10;11;12;13;14;15;16;17;18;19;20;21;22;23;24;25,,0,0,16
controlled-2014,controlled,hit_68.75,lead_4/rep_11,12,0,0,History-Last1,4.0,0.0,128,10;11;12;13;14;15;16;17;18;19;20;21;22;23;24;25,0;1;2;3;4;10;11;12;13;14;15;16;17;18;19;20,11,5,5
controlled-2015,controlled,hit_68.75,lead_4/rep_11,12,0,0,Oracle,4.0,0.0,128,10;11;12;13;14;15;16;17;18;19;20;21;22;23;24;25,10;11;12;13;14;15;16;17;18;19;20;21;22;23;24;25,16,0,0
controlled-2016,controlled,hit_68.75,lead_4/rep_12,13,0,0,No-Selected-Prefetch,4.0,0.0,128,10;11;12;13;14;15;16;17;18;19;20;21;22;23;24;25,,0,0,16
controlled-2017,controlled,hit_68.75,lead_4/rep_12,13,0,0,History-Last1,4.0,0.0,128,10;11;12;13;14;15;16;17;18;19;20;21;22;23;24;25,0;1;2;3;4;10;11;12;13;14;15;16;17;18;19;20,11,5,5
controlled-2018,controlled,hit_68.75,lead_4/rep_12,13,0,0,Oracle,4.0,0.0,128,10;11;12;13;14;15;16;17;18;19;20;21;22;23;24;25,10;11;12;13;14;15;16;17;18;19;20;21;22;23;24;25,16,0,0
controlled-2019,controlled,hit_68.75,lead_4/rep_13,14,0,0,No-Selected-Prefetch,4.0,0.0,128,10;11;12;13;14;15;16;17;18;19;20;21;22;23;24;25,,0,0,16
controlled-2020,controlled,hit_68.75,lead_4/rep_13,14,0,0,History-Last1,4.0,0.0,128,10;11;12;13;14;15;16;17;18;19;20;21;22;23;24;25,0;1;2;3;4;10;11;12;13;14;15;16;17;18;19;20,11,5,5
controlled-2021,controlled,hit_68.75,lead_4/rep_13,14,0,0,Oracle,4.0,0.0,128,10;11;12;13;14;15;16;17;18;19;20;21;22;23;24;25,10;11;12;13;14;15;16;17;18;19;20;21;22;23;24;25,16,0,0
controlled-2022,controlled,hit_68.75,lead_4/rep_14,15,0,0,No-Selected-Prefetch,4.0,0.0,128,10;11;12;13;14;15;16;17;18;19;20;21;22;23;24;25,,0,0,16
controlled-2023,controlled,hit_68.75,lead_4/rep_14,15,0,0,History-Last1,4.0,0.0,128,10;11;12;13;14;15;16;17;18;19;20;21;22;23;24;25,0;1;2;3;4;10;11;12;13;14;15;16;17;18;19;20,11,5,5
controlled-2024,controlled,hit_68.75,lead_4/rep_14,15,0,0,Oracle,4.0,0.0,128,10;11;12;13;14;15;16;17;18;19;20;21;22;23;24;25,10;11;12;13;14;15;16;17;18;19;20;21;22;23;24;25,16,0,0
controlled-2025,controlled,hit_68.75,lead_4/rep_15,16,0,0,No-Selected-Prefetch,4.0,0.0,128,10;11;12;13;14;15;16;17;18;19;20;21;22;23;24;25,,0,0,16
controlled-2026,controlled,hit_68.75,lead_4/rep_15,16,0,0,History-Last1,4.0,0.0,128,10;11;12;13;14;15;16;17;18;19;20;21;22;23;24;25,0;1;2;3;4;10;11;12;13;14;15;16;17;18;19;20,11,5,5
controlled-2027,controlled,hit_68.75,lead_4/rep_15,16,0,0,Oracle,4.0,0.0,128,10;11;12;13;14;15;16;17;18;19;20;21;22;23;24;25,10;11;12;13;14;15;16;17;18;19;20;21;22;23;24;25,16,0,0
controlled-2028,controlled,hit_68.75,lead_4/rep_16,17,0,0,No-Selected-Prefetch,4.0,0.0,128,10;11;12;13;14;15;16;17;18;19;20;21;22;23;24;25,,0,0,16
controlled-2029,controlled,hit_68.75,lead_4/rep_16,17,0,0,History-Last1,4.0,0.0,128,10;11;12;13;14;15;16;17;18;19;20;21;22;23;24;25,0;1;2;3;4;10;11;12;13;14;15;16;17;18;19;20,11,5,5
controlled-2030,controlled,hit_68.75,lead_4/rep_16,17,0,0,Oracle,4.0,0.0,128,10;11;12;13;14;15;16;17;18;19;20;21;22;23;24;25,10;11;12;13;14;15;16;17;18;19;20;21;22;23;24;25,16,0,0
controlled-2031,controlled,hit_68.75,lead_4/rep_17,18,0,0,No-Selected-Prefetch,4.0,0.0,128,10;11;12;13;14;15;16;17;18;19;20;21;22;23;24;25,,0,0,16
controlled-2032,controlled,hit_68.75,lead_4/rep_17,18,0,0,History-Last1,4.0,0.0,128,10;11;12;13;14;15;16;17;18;19;20;21;22;23;24;25,0;1;2;3;4;10;11;12;13;14;15;16;17;18;19;20,11,5,5
controlled-2033,controlled,hit_68.75,lead_4/rep_17,18,0,0,Oracle,4.0,0.0,128,10;11;12;13;14;15;16;17;18;19;20;21;22;23;24;25,10;11;12;13;14;15;16;17;18;19;20;21;22;23;24;25,16,0,0
controlled-2034,controlled,hit_68.75,lead_4/rep_18,19,0,0,No-Selected-Prefetch,4.0,0.0,128,10;11;12;13;14;15;16;17;18;19;20;21;22;23;24;25,,0,0,16
controlled-2035,controlled,hit_68.75,lead_4/rep_18,19,0,0,History-Last1,4.0,0.0,128,10;11;12;13;14;15;16;17;18;19;20;21;22;23;24;25,0;1;2;3;4;10;11;12;13;14;15;16;17;18;19;20,11,5,5
controlled-2036,controlled,hit_68.75,lead_4/rep_18,19,0,0,Oracle,4.0,0.0,128,10;11;12;13;14;15;16;17;18;19;20;21;22;23;24;25,10;11;12;13;14;15;16;17;18;19;20;21;22;23;24;25,16,0,0
controlled-2037,controlled,hit_68.75,lead_4/rep_19,20,0,0,No-Selected-Prefetch,4.0,0.0,128,10;11;12;13;14;15;16;17;18;19;20;21;22;23;24;25,,0,0,16
controlled-2038,controlled,hit_68.75,lead_4/rep_19,20,0,0,History-Last1,4.0,0.0,128,10;11;12;13;14;15;16;17;18;19;20;21;22;23;24;25,0;1;2;3;4;10;11;12;13;14;15;16;17;18;19;20,11,5,5
controlled-2039,controlled,hit_68.75,lead_4/rep_19,20,0,0,Oracle,4.0,0.0,128,10;11;12;13;14;15;16;17;18;19;20;21;22;23;24;25,10;11;12;13;14;15;16;17;18;19;20;21;22;23;24;25,16,0,0
controlled-2040,controlled,hit_68.75,lead_8/rep_0,1,0,0,No-Selected-Prefetch,8.0,0.0,128,10;11;12;13;14;15;16;17;18;19;20;21;22;23;24;25,,0,0,16
controlled-2041,controlled,hit_68.75,lead_8/rep_0,1,0,0,History-Last1,8.0,0.0,128,10;11;12;13;14;15;16;17;18;19;20;21;22;23;24;25,0;1;2;3;4;10;11;12;13;14;15;16;17;18;19;20,11,5,5
controlled-2042,controlled,hit_68.75,lead_8/rep_0,1,0,0,Oracle,8.0,0.0,128,10;11;12;13;14;15;16;17;18;19;20;21;22;23;24;25,10;11;12;13;14;15;16;17;18;19;20;21;22;23;24;25,16,0,0
controlled-2043,controlled,hit_68.75,lead_8/rep_1,2,0,0,No-Selected-Prefetch,8.0,0.0,128,10;11;12;13;14;15;16;17;18;19;20;21;22;23;24;25,,0,0,16
controlled-2044,controlled,hit_68.75,lead_8/rep_1,2,0,0,History-Last1,8.0,0.0,128,10;11;12;13;14;15;16;17;18;19;20;21;22;23;24;25,0;1;2;3;4;10;11;12;13;14;15;16;17;18;19;20,11,5,5
controlled-2045,controlled,hit_68.75,lead_8/rep_1,2,0,0,Oracle,8.0,0.0,128,10;11;12;13;14;15;16;17;18;19;20;21;22;23;24;25,10;11;12;13;14;15;16;17;18;19;20;21;22;23;24;25,16,0,0
controlled-2046,controlled,hit_68.75,lead_8/rep_2,3,0,0,No-Selected-Prefetch,8.0,0.0,128,10;11;12;13;14;15;16;17;18;19;20;21;22;23;24;25,,0,0,16
controlled-2047,controlled,hit_68.75,lead_8/rep_2,3,0,0,History-Last1,8.0,0.0,128,10;11;12;13;14;15;16;17;18;19;20;21;22;23;24;25,0;1;2;3;4;10;11;12;13;14;15;16;17;18;19;20,11,5,5
controlled-2048,controlled,hit_68.75,lead_8/rep_2,3,0,0,Oracle,8.0,0.0,128,10;11;12;13;14;15;16;17;18;19;20;21;22;23;24;25,10;11;12;13;14;15;16;17;18;19;20;21;22;23;24;25,16,0,0
controlled-2049,controlled,hit_68.75,lead_8/rep_3,4,0,0,No-Selected-Prefetch,8.0,0.0,128,10;11;12;13;14;15;16;17;18;19;20;21;22;23;24;25,,0,0,16
controlled-2050,controlled,hit_68.75,lead_8/rep_3,4,0,0,History-Last1,8.0,0.0,128,10;11;12;13;14;15;16;17;18;19;20;21;22;23;24;25,0;1;2;3;4;10;11;12;13;14;15;16;17;18;19;20,11,5,5
controlled-2051,controlled,hit_68.75,lead_8/rep_3,4,0,0,Oracle,8.0,0.0,128,10;11;12;13;14;15;16;17;18;19;20;21;22;23;24;25,10;11;12;13;14;15;16;17;18;19;20;21;22;23;24;25,16,0,0
controlled-2052,controlled,hit_68.75,lead_8/rep_4,5,0,0,No-Selected-Prefetch,8.0,0.0,128,10;11;12;13;14;15;16;17;18;19;20;21;22;23;24;25,,0,0,16
controlled-2053,controlled,hit_68.75,lead_8/rep_4,5,0,0,History-Last1,8.0,0.0,128,10;11;12;13;14;15;16;17;18;19;20;21;22;23;24;25,0;1;2;3;4;10;11;12;13;14;15;16;17;18;19;20,11,5,5
controlled-2054,controlled,hit_68.75,lead_8/rep_4,5,0,0,Oracle,8.0,0.0,128,10;11;12;13;14;15;16;17;18;19;20;21;22;23;24;25,10;11;12;13;14;15;16;17;18;19;20;21;22;23;24;25,16,0,0
controlled-2055,controlled,hit_68.75,lead_8/rep_5,6,0,0,No-Selected-Prefetch,8.0,0.0,128,10;11;12;13;14;15;16;17;18;19;20;21;22;23;24;25,,0,0,16
controlled-2056,controlled,hit_68.75,lead_8/rep_5,6,0,0,History-Last1,8.0,0.0,128,10;11;12;13;14;15;16;17;18;19;20;21;22;23;24;25,0;1;2;3;4;10;11;12;13;14;15;16;17;18;19;20,11,5,5
controlled-2057,controlled,hit_68.75,lead_8/rep_5,6,0,0,Oracle,8.0,0.0,128,10;11;12;13;14;15;16;17;18;19;20;21;22;23;24;25,10;11;12;13;14;15;16;17;18;19;20;21;22;23;24;25,16,0,0
controlled-2058,controlled,hit_68.75,lead_8/rep_6,7,0,0,No-Selected-Prefetch,8.0,0.0,128,10;11;12;13;14;15;16;17;18;19;20;21;22;23;24;25,,0,0,16
controlled-2059,controlled,hit_68.75,lead_8/rep_6,7,0,0,History-Last1,8.0,0.0,128,10;11;12;13;14;15;16;17;18;19;20;21;22;23;24;25,0;1;2;3;4;10;11;12;13;14;15;16;17;18;19;20,11,5,5
controlled-2060,controlled,hit_68.75,lead_8/rep_6,7,0,0,Oracle,8.0,0.0,128,10;11;12;13;14;15;16;17;18;19;20;21;22;23;24;25,10;11;12;13;14;15;16;17;18;19;20;21;22;23;24;25,16,0,0
controlled-2061,controlled,hit_68.75,lead_8/rep_7,8,0,0,No-Selected-Prefetch,8.0,0.0,128,10;11;12;13;14;15;16;17;18;19;20;21;22;23;24;25,,0,0,16
controlled-2062,controlled,hit_68.75,lead_8/rep_7,8,0,0,History-Last1,8.0,0.0,128,10;11;12;13;14;15;16;17;18;19;20;21;22;23;24;25,0;1;2;3;4;10;11;12;13;14;15;16;17;18;19;20,11,5,5
controlled-2063,controlled,hit_68.75,lead_8/rep_7,8,0,0,Oracle,8.0,0.0,128,10;11;12;13;14;15;16;17;18;19;20;21;22;23;24;25,10;11;12;13;14;15;16;17;18;19;20;21;22;23;24;25,16,0,0
controlled-2064,controlled,hit_68.75,lead_8/rep_8,9,0,0,No-Selected-Prefetch,8.0,0.0,128,10;11;12;13;14;15;16;17;18;19;20;21;22;23;24;25,,0,0,16
controlled-2065,controlled,hit_68.75,lead_8/rep_8,9,0,0,History-Last1,8.0,0.0,128,10;11;12;13;14;15;16;17;18;19;20;21;22;23;24;25,0;1;2;3;4;10;11;12;13;14;15;16;17;18;19;20,11,5,5
controlled-2066,controlled,hit_68.75,lead_8/rep_8,9,0,0,Oracle,8.0,0.0,128,10;11;12;13;14;15;16;17;18;19;20;21;22;23;24;25,10;11;12;13;14;15;16;17;18;19;20;21;22;23;24;25,16,0,0
controlled-2067,controlled,hit_68.75,lead_8/rep_9,10,0,0,No-Selected-Prefetch,8.0,0.0,128,10;11;12;13;14;15;16;17;18;19;20;21;22;23;24;25,,0,0,16
controlled-2068,controlled,hit_68.75,lead_8/rep_9,10,0,0,History-Last1,8.0,0.0,128,10;11;12;13;14;15;16;17;18;19;20;21;22;23;24;25,0;1;2;3;4;10;11;12;13;14;15;16;17;18;19;20,11,5,5
controlled-2069,controlled,hit_68.75,lead_8/rep_9,10,0,0,Oracle,8.0,0.0,128,10;11;12;13;14;15;16;17;18;19;20;21;22;23;24;25,10;11;12;13;14;15;16;17;18;19;20;21;22;23;24;25,16,0,0
controlled-2070,controlled,hit_68.75,lead_8/rep_10,11,0,0,No-Selected-Prefetch,8.0,0.0,128,10;11;12;13;14;15;16;17;18;19;20;21;22;23;24;25,,0,0,16
controlled-2071,controlled,hit_68.75,lead_8/rep_10,11,0,0,History-Last1,8.0,0.0,128,10;11;12;13;14;15;16;17;18;19;20;21;22;23;24;25,0;1;2;3;4;10;11;12;13;14;15;16;17;18;19;20,11,5,5
controlled-2072,controlled,hit_68.75,lead_8/rep_10,11,0,0,Oracle,8.0,0.0,128,10;11;12;13;14;15;16;17;18;19;20;21;22;23;24;25,10;11;12;13;14;15;16;17;18;19;20;21;22;23;24;25,16,0,0
controlled-2073,controlled,hit_68.75,lead_8/rep_11,12,0,0,No-Selected-Prefetch,8.0,0.0,128,10;11;12;13;14;15;16;17;18;19;20;21;22;23;24;25,,0,0,16
controlled-2074,controlled,hit_68.75,lead_8/rep_11,12,0,0,History-Last1,8.0,0.0,128,10;11;12;13;14;15;16;17;18;19;20;21;22;23;24;25,0;1;2;3;4;10;11;12;13;14;15;16;17;18;19;20,11,5,5
controlled-2075,controlled,hit_68.75,lead_8/rep_11,12,0,0,Oracle,8.0,0.0,128,10;11;12;13;14;15;16;17;18;19;20;21;22;23;24;25,10;11;12;13;14;15;16;17;18;19;20;21;22;23;24;25,16,0,0
controlled-2076,controlled,hit_68.75,lead_8/rep_12,13,0,0,No-Selected-Prefetch,8.0,0.0,128,10;11;12;13;14;15;16;17;18;19;20;21;22;23;24;25,,0,0,16
controlled-2077,controlled,hit_68.75,lead_8/rep_12,13,0,0,History-Last1,8.0,0.0,128,10;11;12;13;14;15;16;17;18;19;20;21;22;23;24;25,0;1;2;3;4;10;11;12;13;14;15;16;17;18;19;20,11,5,5
controlled-2078,controlled,hit_68.75,lead_8/rep_12,13,0,0,Oracle,8.0,0.0,128,10;11;12;13;14;15;16;17;18;19;20;21;22;23;24;25,10;11;12;13;14;15;16;17;18;19;20;21;22;23;24;25,16,0,0
controlled-2079,controlled,hit_68.75,lead_8/rep_13,14,0,0,No-Selected-Prefetch,8.0,0.0,128,10;11;12;13;14;15;16;17;18;19;20;21;22;23;24;25,,0,0,16
controlled-2080,controlled,hit_68.75,lead_8/rep_13,14,0,0,History-Last1,8.0,0.0,128,10;11;12;13;14;15;16;17;18;19;20;21;22;23;24;25,0;1;2;3;4;10;11;12;13;14;15;16;17;18;19;20,11,5,5
controlled-2081,controlled,hit_68.75,lead_8/rep_13,14,0,0,Oracle,8.0,0.0,128,10;11;12;13;14;15;16;17;18;19;20;21;22;23;24;25,10;11;12;13;14;15;16;17;18;19;20;21;22;23;24;25,16,0,0
controlled-2082,controlled,hit_68.75,lead_8/rep_14,15,0,0,No-Selected-Prefetch,8.0,0.0,128,10;11;12;13;14;15;16;17;18;19;20;21;22;23;24;25,,0,0,16
controlled-2083,controlled,hit_68.75,lead_8/rep_14,15,0,0,History-Last1,8.0,0.0,128,10;11;12;13;14;15;16;17;18;19;20;21;22;23;24;25,0;1;2;3;4;10;11;12;13;14;15;16;17;18;19;20,11,5,5
controlled-2084,controlled,hit_68.75,lead_8/rep_14,15,0,0,Oracle,8.0,0.0,128,10;11;12;13;14;15;16;17;18;19;20;21;22;23;24;25,10;11;12;13;14;15;16;17;18;19;20;21;22;23;24;25,16,0,0
controlled-2085,controlled,hit_68.75,lead_8/rep_15,16,0,0,No-Selected-Prefetch,8.0,0.0,128,10;11;12;13;14;15;16;17;18;19;20;21;22;23;24;25,,0,0,16
controlled-2086,controlled,hit_68.75,lead_8/rep_15,16,0,0,History-Last1,8.0,0.0,128,10;11;12;13;14;15;16;17;18;19;20;21;22;23;24;25,0;1;2;3;4;10;11;12;13;14;15;16;17;18;19;20,11,5,5
controlled-2087,controlled,hit_68.75,lead_8/rep_15,16,0,0,Oracle,8.0,0.0,128,10;11;12;13;14;15;16;17;18;19;20;21;22;23;24;25,10;11;12;13;14;15;16;17;18;19;20;21;22;23;24;25,16,0,0
controlled-2088,controlled,hit_68.75,lead_8/rep_16,17,0,0,No-Selected-Prefetch,8.0,0.0,128,10;11;12;13;14;15;16;17;18;19;20;21;22;23;24;25,,0,0,16
controlled-2089,controlled,hit_68.75,lead_8/rep_16,17,0,0,History-Last1,8.0,0.0,128,10;11;12;13;14;15;16;17;18;19;20;21;22;23;24;25,0;1;2;3;4;10;11;12;13;14;15;16;17;18;19;20,11,5,5
controlled-2090,controlled,hit_68.75,lead_8/rep_16,17,0,0,Oracle,8.0,0.0,128,10;11;12;13;14;15;16;17;18;19;20;21;22;23;24;25,10;11;12;13;14;15;16;17;18;19;20;21;22;23;24;25,16,0,0
controlled-2091,controlled,hit_68.75,lead_8/rep_17,18,0,0,No-Selected-Prefetch,8.0,0.0,128,10;11;12;13;14;15;16;17;18;19;20;21;22;23;24;25,,0,0,16
controlled-2092,controlled,hit_68.75,lead_8/rep_17,18,0,0,History-Last1,8.0,0.0,128,10;11;12;13;14;15;16;17;18;19;20;21;22;23;24;25,0;1;2;3;4;10;11;12;13;14;15;16;17;18;19;20,11,5,5
controlled-2093,controlled,hit_68.75,lead_8/rep_17,18,0,0,Oracle,8.0,0.0,128,10;11;12;13;14;15;16;17;18;19;20;21;22;23;24;25,10;11;12;13;14;15;16;17;18;19;20;21;22;23;24;25,16,0,0
controlled-2094,controlled,hit_68.75,lead_8/rep_18,19,0,0,No-Selected-Prefetch,8.0,0.0,128,10;11;12;13;14;15;16;17;18;19;20;21;22;23;24;25,,0,0,16
controlled-2095,controlled,hit_68.75,lead_8/rep_18,19,0,0,History-Last1,8.0,0.0,128,10;11;12;13;14;15;16;17;18;19;20;21;22;23;24;25,0;1;2;3;4;10;11;12;13;14;15;16;17;18;19;20,11,5,5
controlled-2096,controlled,hit_68.75,lead_8/rep_18,19,0,0,Oracle,8.0,0.0,128,10;11;12;13;14;15;16;17;18;19;20;21;22;23;24;25,10;11;12;13;14;15;16;17;18;19;20;21;22;23;24;25,16,0,0
controlled-2097,controlled,hit_68.75,lead_8/rep_19,20,0,0,No-Selected-Prefetch,8.0,0.0,128,10;11;12;13;14;15;16;17;18;19;20;21;22;23;24;25,,0,0,16
controlled-2098,controlled,hit_68.75,lead_8/rep_19,20,0,0,History-Last1,8.0,0.0,128,10;11;12;13;14;15;16;17;18;19;20;21;22;23;24;25,0;1;2;3;4;10;11;12;13;14;15;16;17;18;19;20,11,5,5
controlled-2099,controlled,hit_68.75,lead_8/rep_19,20,0,0,Oracle,8.0,0.0,128,10;11;12;13;14;15;16;17;18;19;20;21;22;23;24;25,10;11;12;13;14;15;16;17;18;19;20;21;22;23;24;25,16,0,0
controlled-2100,controlled,hit_75,lead_0/rep_0,1,0,0,No-Selected-Prefetch,0.0,0.0,128,10;11;12;13;14;15;16;17;18;19;20;21;22;23;24;25,,0,0,16
controlled-2101,controlled,hit_75,lead_0/rep_0,1,0,0,History-Last1,0.0,0.0,128,10;11;12;13;14;15;16;17;18;19;20;21;22;23;24;25,0;1;2;3;10;11;12;13;14;15;16;17;18;19;20;21,12,4,4
controlled-2102,controlled,hit_75,lead_0/rep_0,1,0,0,Oracle,0.0,0.0,128,10;11;12;13;14;15;16;17;18;19;20;21;22;23;24;25,10;11;12;13;14;15;16;17;18;19;20;21;22;23;24;25,16,0,0
controlled-2103,controlled,hit_75,lead_0/rep_1,2,0,0,No-Selected-Prefetch,0.0,0.0,128,10;11;12;13;14;15;16;17;18;19;20;21;22;23;24;25,,0,0,16
controlled-2104,controlled,hit_75,lead_0/rep_1,2,0,0,History-Last1,0.0,0.0,128,10;11;12;13;14;15;16;17;18;19;20;21;22;23;24;25,0;1;2;3;10;11;12;13;14;15;16;17;18;19;20;21,12,4,4
controlled-2105,controlled,hit_75,lead_0/rep_1,2,0,0,Oracle,0.0,0.0,128,10;11;12;13;14;15;16;17;18;19;20;21;22;23;24;25,10;11;12;13;14;15;16;17;18;19;20;21;22;23;24;25,16,0,0
controlled-2106,controlled,hit_75,lead_0/rep_2,3,0,0,No-Selected-Prefetch,0.0,0.0,128,10;11;12;13;14;15;16;17;18;19;20;21;22;23;24;25,,0,0,16
controlled-2107,controlled,hit_75,lead_0/rep_2,3,0,0,History-Last1,0.0,0.0,128,10;11;12;13;14;15;16;17;18;19;20;21;22;23;24;25,0;1;2;3;10;11;12;13;14;15;16;17;18;19;20;21,12,4,4
controlled-2108,controlled,hit_75,lead_0/rep_2,3,0,0,Oracle,0.0,0.0,128,10;11;12;13;14;15;16;17;18;19;20;21;22;23;24;25,10;11;12;13;14;15;16;17;18;19;20;21;22;23;24;25,16,0,0
controlled-2109,controlled,hit_75,lead_0/rep_3,4,0,0,No-Selected-Prefetch,0.0,0.0,128,10;11;12;13;14;15;16;17;18;19;20;21;22;23;24;25,,0,0,16
controlled-2110,controlled,hit_75,lead_0/rep_3,4,0,0,History-Last1,0.0,0.0,128,10;11;12;13;14;15;16;17;18;19;20;21;22;23;24;25,0;1;2;3;10;11;12;13;14;15;16;17;18;19;20;21,12,4,4
controlled-2111,controlled,hit_75,lead_0/rep_3,4,0,0,Oracle,0.0,0.0,128,10;11;12;13;14;15;16;17;18;19;20;21;22;23;24;25,10;11;12;13;14;15;16;17;18;19;20;21;22;23;24;25,16,0,0
controlled-2112,controlled,hit_75,lead_0/rep_4,5,0,0,No-Selected-Prefetch,0.0,0.0,128,10;11;12;13;14;15;16;17;18;19;20;21;22;23;24;25,,0,0,16
controlled-2113,controlled,hit_75,lead_0/rep_4,5,0,0,History-Last1,0.0,0.0,128,10;11;12;13;14;15;16;17;18;19;20;21;22;23;24;25,0;1;2;3;10;11;12;13;14;15;16;17;18;19;20;21,12,4,4
controlled-2114,controlled,hit_75,lead_0/rep_4,5,0,0,Oracle,0.0,0.0,128,10;11;12;13;14;15;16;17;18;19;20;21;22;23;24;25,10;11;12;13;14;15;16;17;18;19;20;21;22;23;24;25,16,0,0
controlled-2115,controlled,hit_75,lead_0/rep_5,6,0,0,No-Selected-Prefetch,0.0,0.0,128,10;11;12;13;14;15;16;17;18;19;20;21;22;23;24;25,,0,0,16
controlled-2116,controlled,hit_75,lead_0/rep_5,6,0,0,History-Last1,0.0,0.0,128,10;11;12;13;14;15;16;17;18;19;20;21;22;23;24;25,0;1;2;3;10;11;12;13;14;15;16;17;18;19;20;21,12,4,4
controlled-2117,controlled,hit_75,lead_0/rep_5,6,0,0,Oracle,0.0,0.0,128,10;11;12;13;14;15;16;17;18;19;20;21;22;23;24;25,10;11;12;13;14;15;16;17;18;19;20;21;22;23;24;25,16,0,0
controlled-2118,controlled,hit_75,lead_0/rep_6,7,0,0,No-Selected-Prefetch,0.0,0.0,128,10;11;12;13;14;15;16;17;18;19;20;21;22;23;24;25,,0,0,16
controlled-2119,controlled,hit_75,lead_0/rep_6,7,0,0,History-Last1,0.0,0.0,128,10;11;12;13;14;15;16;17;18;19;20;21;22;23;24;25,0;1;2;3;10;11;12;13;14;15;16;17;18;19;20;21,12,4,4
controlled-2120,controlled,hit_75,lead_0/rep_6,7,0,0,Oracle,0.0,0.0,128,10;11;12;13;14;15;16;17;18;19;20;21;22;23;24;25,10;11;12;13;14;15;16;17;18;19;20;21;22;23;24;25,16,0,0
controlled-2121,controlled,hit_75,lead_0/rep_7,8,0,0,No-Selected-Prefetch,0.0,0.0,128,10;11;12;13;14;15;16;17;18;19;20;21;22;23;24;25,,0,0,16
controlled-2122,controlled,hit_75,lead_0/rep_7,8,0,0,History-Last1,0.0,0.0,128,10;11;12;13;14;15;16;17;18;19;20;21;22;23;24;25,0;1;2;3;10;11;12;13;14;15;16;17;18;19;20;21,12,4,4
controlled-2123,controlled,hit_75,lead_0/rep_7,8,0,0,Oracle,0.0,0.0,128,10;11;12;13;14;15;16;17;18;19;20;21;22;23;24;25,10;11;12;13;14;15;16;17;18;19;20;21;22;23;24;25,16,0,0
controlled-2124,controlled,hit_75,lead_0/rep_8,9,0,0,No-Selected-Prefetch,0.0,0.0,128,10;11;12;13;14;15;16;17;18;19;20;21;22;23;24;25,,0,0,16
controlled-2125,controlled,hit_75,lead_0/rep_8,9,0,0,History-Last1,0.0,0.0,128,10;11;12;13;14;15;16;17;18;19;20;21;22;23;24;25,0;1;2;3;10;11;12;13;14;15;16;17;18;19;20;21,12,4,4
controlled-2126,controlled,hit_75,lead_0/rep_8,9,0,0,Oracle,0.0,0.0,128,10;11;12;13;14;15;16;17;18;19;20;21;22;23;24;25,10;11;12;13;14;15;16;17;18;19;20;21;22;23;24;25,16,0,0
controlled-2127,controlled,hit_75,lead_0/rep_9,10,0,0,No-Selected-Prefetch,0.0,0.0,128,10;11;12;13;14;15;16;17;18;19;20;21;22;23;24;25,,0,0,16
controlled-2128,controlled,hit_75,lead_0/rep_9,10,0,0,History-Last1,0.0,0.0,128,10;11;12;13;14;15;16;17;18;19;20;21;22;23;24;25,0;1;2;3;10;11;12;13;14;15;16;17;18;19;20;21,12,4,4
controlled-2129,controlled,hit_75,lead_0/rep_9,10,0,0,Oracle,0.0,0.0,128,10;11;12;13;14;15;16;17;18;19;20;21;22;23;24;25,10;11;12;13;14;15;16;17;18;19;20;21;22;23;24;25,16,0,0
controlled-2130,controlled,hit_75,lead_0/rep_10,11,0,0,No-Selected-Prefetch,0.0,0.0,128,10;11;12;13;14;15;16;17;18;19;20;21;22;23;24;25,,0,0,16
controlled-2131,controlled,hit_75,lead_0/rep_10,11,0,0,History-Last1,0.0,0.0,128,10;11;12;13;14;15;16;17;18;19;20;21;22;23;24;25,0;1;2;3;10;11;12;13;14;15;16;17;18;19;20;21,12,4,4
controlled-2132,controlled,hit_75,lead_0/rep_10,11,0,0,Oracle,0.0,0.0,128,10;11;12;13;14;15;16;17;18;19;20;21;22;23;24;25,10;11;12;13;14;15;16;17;18;19;20;21;22;23;24;25,16,0,0
controlled-2133,controlled,hit_75,lead_0/rep_11,12,0,0,No-Selected-Prefetch,0.0,0.0,128,10;11;12;13;14;15;16;17;18;19;20;21;22;23;24;25,,0,0,16
controlled-2134,controlled,hit_75,lead_0/rep_11,12,0,0,History-Last1,0.0,0.0,128,10;11;12;13;14;15;16;17;18;19;20;21;22;23;24;25,0;1;2;3;10;11;12;13;14;15;16;17;18;19;20;21,12,4,4
controlled-2135,controlled,hit_75,lead_0/rep_11,12,0,0,Oracle,0.0,0.0,128,10;11;12;13;14;15;16;17;18;19;20;21;22;23;24;25,10;11;12;13;14;15;16;17;18;19;20;21;22;23;24;25,16,0,0
controlled-2136,controlled,hit_75,lead_0/rep_12,13,0,0,No-Selected-Prefetch,0.0,0.0,128,10;11;12;13;14;15;16;17;18;19;20;21;22;23;24;25,,0,0,16
controlled-2137,controlled,hit_75,lead_0/rep_12,13,0,0,History-Last1,0.0,0.0,128,10;11;12;13;14;15;16;17;18;19;20;21;22;23;24;25,0;1;2;3;10;11;12;13;14;15;16;17;18;19;20;21,12,4,4
controlled-2138,controlled,hit_75,lead_0/rep_12,13,0,0,Oracle,0.0,0.0,128,10;11;12;13;14;15;16;17;18;19;20;21;22;23;24;25,10;11;12;13;14;15;16;17;18;19;20;21;22;23;24;25,16,0,0
controlled-2139,controlled,hit_75,lead_0/rep_13,14,0,0,No-Selected-Prefetch,0.0,0.0,128,10;11;12;13;14;15;16;17;18;19;20;21;22;23;24;25,,0,0,16
controlled-2140,controlled,hit_75,lead_0/rep_13,14,0,0,History-Last1,0.0,0.0,128,10;11;12;13;14;15;16;17;18;19;20;21;22;23;24;25,0;1;2;3;10;11;12;13;14;15;16;17;18;19;20;21,12,4,4
controlled-2141,controlled,hit_75,lead_0/rep_13,14,0,0,Oracle,0.0,0.0,128,10;11;12;13;14;15;16;17;18;19;20;21;22;23;24;25,10;11;12;13;14;15;16;17;18;19;20;21;22;23;24;25,16,0,0
controlled-2142,controlled,hit_75,lead_0/rep_14,15,0,0,No-Selected-Prefetch,0.0,0.0,128,10;11;12;13;14;15;16;17;18;19;20;21;22;23;24;25,,0,0,16
controlled-2143,controlled,hit_75,lead_0/rep_14,15,0,0,History-Last1,0.0,0.0,128,10;11;12;13;14;15;16;17;18;19;20;21;22;23;24;25,0;1;2;3;10;11;12;13;14;15;16;17;18;19;20;21,12,4,4
controlled-2144,controlled,hit_75,lead_0/rep_14,15,0,0,Oracle,0.0,0.0,128,10;11;12;13;14;15;16;17;18;19;20;21;22;23;24;25,10;11;12;13;14;15;16;17;18;19;20;21;22;23;24;25,16,0,0
controlled-2145,controlled,hit_75,lead_0/rep_15,16,0,0,No-Selected-Prefetch,0.0,0.0,128,10;11;12;13;14;15;16;17;18;19;20;21;22;23;24;25,,0,0,16
controlled-2146,controlled,hit_75,lead_0/rep_15,16,0,0,History-Last1,0.0,0.0,128,10;11;12;13;14;15;16;17;18;19;20;21;22;23;24;25,0;1;2;3;10;11;12;13;14;15;16;17;18;19;20;21,12,4,4
controlled-2147,controlled,hit_75,lead_0/rep_15,16,0,0,Oracle,0.0,0.0,128,10;11;12;13;14;15;16;17;18;19;20;21;22;23;24;25,10;11;12;13;14;15;16;17;18;19;20;21;22;23;24;25,16,0,0
controlled-2148,controlled,hit_75,lead_0/rep_16,17,0,0,No-Selected-Prefetch,0.0,0.0,128,10;11;12;13;14;15;16;17;18;19;20;21;22;23;24;25,,0,0,16
controlled-2149,controlled,hit_75,lead_0/rep_16,17,0,0,History-Last1,0.0,0.0,128,10;11;12;13;14;15;16;17;18;19;20;21;22;23;24;25,0;1;2;3;10;11;12;13;14;15;16;17;18;19;20;21,12,4,4
controlled-2150,controlled,hit_75,lead_0/rep_16,17,0,0,Oracle,0.0,0.0,128,10;11;12;13;14;15;16;17;18;19;20;21;22;23;24;25,10;11;12;13;14;15;16;17;18;19;20;21;22;23;24;25,16,0,0
controlled-2151,controlled,hit_75,lead_0/rep_17,18,0,0,No-Selected-Prefetch,0.0,0.0,128,10;11;12;13;14;15;16;17;18;19;20;21;22;23;24;25,,0,0,16
controlled-2152,controlled,hit_75,lead_0/rep_17,18,0,0,History-Last1,0.0,0.0,128,10;11;12;13;14;15;16;17;18;19;20;21;22;23;24;25,0;1;2;3;10;11;12;13;14;15;16;17;18;19;20;21,12,4,4
controlled-2153,controlled,hit_75,lead_0/rep_17,18,0,0,Oracle,0.0,0.0,128,10;11;12;13;14;15;16;17;18;19;20;21;22;23;24;25,10;11;12;13;14;15;16;17;18;19;20;21;22;23;24;25,16,0,0
controlled-2154,controlled,hit_75,lead_0/rep_18,19,0,0,No-Selected-Prefetch,0.0,0.0,128,10;11;12;13;14;15;16;17;18;19;20;21;22;23;24;25,,0,0,16
controlled-2155,controlled,hit_75,lead_0/rep_18,19,0,0,History-Last1,0.0,0.0,128,10;11;12;13;14;15;16;17;18;19;20;21;22;23;24;25,0;1;2;3;10;11;12;13;14;15;16;17;18;19;20;21,12,4,4
controlled-2156,controlled,hit_75,lead_0/rep_18,19,0,0,Oracle,0.0,0.0,128,10;11;12;13;14;15;16;17;18;19;20;21;22;23;24;25,10;11;12;13;14;15;16;17;18;19;20;21;22;23;24;25,16,0,0
controlled-2157,controlled,hit_75,lead_0/rep_19,20,0,0,No-Selected-Prefetch,0.0,0.0,128,10;11;12;13;14;15;16;17;18;19;20;21;22;23;24;25,,0,0,16
controlled-2158,controlled,hit_75,lead_0/rep_19,20,0,0,History-Last1,0.0,0.0,128,10;11;12;13;14;15;16;17;18;19;20;21;22;23;24;25,0;1;2;3;10;11;12;13;14;15;16;17;18;19;20;21,12,4,4
controlled-2159,controlled,hit_75,lead_0/rep_19,20,0,0,Oracle,0.0,0.0,128,10;11;12;13;14;15;16;17;18;19;20;21;22;23;24;25,10;11;12;13;14;15;16;17;18;19;20;21;22;23;24;25,16,0,0
controlled-2160,controlled,hit_75,lead_0.25/rep_0,1,0,0,No-Selected-Prefetch,0.25,0.0,128,10;11;12;13;14;15;16;17;18;19;20;21;22;23;24;25,,0,0,16
controlled-2161,controlled,hit_75,lead_0.25/rep_0,1,0,0,History-Last1,0.25,0.0,128,10;11;12;13;14;15;16;17;18;19;20;21;22;23;24;25,0;1;2;3;10;11;12;13;14;15;16;17;18;19;20;21,12,4,4
controlled-2162,controlled,hit_75,lead_0.25/rep_0,1,0,0,Oracle,0.25,0.0,128,10;11;12;13;14;15;16;17;18;19;20;21;22;23;24;25,10;11;12;13;14;15;16;17;18;19;20;21;22;23;24;25,16,0,0
controlled-2163,controlled,hit_75,lead_0.25/rep_1,2,0,0,No-Selected-Prefetch,0.25,0.0,128,10;11;12;13;14;15;16;17;18;19;20;21;22;23;24;25,,0,0,16
controlled-2164,controlled,hit_75,lead_0.25/rep_1,2,0,0,History-Last1,0.25,0.0,128,10;11;12;13;14;15;16;17;18;19;20;21;22;23;24;25,0;1;2;3;10;11;12;13;14;15;16;17;18;19;20;21,12,4,4
controlled-2165,controlled,hit_75,lead_0.25/rep_1,2,0,0,Oracle,0.25,0.0,128,10;11;12;13;14;15;16;17;18;19;20;21;22;23;24;25,10;11;12;13;14;15;16;17;18;19;20;21;22;23;24;25,16,0,0
controlled-2166,controlled,hit_75,lead_0.25/rep_2,3,0,0,No-Selected-Prefetch,0.25,0.0,128,10;11;12;13;14;15;16;17;18;19;20;21;22;23;24;25,,0,0,16
controlled-2167,controlled,hit_75,lead_0.25/rep_2,3,0,0,History-Last1,0.25,0.0,128,10;11;12;13;14;15;16;17;18;19;20;21;22;23;24;25,0;1;2;3;10;11;12;13;14;15;16;17;18;19;20;21,12,4,4
controlled-2168,controlled,hit_75,lead_0.25/rep_2,3,0,0,Oracle,0.25,0.0,128,10;11;12;13;14;15;16;17;18;19;20;21;22;23;24;25,10;11;12;13;14;15;16;17;18;19;20;21;22;23;24;25,16,0,0
controlled-2169,controlled,hit_75,lead_0.25/rep_3,4,0,0,No-Selected-Prefetch,0.25,0.0,128,10;11;12;13;14;15;16;17;18;19;20;21;22;23;24;25,,0,0,16
controlled-2170,controlled,hit_75,lead_0.25/rep_3,4,0,0,History-Last1,0.25,0.0,128,10;11;12;13;14;15;16;17;18;19;20;21;22;23;24;25,0;1;2;3;10;11;12;13;14;15;16;17;18;19;20;21,12,4,4
controlled-2171,controlled,hit_75,lead_0.25/rep_3,4,0,0,Oracle,0.25,0.0,128,10;11;12;13;14;15;16;17;18;19;20;21;22;23;24;25,10;11;12;13;14;15;16;17;18;19;20;21;22;23;24;25,16,0,0
controlled-2172,controlled,hit_75,lead_0.25/rep_4,5,0,0,No-Selected-Prefetch,0.25,0.0,128,10;11;12;13;14;15;16;17;18;19;20;21;22;23;24;25,,0,0,16
controlled-2173,controlled,hit_75,lead_0.25/rep_4,5,0,0,History-Last1,0.25,0.0,128,10;11;12;13;14;15;16;17;18;19;20;21;22;23;24;25,0;1;2;3;10;11;12;13;14;15;16;17;18;19;20;21,12,4,4
controlled-2174,controlled,hit_75,lead_0.25/rep_4,5,0,0,Oracle,0.25,0.0,128,10;11;12;13;14;15;16;17;18;19;20;21;22;23;24;25,10;11;12;13;14;15;16;17;18;19;20;21;22;23;24;25,16,0,0
controlled-2175,controlled,hit_75,lead_0.25/rep_5,6,0,0,No-Selected-Prefetch,0.25,0.0,128,10;11;12;13;14;15;16;17;18;19;20;21;22;23;24;25,,0,0,16
controlled-2176,controlled,hit_75,lead_0.25/rep_5,6,0,0,History-Last1,0.25,0.0,128,10;11;12;13;14;15;16;17;18;19;20;21;22;23;24;25,0;1;2;3;10;11;12;13;14;15;16;17;18;19;20;21,12,4,4
controlled-2177,controlled,hit_75,lead_0.25/rep_5,6,0,0,Oracle,0.25,0.0,128,10;11;12;13;14;15;16;17;18;19;20;21;22;23;24;25,10;11;12;13;14;15;16;17;18;19;20;21;22;23;24;25,16,0,0
controlled-2178,controlled,hit_75,lead_0.25/rep_6,7,0,0,No-Selected-Prefetch,0.25,0.0,128,10;11;12;13;14;15;16;17;18;19;20;21;22;23;24;25,,0,0,16
controlled-2179,controlled,hit_75,lead_0.25/rep_6,7,0,0,History-Last1,0.25,0.0,128,10;11;12;13;14;15;16;17;18;19;20;21;22;23;24;25,0;1;2;3;10;11;12;13;14;15;16;17;18;19;20;21,12,4,4
controlled-2180,controlled,hit_75,lead_0.25/rep_6,7,0,0,Oracle,0.25,0.0,128,10;11;12;13;14;15;16;17;18;19;20;21;22;23;24;25,10;11;12;13;14;15;16;17;18;19;20;21;22;23;24;25,16,0,0
controlled-2181,controlled,hit_75,lead_0.25/rep_7,8,0,0,No-Selected-Prefetch,0.25,0.0,128,10;11;12;13;14;15;16;17;18;19;20;21;22;23;24;25,,0,0,16
controlled-2182,controlled,hit_75,lead_0.25/rep_7,8,0,0,History-Last1,0.25,0.0,128,10;11;12;13;14;15;16;17;18;19;20;21;22;23;24;25,0;1;2;3;10;11;12;13;14;15;16;17;18;19;20;21,12,4,4
controlled-2183,controlled,hit_75,lead_0.25/rep_7,8,0,0,Oracle,0.25,0.0,128,10;11;12;13;14;15;16;17;18;19;20;21;22;23;24;25,10;11;12;13;14;15;16;17;18;19;20;21;22;23;24;25,16,0,0
controlled-2184,controlled,hit_75,lead_0.25/rep_8,9,0,0,No-Selected-Prefetch,0.25,0.0,128,10;11;12;13;14;15;16;17;18;19;20;21;22;23;24;25,,0,0,16
controlled-2185,controlled,hit_75,lead_0.25/rep_8,9,0,0,History-Last1,0.25,0.0,128,10;11;12;13;14;15;16;17;18;19;20;21;22;23;24;25,0;1;2;3;10;11;12;13;14;15;16;17;18;19;20;21,12,4,4
controlled-2186,controlled,hit_75,lead_0.25/rep_8,9,0,0,Oracle,0.25,0.0,128,10;11;12;13;14;15;16;17;18;19;20;21;22;23;24;25,10;11;12;13;14;15;16;17;18;19;20;21;22;23;24;25,16,0,0
controlled-2187,controlled,hit_75,lead_0.25/rep_9,10,0,0,No-Selected-Prefetch,0.25,0.0,128,10;11;12;13;14;15;16;17;18;19;20;21;22;23;24;25,,0,0,16
controlled-2188,controlled,hit_75,lead_0.25/rep_9,10,0,0,History-Last1,0.25,0.0,128,10;11;12;13;14;15;16;17;18;19;20;21;22;23;24;25,0;1;2;3;10;11;12;13;14;15;16;17;18;19;20;21,12,4,4
controlled-2189,controlled,hit_75,lead_0.25/rep_9,10,0,0,Oracle,0.25,0.0,128,10;11;12;13;14;15;16;17;18;19;20;21;22;23;24;25,10;11;12;13;14;15;16;17;18;19;20;21;22;23;24;25,16,0,0
controlled-2190,controlled,hit_75,lead_0.25/rep_10,11,0,0,No-Selected-Prefetch,0.25,0.0,128,10;11;12;13;14;15;16;17;18;19;20;21;22;23;24;25,,0,0,16
controlled-2191,controlled,hit_75,lead_0.25/rep_10,11,0,0,History-Last1,0.25,0.0,128,10;11;12;13;14;15;16;17;18;19;20;21;22;23;24;25,0;1;2;3;10;11;12;13;14;15;16;17;18;19;20;21,12,4,4
controlled-2192,controlled,hit_75,lead_0.25/rep_10,11,0,0,Oracle,0.25,0.0,128,10;11;12;13;14;15;16;17;18;19;20;21;22;23;24;25,10;11;12;13;14;15;16;17;18;19;20;21;22;23;24;25,16,0,0
controlled-2193,controlled,hit_75,lead_0.25/rep_11,12,0,0,No-Selected-Prefetch,0.25,0.0,128,10;11;12;13;14;15;16;17;18;19;20;21;22;23;24;25,,0,0,16
controlled-2194,controlled,hit_75,lead_0.25/rep_11,12,0,0,History-Last1,0.25,0.0,128,10;11;12;13;14;15;16;17;18;19;20;21;22;23;24;25,0;1;2;3;10;11;12;13;14;15;16;17;18;19;20;21,12,4,4
controlled-2195,controlled,hit_75,lead_0.25/rep_11,12,0,0,Oracle,0.25,0.0,128,10;11;12;13;14;15;16;17;18;19;20;21;22;23;24;25,10;11;12;13;14;15;16;17;18;19;20;21;22;23;24;25,16,0,0
controlled-2196,controlled,hit_75,lead_0.25/rep_12,13,0,0,No-Selected-Prefetch,0.25,0.0,128,10;11;12;13;14;15;16;17;18;19;20;21;22;23;24;25,,0,0,16
controlled-2197,controlled,hit_75,lead_0.25/rep_12,13,0,0,History-Last1,0.25,0.0,128,10;11;12;13;14;15;16;17;18;19;20;21;22;23;24;25,0;1;2;3;10;11;12;13;14;15;16;17;18;19;20;21,12,4,4
controlled-2198,controlled,hit_75,lead_0.25/rep_12,13,0,0,Oracle,0.25,0.0,128,10;11;12;13;14;15;16;17;18;19;20;21;22;23;24;25,10;11;12;13;14;15;16;17;18;19;20;21;22;23;24;25,16,0,0
controlled-2199,controlled,hit_75,lead_0.25/rep_13,14,0,0,No-Selected-Prefetch,0.25,0.0,128,10;11;12;13;14;15;16;17;18;19;20;21;22;23;24;25,,0,0,16
controlled-2200,controlled,hit_75,lead_0.25/rep_13,14,0,0,History-Last1,0.25,0.0,128,10;11;12;13;14;15;16;17;18;19;20;21;22;23;24;25,0;1;2;3;10;11;12;13;14;15;16;17;18;19;20;21,12,4,4
controlled-2201,controlled,hit_75,lead_0.25/rep_13,14,0,0,Oracle,0.25,0.0,128,10;11;12;13;14;15;16;17;18;19;20;21;22;23;24;25,10;11;12;13;14;15;16;17;18;19;20;21;22;23;24;25,16,0,0
controlled-2202,controlled,hit_75,lead_0.25/rep_14,15,0,0,No-Selected-Prefetch,0.25,0.0,128,10;11;12;13;14;15;16;17;18;19;20;21;22;23;24;25,,0,0,16
controlled-2203,controlled,hit_75,lead_0.25/rep_14,15,0,0,History-Last1,0.25,0.0,128,10;11;12;13;14;15;16;17;18;19;20;21;22;23;24;25,0;1;2;3;10;11;12;13;14;15;16;17;18;19;20;21,12,4,4
controlled-2204,controlled,hit_75,lead_0.25/rep_14,15,0,0,Oracle,0.25,0.0,128,10;11;12;13;14;15;16;17;18;19;20;21;22;23;24;25,10;11;12;13;14;15;16;17;18;19;20;21;22;23;24;25,16,0,0
controlled-2205,controlled,hit_75,lead_0.25/rep_15,16,0,0,No-Selected-Prefetch,0.25,0.0,128,10;11;12;13;14;15;16;17;18;19;20;21;22;23;24;25,,0,0,16
controlled-2206,controlled,hit_75,lead_0.25/rep_15,16,0,0,History-Last1,0.25,0.0,128,10;11;12;13;14;15;16;17;18;19;20;21;22;23;24;25,0;1;2;3;10;11;12;13;14;15;16;17;18;19;20;21,12,4,4
controlled-2207,controlled,hit_75,lead_0.25/rep_15,16,0,0,Oracle,0.25,0.0,128,10;11;12;13;14;15;16;17;18;19;20;21;22;23;24;25,10;11;12;13;14;15;16;17;18;19;20;21;22;23;24;25,16,0,0
controlled-2208,controlled,hit_75,lead_0.25/rep_16,17,0,0,No-Selected-Prefetch,0.25,0.0,128,10;11;12;13;14;15;16;17;18;19;20;21;22;23;24;25,,0,0,16
controlled-2209,controlled,hit_75,lead_0.25/rep_16,17,0,0,History-Last1,0.25,0.0,128,10;11;12;13;14;15;16;17;18;19;20;21;22;23;24;25,0;1;2;3;10;11;12;13;14;15;16;17;18;19;20;21,12,4,4
controlled-2210,controlled,hit_75,lead_0.25/rep_16,17,0,0,Oracle,0.25,0.0,128,10;11;12;13;14;15;16;17;18;19;20;21;22;23;24;25,10;11;12;13;14;15;16;17;18;19;20;21;22;23;24;25,16,0,0
controlled-2211,controlled,hit_75,lead_0.25/rep_17,18,0,0,No-Selected-Prefetch,0.25,0.0,128,10;11;12;13;14;15;16;17;18;19;20;21;22;23;24;25,,0,0,16
controlled-2212,controlled,hit_75,lead_0.25/rep_17,18,0,0,History-Last1,0.25,0.0,128,10;11;12;13;14;15;16;17;18;19;20;21;22;23;24;25,0;1;2;3;10;11;12;13;14;15;16;17;18;19;20;21,12,4,4
controlled-2213,controlled,hit_75,lead_0.25/rep_17,18,0,0,Oracle,0.25,0.0,128,10;11;12;13;14;15;16;17;18;19;20;21;22;23;24;25,10;11;12;13;14;15;16;17;18;19;20;21;22;23;24;25,16,0,0
controlled-2214,controlled,hit_75,lead_0.25/rep_18,19,0,0,No-Selected-Prefetch,0.25,0.0,128,10;11;12;13;14;15;16;17;18;19;20;21;22;23;24;25,,0,0,16
controlled-2215,controlled,hit_75,lead_0.25/rep_18,19,0,0,History-Last1,0.25,0.0,128,10;11;12;13;14;15;16;17;18;19;20;21;22;23;24;25,0;1;2;3;10;11;12;13;14;15;16;17;18;19;20;21,12,4,4
controlled-2216,controlled,hit_75,lead_0.25/rep_18,19,0,0,Oracle,0.25,0.0,128,10;11;12;13;14;15;16;17;18;19;20;21;22;23;24;25,10;11;12;13;14;15;16;17;18;19;20;21;22;23;24;25,16,0,0
controlled-2217,controlled,hit_75,lead_0.25/rep_19,20,0,0,No-Selected-Prefetch,0.25,0.0,128,10;11;12;13;14;15;16;17;18;19;20;21;22;23;24;25,,0,0,16
controlled-2218,controlled,hit_75,lead_0.25/rep_19,20,0,0,History-Last1,0.25,0.0,128,10;11;12;13;14;15;16;17;18;19;20;21;22;23;24;25,0;1;2;3;10;11;12;13;14;15;16;17;18;19;20;21,12,4,4
controlled-2219,controlled,hit_75,lead_0.25/rep_19,20,0,0,Oracle,0.25,0.0,128,10;11;12;13;14;15;16;17;18;19;20;21;22;23;24;25,10;11;12;13;14;15;16;17;18;19;20;21;22;23;24;25,16,0,0
controlled-2220,controlled,hit_75,lead_0.5/rep_0,1,0,0,No-Selected-Prefetch,0.5,0.0,128,10;11;12;13;14;15;16;17;18;19;20;21;22;23;24;25,,0,0,16
controlled-2221,controlled,hit_75,lead_0.5/rep_0,1,0,0,History-Last1,0.5,0.0,128,10;11;12;13;14;15;16;17;18;19;20;21;22;23;24;25,0;1;2;3;10;11;12;13;14;15;16;17;18;19;20;21,12,4,4
controlled-2222,controlled,hit_75,lead_0.5/rep_0,1,0,0,Oracle,0.5,0.0,128,10;11;12;13;14;15;16;17;18;19;20;21;22;23;24;25,10;11;12;13;14;15;16;17;18;19;20;21;22;23;24;25,16,0,0
controlled-2223,controlled,hit_75,lead_0.5/rep_1,2,0,0,No-Selected-Prefetch,0.5,0.0,128,10;11;12;13;14;15;16;17;18;19;20;21;22;23;24;25,,0,0,16
controlled-2224,controlled,hit_75,lead_0.5/rep_1,2,0,0,History-Last1,0.5,0.0,128,10;11;12;13;14;15;16;17;18;19;20;21;22;23;24;25,0;1;2;3;10;11;12;13;14;15;16;17;18;19;20;21,12,4,4
controlled-2225,controlled,hit_75,lead_0.5/rep_1,2,0,0,Oracle,0.5,0.0,128,10;11;12;13;14;15;16;17;18;19;20;21;22;23;24;25,10;11;12;13;14;15;16;17;18;19;20;21;22;23;24;25,16,0,0
controlled-2226,controlled,hit_75,lead_0.5/rep_2,3,0,0,No-Selected-Prefetch,0.5,0.0,128,10;11;12;13;14;15;16;17;18;19;20;21;22;23;24;25,,0,0,16
controlled-2227,controlled,hit_75,lead_0.5/rep_2,3,0,0,History-Last1,0.5,0.0,128,10;11;12;13;14;15;16;17;18;19;20;21;22;23;24;25,0;1;2;3;10;11;12;13;14;15;16;17;18;19;20;21,12,4,4
controlled-2228,controlled,hit_75,lead_0.5/rep_2,3,0,0,Oracle,0.5,0.0,128,10;11;12;13;14;15;16;17;18;19;20;21;22;23;24;25,10;11;12;13;14;15;16;17;18;19;20;21;22;23;24;25,16,0,0
controlled-2229,controlled,hit_75,lead_0.5/rep_3,4,0,0,No-Selected-Prefetch,0.5,0.0,128,10;11;12;13;14;15;16;17;18;19;20;21;22;23;24;25,,0,0,16
controlled-2230,controlled,hit_75,lead_0.5/rep_3,4,0,0,History-Last1,0.5,0.0,128,10;11;12;13;14;15;16;17;18;19;20;21;22;23;24;25,0;1;2;3;10;11;12;13;14;15;16;17;18;19;20;21,12,4,4
controlled-2231,controlled,hit_75,lead_0.5/rep_3,4,0,0,Oracle,0.5,0.0,128,10;11;12;13;14;15;16;17;18;19;20;21;22;23;24;25,10;11;12;13;14;15;16;17;18;19;20;21;22;23;24;25,16,0,0
controlled-2232,controlled,hit_75,lead_0.5/rep_4,5,0,0,No-Selected-Prefetch,0.5,0.0,128,10;11;12;13;14;15;16;17;18;19;20;21;22;23;24;25,,0,0,16
controlled-2233,controlled,hit_75,lead_0.5/rep_4,5,0,0,History-Last1,0.5,0.0,128,10;11;12;13;14;15;16;17;18;19;20;21;22;23;24;25,0;1;2;3;10;11;12;13;14;15;16;17;18;19;20;21,12,4,4
controlled-2234,controlled,hit_75,lead_0.5/rep_4,5,0,0,Oracle,0.5,0.0,128,10;11;12;13;14;15;16;17;18;19;20;21;22;23;24;25,10;11;12;13;14;15;16;17;18;19;20;21;22;23;24;25,16,0,0
controlled-2235,controlled,hit_75,lead_0.5/rep_5,6,0,0,No-Selected-Prefetch,0.5,0.0,128,10;11;12;13;14;15;16;17;18;19;20;21;22;23;24;25,,0,0,16
controlled-2236,controlled,hit_75,lead_0.5/rep_5,6,0,0,History-Last1,0.5,0.0,128,10;11;12;13;14;15;16;17;18;19;20;21;22;23;24;25,0;1;2;3;10;11;12;13;14;15;16;17;18;19;20;21,12,4,4
controlled-2237,controlled,hit_75,lead_0.5/rep_5,6,0,0,Oracle,0.5,0.0,128,10;11;12;13;14;15;16;17;18;19;20;21;22;23;24;25,10;11;12;13;14;15;16;17;18;19;20;21;22;23;24;25,16,0,0
controlled-2238,controlled,hit_75,lead_0.5/rep_6,7,0,0,No-Selected-Prefetch,0.5,0.0,128,10;11;12;13;14;15;16;17;18;19;20;21;22;23;24;25,,0,0,16
controlled-2239,controlled,hit_75,lead_0.5/rep_6,7,0,0,History-Last1,0.5,0.0,128,10;11;12;13;14;15;16;17;18;19;20;21;22;23;24;25,0;1;2;3;10;11;12;13;14;15;16;17;18;19;20;21,12,4,4
controlled-2240,controlled,hit_75,lead_0.5/rep_6,7,0,0,Oracle,0.5,0.0,128,10;11;12;13;14;15;16;17;18;19;20;21;22;23;24;25,10;11;12;13;14;15;16;17;18;19;20;21;22;23;24;25,16,0,0
controlled-2241,controlled,hit_75,lead_0.5/rep_7,8,0,0,No-Selected-Prefetch,0.5,0.0,128,10;11;12;13;14;15;16;17;18;19;20;21;22;23;24;25,,0,0,16
controlled-2242,controlled,hit_75,lead_0.5/rep_7,8,0,0,History-Last1,0.5,0.0,128,10;11;12;13;14;15;16;17;18;19;20;21;22;23;24;25,0;1;2;3;10;11;12;13;14;15;16;17;18;19;20;21,12,4,4
controlled-2243,controlled,hit_75,lead_0.5/rep_7,8,0,0,Oracle,0.5,0.0,128,10;11;12;13;14;15;16;17;18;19;20;21;22;23;24;25,10;11;12;13;14;15;16;17;18;19;20;21;22;23;24;25,16,0,0
controlled-2244,controlled,hit_75,lead_0.5/rep_8,9,0,0,No-Selected-Prefetch,0.5,0.0,128,10;11;12;13;14;15;16;17;18;19;20;21;22;23;24;25,,0,0,16
controlled-2245,controlled,hit_75,lead_0.5/rep_8,9,0,0,History-Last1,0.5,0.0,128,10;11;12;13;14;15;16;17;18;19;20;21;22;23;24;25,0;1;2;3;10;11;12;13;14;15;16;17;18;19;20;21,12,4,4
controlled-2246,controlled,hit_75,lead_0.5/rep_8,9,0,0,Oracle,0.5,0.0,128,10;11;12;13;14;15;16;17;18;19;20;21;22;23;24;25,10;11;12;13;14;15;16;17;18;19;20;21;22;23;24;25,16,0,0
controlled-2247,controlled,hit_75,lead_0.5/rep_9,10,0,0,No-Selected-Prefetch,0.5,0.0,128,10;11;12;13;14;15;16;17;18;19;20;21;22;23;24;25,,0,0,16
controlled-2248,controlled,hit_75,lead_0.5/rep_9,10,0,0,History-Last1,0.5,0.0,128,10;11;12;13;14;15;16;17;18;19;20;21;22;23;24;25,0;1;2;3;10;11;12;13;14;15;16;17;18;19;20;21,12,4,4
controlled-2249,controlled,hit_75,lead_0.5/rep_9,10,0,0,Oracle,0.5,0.0,128,10;11;12;13;14;15;16;17;18;19;20;21;22;23;24;25,10;11;12;13;14;15;16;17;18;19;20;21;22;23;24;25,16,0,0
controlled-2250,controlled,hit_75,lead_0.5/rep_10,11,0,0,No-Selected-Prefetch,0.5,0.0,128,10;11;12;13;14;15;16;17;18;19;20;21;22;23;24;25,,0,0,16
controlled-2251,controlled,hit_75,lead_0.5/rep_10,11,0,0,History-Last1,0.5,0.0,128,10;11;12;13;14;15;16;17;18;19;20;21;22;23;24;25,0;1;2;3;10;11;12;13;14;15;16;17;18;19;20;21,12,4,4
controlled-2252,controlled,hit_75,lead_0.5/rep_10,11,0,0,Oracle,0.5,0.0,128,10;11;12;13;14;15;16;17;18;19;20;21;22;23;24;25,10;11;12;13;14;15;16;17;18;19;20;21;22;23;24;25,16,0,0
controlled-2253,controlled,hit_75,lead_0.5/rep_11,12,0,0,No-Selected-Prefetch,0.5,0.0,128,10;11;12;13;14;15;16;17;18;19;20;21;22;23;24;25,,0,0,16
controlled-2254,controlled,hit_75,lead_0.5/rep_11,12,0,0,History-Last1,0.5,0.0,128,10;11;12;13;14;15;16;17;18;19;20;21;22;23;24;25,0;1;2;3;10;11;12;13;14;15;16;17;18;19;20;21,12,4,4
controlled-2255,controlled,hit_75,lead_0.5/rep_11,12,0,0,Oracle,0.5,0.0,128,10;11;12;13;14;15;16;17;18;19;20;21;22;23;24;25,10;11;12;13;14;15;16;17;18;19;20;21;22;23;24;25,16,0,0
controlled-2256,controlled,hit_75,lead_0.5/rep_12,13,0,0,No-Selected-Prefetch,0.5,0.0,128,10;11;12;13;14;15;16;17;18;19;20;21;22;23;24;25,,0,0,16
controlled-2257,controlled,hit_75,lead_0.5/rep_12,13,0,0,History-Last1,0.5,0.0,128,10;11;12;13;14;15;16;17;18;19;20;21;22;23;24;25,0;1;2;3;10;11;12;13;14;15;16;17;18;19;20;21,12,4,4
controlled-2258,controlled,hit_75,lead_0.5/rep_12,13,0,0,Oracle,0.5,0.0,128,10;11;12;13;14;15;16;17;18;19;20;21;22;23;24;25,10;11;12;13;14;15;16;17;18;19;20;21;22;23;24;25,16,0,0
controlled-2259,controlled,hit_75,lead_0.5/rep_13,14,0,0,No-Selected-Prefetch,0.5,0.0,128,10;11;12;13;14;15;16;17;18;19;20;21;22;23;24;25,,0,0,16
controlled-2260,controlled,hit_75,lead_0.5/rep_13,14,0,0,History-Last1,0.5,0.0,128,10;11;12;13;14;15;16;17;18;19;20;21;22;23;24;25,0;1;2;3;10;11;12;13;14;15;16;17;18;19;20;21,12,4,4
controlled-2261,controlled,hit_75,lead_0.5/rep_13,14,0,0,Oracle,0.5,0.0,128,10;11;12;13;14;15;16;17;18;19;20;21;22;23;24;25,10;11;12;13;14;15;16;17;18;19;20;21;22;23;24;25,16,0,0
controlled-2262,controlled,hit_75,lead_0.5/rep_14,15,0,0,No-Selected-Prefetch,0.5,0.0,128,10;11;12;13;14;15;16;17;18;19;20;21;22;23;24;25,,0,0,16
controlled-2263,controlled,hit_75,lead_0.5/rep_14,15,0,0,History-Last1,0.5,0.0,128,10;11;12;13;14;15;16;17;18;19;20;21;22;23;24;25,0;1;2;3;10;11;12;13;14;15;16;17;18;19;20;21,12,4,4
controlled-2264,controlled,hit_75,lead_0.5/rep_14,15,0,0,Oracle,0.5,0.0,128,10;11;12;13;14;15;16;17;18;19;20;21;22;23;24;25,10;11;12;13;14;15;16;17;18;19;20;21;22;23;24;25,16,0,0
controlled-2265,controlled,hit_75,lead_0.5/rep_15,16,0,0,No-Selected-Prefetch,0.5,0.0,128,10;11;12;13;14;15;16;17;18;19;20;21;22;23;24;25,,0,0,16
controlled-2266,controlled,hit_75,lead_0.5/rep_15,16,0,0,History-Last1,0.5,0.0,128,10;11;12;13;14;15;16;17;18;19;20;21;22;23;24;25,0;1;2;3;10;11;12;13;14;15;16;17;18;19;20;21,12,4,4
controlled-2267,controlled,hit_75,lead_0.5/rep_15,16,0,0,Oracle,0.5,0.0,128,10;11;12;13;14;15;16;17;18;19;20;21;22;23;24;25,10;11;12;13;14;15;16;17;18;19;20;21;22;23;24;25,16,0,0
controlled-2268,controlled,hit_75,lead_0.5/rep_16,17,0,0,No-Selected-Prefetch,0.5,0.0,128,10;11;12;13;14;15;16;17;18;19;20;21;22;23;24;25,,0,0,16
controlled-2269,controlled,hit_75,lead_0.5/rep_16,17,0,0,History-Last1,0.5,0.0,128,10;11;12;13;14;15;16;17;18;19;20;21;22;23;24;25,0;1;2;3;10;11;12;13;14;15;16;17;18;19;20;21,12,4,4
controlled-2270,controlled,hit_75,lead_0.5/rep_16,17,0,0,Oracle,0.5,0.0,128,10;11;12;13;14;15;16;17;18;19;20;21;22;23;24;25,10;11;12;13;14;15;16;17;18;19;20;21;22;23;24;25,16,0,0
controlled-2271,controlled,hit_75,lead_0.5/rep_17,18,0,0,No-Selected-Prefetch,0.5,0.0,128,10;11;12;13;14;15;16;17;18;19;20;21;22;23;24;25,,0,0,16
controlled-2272,controlled,hit_75,lead_0.5/rep_17,18,0,0,History-Last1,0.5,0.0,128,10;11;12;13;14;15;16;17;18;19;20;21;22;23;24;25,0;1;2;3;10;11;12;13;14;15;16;17;18;19;20;21,12,4,4
controlled-2273,controlled,hit_75,lead_0.5/rep_17,18,0,0,Oracle,0.5,0.0,128,10;11;12;13;14;15;16;17;18;19;20;21;22;23;24;25,10;11;12;13;14;15;16;17;18;19;20;21;22;23;24;25,16,0,0
controlled-2274,controlled,hit_75,lead_0.5/rep_18,19,0,0,No-Selected-Prefetch,0.5,0.0,128,10;11;12;13;14;15;16;17;18;19;20;21;22;23;24;25,,0,0,16
controlled-2275,controlled,hit_75,lead_0.5/rep_18,19,0,0,History-Last1,0.5,0.0,128,10;11;12;13;14;15;16;17;18;19;20;21;22;23;24;25,0;1;2;3;10;11;12;13;14;15;16;17;18;19;20;21,12,4,4
controlled-2276,controlled,hit_75,lead_0.5/rep_18,19,0,0,Oracle,0.5,0.0,128,10;11;12;13;14;15;16;17;18;19;20;21;22;23;24;25,10;11;12;13;14;15;16;17;18;19;20;21;22;23;24;25,16,0,0
controlled-2277,controlled,hit_75,lead_0.5/rep_19,20,0,0,No-Selected-Prefetch,0.5,0.0,128,10;11;12;13;14;15;16;17;18;19;20;21;22;23;24;25,,0,0,16
controlled-2278,controlled,hit_75,lead_0.5/rep_19,20,0,0,History-Last1,0.5,0.0,128,10;11;12;13;14;15;16;17;18;19;20;21;22;23;24;25,0;1;2;3;10;11;12;13;14;15;16;17;18;19;20;21,12,4,4
controlled-2279,controlled,hit_75,lead_0.5/rep_19,20,0,0,Oracle,0.5,0.0,128,10;11;12;13;14;15;16;17;18;19;20;21;22;23;24;25,10;11;12;13;14;15;16;17;18;19;20;21;22;23;24;25,16,0,0
controlled-2280,controlled,hit_75,lead_1/rep_0,1,0,0,No-Selected-Prefetch,1.0,0.0,128,10;11;12;13;14;15;16;17;18;19;20;21;22;23;24;25,,0,0,16
controlled-2281,controlled,hit_75,lead_1/rep_0,1,0,0,History-Last1,1.0,0.0,128,10;11;12;13;14;15;16;17;18;19;20;21;22;23;24;25,0;1;2;3;10;11;12;13;14;15;16;17;18;19;20;21,12,4,4
controlled-2282,controlled,hit_75,lead_1/rep_0,1,0,0,Oracle,1.0,0.0,128,10;11;12;13;14;15;16;17;18;19;20;21;22;23;24;25,10;11;12;13;14;15;16;17;18;19;20;21;22;23;24;25,16,0,0
controlled-2283,controlled,hit_75,lead_1/rep_1,2,0,0,No-Selected-Prefetch,1.0,0.0,128,10;11;12;13;14;15;16;17;18;19;20;21;22;23;24;25,,0,0,16
controlled-2284,controlled,hit_75,lead_1/rep_1,2,0,0,History-Last1,1.0,0.0,128,10;11;12;13;14;15;16;17;18;19;20;21;22;23;24;25,0;1;2;3;10;11;12;13;14;15;16;17;18;19;20;21,12,4,4
controlled-2285,controlled,hit_75,lead_1/rep_1,2,0,0,Oracle,1.0,0.0,128,10;11;12;13;14;15;16;17;18;19;20;21;22;23;24;25,10;11;12;13;14;15;16;17;18;19;20;21;22;23;24;25,16,0,0
controlled-2286,controlled,hit_75,lead_1/rep_2,3,0,0,No-Selected-Prefetch,1.0,0.0,128,10;11;12;13;14;15;16;17;18;19;20;21;22;23;24;25,,0,0,16
controlled-2287,controlled,hit_75,lead_1/rep_2,3,0,0,History-Last1,1.0,0.0,128,10;11;12;13;14;15;16;17;18;19;20;21;22;23;24;25,0;1;2;3;10;11;12;13;14;15;16;17;18;19;20;21,12,4,4
controlled-2288,controlled,hit_75,lead_1/rep_2,3,0,0,Oracle,1.0,0.0,128,10;11;12;13;14;15;16;17;18;19;20;21;22;23;24;25,10;11;12;13;14;15;16;17;18;19;20;21;22;23;24;25,16,0,0
controlled-2289,controlled,hit_75,lead_1/rep_3,4,0,0,No-Selected-Prefetch,1.0,0.0,128,10;11;12;13;14;15;16;17;18;19;20;21;22;23;24;25,,0,0,16
controlled-2290,controlled,hit_75,lead_1/rep_3,4,0,0,History-Last1,1.0,0.0,128,10;11;12;13;14;15;16;17;18;19;20;21;22;23;24;25,0;1;2;3;10;11;12;13;14;15;16;17;18;19;20;21,12,4,4
controlled-2291,controlled,hit_75,lead_1/rep_3,4,0,0,Oracle,1.0,0.0,128,10;11;12;13;14;15;16;17;18;19;20;21;22;23;24;25,10;11;12;13;14;15;16;17;18;19;20;21;22;23;24;25,16,0,0
controlled-2292,controlled,hit_75,lead_1/rep_4,5,0,0,No-Selected-Prefetch,1.0,0.0,128,10;11;12;13;14;15;16;17;18;19;20;21;22;23;24;25,,0,0,16
controlled-2293,controlled,hit_75,lead_1/rep_4,5,0,0,History-Last1,1.0,0.0,128,10;11;12;13;14;15;16;17;18;19;20;21;22;23;24;25,0;1;2;3;10;11;12;13;14;15;16;17;18;19;20;21,12,4,4
controlled-2294,controlled,hit_75,lead_1/rep_4,5,0,0,Oracle,1.0,0.0,128,10;11;12;13;14;15;16;17;18;19;20;21;22;23;24;25,10;11;12;13;14;15;16;17;18;19;20;21;22;23;24;25,16,0,0
controlled-2295,controlled,hit_75,lead_1/rep_5,6,0,0,No-Selected-Prefetch,1.0,0.0,128,10;11;12;13;14;15;16;17;18;19;20;21;22;23;24;25,,0,0,16
controlled-2296,controlled,hit_75,lead_1/rep_5,6,0,0,History-Last1,1.0,0.0,128,10;11;12;13;14;15;16;17;18;19;20;21;22;23;24;25,0;1;2;3;10;11;12;13;14;15;16;17;18;19;20;21,12,4,4
controlled-2297,controlled,hit_75,lead_1/rep_5,6,0,0,Oracle,1.0,0.0,128,10;11;12;13;14;15;16;17;18;19;20;21;22;23;24;25,10;11;12;13;14;15;16;17;18;19;20;21;22;23;24;25,16,0,0
controlled-2298,controlled,hit_75,lead_1/rep_6,7,0,0,No-Selected-Prefetch,1.0,0.0,128,10;11;12;13;14;15;16;17;18;19;20;21;22;23;24;25,,0,0,16
controlled-2299,controlled,hit_75,lead_1/rep_6,7,0,0,History-Last1,1.0,0.0,128,10;11;12;13;14;15;16;17;18;19;20;21;22;23;24;25,0;1;2;3;10;11;12;13;14;15;16;17;18;19;20;21,12,4,4
controlled-2300,controlled,hit_75,lead_1/rep_6,7,0,0,Oracle,1.0,0.0,128,10;11;12;13;14;15;16;17;18;19;20;21;22;23;24;25,10;11;12;13;14;15;16;17;18;19;20;21;22;23;24;25,16,0,0
controlled-2301,controlled,hit_75,lead_1/rep_7,8,0,0,No-Selected-Prefetch,1.0,0.0,128,10;11;12;13;14;15;16;17;18;19;20;21;22;23;24;25,,0,0,16
controlled-2302,controlled,hit_75,lead_1/rep_7,8,0,0,History-Last1,1.0,0.0,128,10;11;12;13;14;15;16;17;18;19;20;21;22;23;24;25,0;1;2;3;10;11;12;13;14;15;16;17;18;19;20;21,12,4,4
controlled-2303,controlled,hit_75,lead_1/rep_7,8,0,0,Oracle,1.0,0.0,128,10;11;12;13;14;15;16;17;18;19;20;21;22;23;24;25,10;11;12;13;14;15;16;17;18;19;20;21;22;23;24;25,16,0,0
controlled-2304,controlled,hit_75,lead_1/rep_8,9,0,0,No-Selected-Prefetch,1.0,0.0,128,10;11;12;13;14;15;16;17;18;19;20;21;22;23;24;25,,0,0,16
controlled-2305,controlled,hit_75,lead_1/rep_8,9,0,0,History-Last1,1.0,0.0,128,10;11;12;13;14;15;16;17;18;19;20;21;22;23;24;25,0;1;2;3;10;11;12;13;14;15;16;17;18;19;20;21,12,4,4
controlled-2306,controlled,hit_75,lead_1/rep_8,9,0,0,Oracle,1.0,0.0,128,10;11;12;13;14;15;16;17;18;19;20;21;22;23;24;25,10;11;12;13;14;15;16;17;18;19;20;21;22;23;24;25,16,0,0
controlled-2307,controlled,hit_75,lead_1/rep_9,10,0,0,No-Selected-Prefetch,1.0,0.0,128,10;11;12;13;14;15;16;17;18;19;20;21;22;23;24;25,,0,0,16
controlled-2308,controlled,hit_75,lead_1/rep_9,10,0,0,History-Last1,1.0,0.0,128,10;11;12;13;14;15;16;17;18;19;20;21;22;23;24;25,0;1;2;3;10;11;12;13;14;15;16;17;18;19;20;21,12,4,4
controlled-2309,controlled,hit_75,lead_1/rep_9,10,0,0,Oracle,1.0,0.0,128,10;11;12;13;14;15;16;17;18;19;20;21;22;23;24;25,10;11;12;13;14;15;16;17;18;19;20;21;22;23;24;25,16,0,0
controlled-2310,controlled,hit_75,lead_1/rep_10,11,0,0,No-Selected-Prefetch,1.0,0.0,128,10;11;12;13;14;15;16;17;18;19;20;21;22;23;24;25,,0,0,16
controlled-2311,controlled,hit_75,lead_1/rep_10,11,0,0,History-Last1,1.0,0.0,128,10;11;12;13;14;15;16;17;18;19;20;21;22;23;24;25,0;1;2;3;10;11;12;13;14;15;16;17;18;19;20;21,12,4,4
controlled-2312,controlled,hit_75,lead_1/rep_10,11,0,0,Oracle,1.0,0.0,128,10;11;12;13;14;15;16;17;18;19;20;21;22;23;24;25,10;11;12;13;14;15;16;17;18;19;20;21;22;23;24;25,16,0,0
controlled-2313,controlled,hit_75,lead_1/rep_11,12,0,0,No-Selected-Prefetch,1.0,0.0,128,10;11;12;13;14;15;16;17;18;19;20;21;22;23;24;25,,0,0,16
controlled-2314,controlled,hit_75,lead_1/rep_11,12,0,0,History-Last1,1.0,0.0,128,10;11;12;13;14;15;16;17;18;19;20;21;22;23;24;25,0;1;2;3;10;11;12;13;14;15;16;17;18;19;20;21,12,4,4
controlled-2315,controlled,hit_75,lead_1/rep_11,12,0,0,Oracle,1.0,0.0,128,10;11;12;13;14;15;16;17;18;19;20;21;22;23;24;25,10;11;12;13;14;15;16;17;18;19;20;21;22;23;24;25,16,0,0
controlled-2316,controlled,hit_75,lead_1/rep_12,13,0,0,No-Selected-Prefetch,1.0,0.0,128,10;11;12;13;14;15;16;17;18;19;20;21;22;23;24;25,,0,0,16
controlled-2317,controlled,hit_75,lead_1/rep_12,13,0,0,History-Last1,1.0,0.0,128,10;11;12;13;14;15;16;17;18;19;20;21;22;23;24;25,0;1;2;3;10;11;12;13;14;15;16;17;18;19;20;21,12,4,4
controlled-2318,controlled,hit_75,lead_1/rep_12,13,0,0,Oracle,1.0,0.0,128,10;11;12;13;14;15;16;17;18;19;20;21;22;23;24;25,10;11;12;13;14;15;16;17;18;19;20;21;22;23;24;25,16,0,0
controlled-2319,controlled,hit_75,lead_1/rep_13,14,0,0,No-Selected-Prefetch,1.0,0.0,128,10;11;12;13;14;15;16;17;18;19;20;21;22;23;24;25,,0,0,16
controlled-2320,controlled,hit_75,lead_1/rep_13,14,0,0,History-Last1,1.0,0.0,128,10;11;12;13;14;15;16;17;18;19;20;21;22;23;24;25,0;1;2;3;10;11;12;13;14;15;16;17;18;19;20;21,12,4,4
controlled-2321,controlled,hit_75,lead_1/rep_13,14,0,0,Oracle,1.0,0.0,128,10;11;12;13;14;15;16;17;18;19;20;21;22;23;24;25,10;11;12;13;14;15;16;17;18;19;20;21;22;23;24;25,16,0,0
controlled-2322,controlled,hit_75,lead_1/rep_14,15,0,0,No-Selected-Prefetch,1.0,0.0,128,10;11;12;13;14;15;16;17;18;19;20;21;22;23;24;25,,0,0,16
controlled-2323,controlled,hit_75,lead_1/rep_14,15,0,0,History-Last1,1.0,0.0,128,10;11;12;13;14;15;16;17;18;19;20;21;22;23;24;25,0;1;2;3;10;11;12;13;14;15;16;17;18;19;20;21,12,4,4
controlled-2324,controlled,hit_75,lead_1/rep_14,15,0,0,Oracle,1.0,0.0,128,10;11;12;13;14;15;16;17;18;19;20;21;22;23;24;25,10;11;12;13;14;15;16;17;18;19;20;21;22;23;24;25,16,0,0
controlled-2325,controlled,hit_75,lead_1/rep_15,16,0,0,No-Selected-Prefetch,1.0,0.0,128,10;11;12;13;14;15;16;17;18;19;20;21;22;23;24;25,,0,0,16
controlled-2326,controlled,hit_75,lead_1/rep_15,16,0,0,History-Last1,1.0,0.0,128,10;11;12;13;14;15;16;17;18;19;20;21;22;23;24;25,0;1;2;3;10;11;12;13;14;15;16;17;18;19;20;21,12,4,4
controlled-2327,controlled,hit_75,lead_1/rep_15,16,0,0,Oracle,1.0,0.0,128,10;11;12;13;14;15;16;17;18;19;20;21;22;23;24;25,10;11;12;13;14;15;16;17;18;19;20;21;22;23;24;25,16,0,0
controlled-2328,controlled,hit_75,lead_1/rep_16,17,0,0,No-Selected-Prefetch,1.0,0.0,128,10;11;12;13;14;15;16;17;18;19;20;21;22;23;24;25,,0,0,16
controlled-2329,controlled,hit_75,lead_1/rep_16,17,0,0,History-Last1,1.0,0.0,128,10;11;12;13;14;15;16;17;18;19;20;21;22;23;24;25,0;1;2;3;10;11;12;13;14;15;16;17;18;19;20;21,12,4,4
controlled-2330,controlled,hit_75,lead_1/rep_16,17,0,0,Oracle,1.0,0.0,128,10;11;12;13;14;15;16;17;18;19;20;21;22;23;24;25,10;11;12;13;14;15;16;17;18;19;20;21;22;23;24;25,16,0,0
controlled-2331,controlled,hit_75,lead_1/rep_17,18,0,0,No-Selected-Prefetch,1.0,0.0,128,10;11;12;13;14;15;16;17;18;19;20;21;22;23;24;25,,0,0,16
controlled-2332,controlled,hit_75,lead_1/rep_17,18,0,0,History-Last1,1.0,0.0,128,10;11;12;13;14;15;16;17;18;19;20;21;22;23;24;25,0;1;2;3;10;11;12;13;14;15;16;17;18;19;20;21,12,4,4
controlled-2333,controlled,hit_75,lead_1/rep_17,18,0,0,Oracle,1.0,0.0,128,10;11;12;13;14;15;16;17;18;19;20;21;22;23;24;25,10;11;12;13;14;15;16;17;18;19;20;21;22;23;24;25,16,0,0
controlled-2334,controlled,hit_75,lead_1/rep_18,19,0,0,No-Selected-Prefetch,1.0,0.0,128,10;11;12;13;14;15;16;17;18;19;20;21;22;23;24;25,,0,0,16
controlled-2335,controlled,hit_75,lead_1/rep_18,19,0,0,History-Last1,1.0,0.0,128,10;11;12;13;14;15;16;17;18;19;20;21;22;23;24;25,0;1;2;3;10;11;12;13;14;15;16;17;18;19;20;21,12,4,4
controlled-2336,controlled,hit_75,lead_1/rep_18,19,0,0,Oracle,1.0,0.0,128,10;11;12;13;14;15;16;17;18;19;20;21;22;23;24;25,10;11;12;13;14;15;16;17;18;19;20;21;22;23;24;25,16,0,0
controlled-2337,controlled,hit_75,lead_1/rep_19,20,0,0,No-Selected-Prefetch,1.0,0.0,128,10;11;12;13;14;15;16;17;18;19;20;21;22;23;24;25,,0,0,16
controlled-2338,controlled,hit_75,lead_1/rep_19,20,0,0,History-Last1,1.0,0.0,128,10;11;12;13;14;15;16;17;18;19;20;21;22;23;24;25,0;1;2;3;10;11;12;13;14;15;16;17;18;19;20;21,12,4,4
controlled-2339,controlled,hit_75,lead_1/rep_19,20,0,0,Oracle,1.0,0.0,128,10;11;12;13;14;15;16;17;18;19;20;21;22;23;24;25,10;11;12;13;14;15;16;17;18;19;20;21;22;23;24;25,16,0,0
controlled-2340,controlled,hit_75,lead_2/rep_0,1,0,0,No-Selected-Prefetch,2.0,0.0,128,10;11;12;13;14;15;16;17;18;19;20;21;22;23;24;25,,0,0,16
controlled-2341,controlled,hit_75,lead_2/rep_0,1,0,0,History-Last1,2.0,0.0,128,10;11;12;13;14;15;16;17;18;19;20;21;22;23;24;25,0;1;2;3;10;11;12;13;14;15;16;17;18;19;20;21,12,4,4
controlled-2342,controlled,hit_75,lead_2/rep_0,1,0,0,Oracle,2.0,0.0,128,10;11;12;13;14;15;16;17;18;19;20;21;22;23;24;25,10;11;12;13;14;15;16;17;18;19;20;21;22;23;24;25,16,0,0
controlled-2343,controlled,hit_75,lead_2/rep_1,2,0,0,No-Selected-Prefetch,2.0,0.0,128,10;11;12;13;14;15;16;17;18;19;20;21;22;23;24;25,,0,0,16
controlled-2344,controlled,hit_75,lead_2/rep_1,2,0,0,History-Last1,2.0,0.0,128,10;11;12;13;14;15;16;17;18;19;20;21;22;23;24;25,0;1;2;3;10;11;12;13;14;15;16;17;18;19;20;21,12,4,4
controlled-2345,controlled,hit_75,lead_2/rep_1,2,0,0,Oracle,2.0,0.0,128,10;11;12;13;14;15;16;17;18;19;20;21;22;23;24;25,10;11;12;13;14;15;16;17;18;19;20;21;22;23;24;25,16,0,0
controlled-2346,controlled,hit_75,lead_2/rep_2,3,0,0,No-Selected-Prefetch,2.0,0.0,128,10;11;12;13;14;15;16;17;18;19;20;21;22;23;24;25,,0,0,16
controlled-2347,controlled,hit_75,lead_2/rep_2,3,0,0,History-Last1,2.0,0.0,128,10;11;12;13;14;15;16;17;18;19;20;21;22;23;24;25,0;1;2;3;10;11;12;13;14;15;16;17;18;19;20;21,12,4,4
controlled-2348,controlled,hit_75,lead_2/rep_2,3,0,0,Oracle,2.0,0.0,128,10;11;12;13;14;15;16;17;18;19;20;21;22;23;24;25,10;11;12;13;14;15;16;17;18;19;20;21;22;23;24;25,16,0,0
controlled-2349,controlled,hit_75,lead_2/rep_3,4,0,0,No-Selected-Prefetch,2.0,0.0,128,10;11;12;13;14;15;16;17;18;19;20;21;22;23;24;25,,0,0,16
controlled-2350,controlled,hit_75,lead_2/rep_3,4,0,0,History-Last1,2.0,0.0,128,10;11;12;13;14;15;16;17;18;19;20;21;22;23;24;25,0;1;2;3;10;11;12;13;14;15;16;17;18;19;20;21,12,4,4
controlled-2351,controlled,hit_75,lead_2/rep_3,4,0,0,Oracle,2.0,0.0,128,10;11;12;13;14;15;16;17;18;19;20;21;22;23;24;25,10;11;12;13;14;15;16;17;18;19;20;21;22;23;24;25,16,0,0
controlled-2352,controlled,hit_75,lead_2/rep_4,5,0,0,No-Selected-Prefetch,2.0,0.0,128,10;11;12;13;14;15;16;17;18;19;20;21;22;23;24;25,,0,0,16
controlled-2353,controlled,hit_75,lead_2/rep_4,5,0,0,History-Last1,2.0,0.0,128,10;11;12;13;14;15;16;17;18;19;20;21;22;23;24;25,0;1;2;3;10;11;12;13;14;15;16;17;18;19;20;21,12,4,4
controlled-2354,controlled,hit_75,lead_2/rep_4,5,0,0,Oracle,2.0,0.0,128,10;11;12;13;14;15;16;17;18;19;20;21;22;23;24;25,10;11;12;13;14;15;16;17;18;19;20;21;22;23;24;25,16,0,0
controlled-2355,controlled,hit_75,lead_2/rep_5,6,0,0,No-Selected-Prefetch,2.0,0.0,128,10;11;12;13;14;15;16;17;18;19;20;21;22;23;24;25,,0,0,16
controlled-2356,controlled,hit_75,lead_2/rep_5,6,0,0,History-Last1,2.0,0.0,128,10;11;12;13;14;15;16;17;18;19;20;21;22;23;24;25,0;1;2;3;10;11;12;13;14;15;16;17;18;19;20;21,12,4,4
controlled-2357,controlled,hit_75,lead_2/rep_5,6,0,0,Oracle,2.0,0.0,128,10;11;12;13;14;15;16;17;18;19;20;21;22;23;24;25,10;11;12;13;14;15;16;17;18;19;20;21;22;23;24;25,16,0,0
controlled-2358,controlled,hit_75,lead_2/rep_6,7,0,0,No-Selected-Prefetch,2.0,0.0,128,10;11;12;13;14;15;16;17;18;19;20;21;22;23;24;25,,0,0,16
controlled-2359,controlled,hit_75,lead_2/rep_6,7,0,0,History-Last1,2.0,0.0,128,10;11;12;13;14;15;16;17;18;19;20;21;22;23;24;25,0;1;2;3;10;11;12;13;14;15;16;17;18;19;20;21,12,4,4
controlled-2360,controlled,hit_75,lead_2/rep_6,7,0,0,Oracle,2.0,0.0,128,10;11;12;13;14;15;16;17;18;19;20;21;22;23;24;25,10;11;12;13;14;15;16;17;18;19;20;21;22;23;24;25,16,0,0
controlled-2361,controlled,hit_75,lead_2/rep_7,8,0,0,No-Selected-Prefetch,2.0,0.0,128,10;11;12;13;14;15;16;17;18;19;20;21;22;23;24;25,,0,0,16
controlled-2362,controlled,hit_75,lead_2/rep_7,8,0,0,History-Last1,2.0,0.0,128,10;11;12;13;14;15;16;17;18;19;20;21;22;23;24;25,0;1;2;3;10;11;12;13;14;15;16;17;18;19;20;21,12,4,4
controlled-2363,controlled,hit_75,lead_2/rep_7,8,0,0,Oracle,2.0,0.0,128,10;11;12;13;14;15;16;17;18;19;20;21;22;23;24;25,10;11;12;13;14;15;16;17;18;19;20;21;22;23;24;25,16,0,0
controlled-2364,controlled,hit_75,lead_2/rep_8,9,0,0,No-Selected-Prefetch,2.0,0.0,128,10;11;12;13;14;15;16;17;18;19;20;21;22;23;24;25,,0,0,16
controlled-2365,controlled,hit_75,lead_2/rep_8,9,0,0,History-Last1,2.0,0.0,128,10;11;12;13;14;15;16;17;18;19;20;21;22;23;24;25,0;1;2;3;10;11;12;13;14;15;16;17;18;19;20;21,12,4,4
controlled-2366,controlled,hit_75,lead_2/rep_8,9,0,0,Oracle,2.0,0.0,128,10;11;12;13;14;15;16;17;18;19;20;21;22;23;24;25,10;11;12;13;14;15;16;17;18;19;20;21;22;23;24;25,16,0,0
controlled-2367,controlled,hit_75,lead_2/rep_9,10,0,0,No-Selected-Prefetch,2.0,0.0,128,10;11;12;13;14;15;16;17;18;19;20;21;22;23;24;25,,0,0,16
controlled-2368,controlled,hit_75,lead_2/rep_9,10,0,0,History-Last1,2.0,0.0,128,10;11;12;13;14;15;16;17;18;19;20;21;22;23;24;25,0;1;2;3;10;11;12;13;14;15;16;17;18;19;20;21,12,4,4
controlled-2369,controlled,hit_75,lead_2/rep_9,10,0,0,Oracle,2.0,0.0,128,10;11;12;13;14;15;16;17;18;19;20;21;22;23;24;25,10;11;12;13;14;15;16;17;18;19;20;21;22;23;24;25,16,0,0
controlled-2370,controlled,hit_75,lead_2/rep_10,11,0,0,No-Selected-Prefetch,2.0,0.0,128,10;11;12;13;14;15;16;17;18;19;20;21;22;23;24;25,,0,0,16
controlled-2371,controlled,hit_75,lead_2/rep_10,11,0,0,History-Last1,2.0,0.0,128,10;11;12;13;14;15;16;17;18;19;20;21;22;23;24;25,0;1;2;3;10;11;12;13;14;15;16;17;18;19;20;21,12,4,4
controlled-2372,controlled,hit_75,lead_2/rep_10,11,0,0,Oracle,2.0,0.0,128,10;11;12;13;14;15;16;17;18;19;20;21;22;23;24;25,10;11;12;13;14;15;16;17;18;19;20;21;22;23;24;25,16,0,0
controlled-2373,controlled,hit_75,lead_2/rep_11,12,0,0,No-Selected-Prefetch,2.0,0.0,128,10;11;12;13;14;15;16;17;18;19;20;21;22;23;24;25,,0,0,16
controlled-2374,controlled,hit_75,lead_2/rep_11,12,0,0,History-Last1,2.0,0.0,128,10;11;12;13;14;15;16;17;18;19;20;21;22;23;24;25,0;1;2;3;10;11;12;13;14;15;16;17;18;19;20;21,12,4,4
controlled-2375,controlled,hit_75,lead_2/rep_11,12,0,0,Oracle,2.0,0.0,128,10;11;12;13;14;15;16;17;18;19;20;21;22;23;24;25,10;11;12;13;14;15;16;17;18;19;20;21;22;23;24;25,16,0,0
controlled-2376,controlled,hit_75,lead_2/rep_12,13,0,0,No-Selected-Prefetch,2.0,0.0,128,10;11;12;13;14;15;16;17;18;19;20;21;22;23;24;25,,0,0,16
controlled-2377,controlled,hit_75,lead_2/rep_12,13,0,0,History-Last1,2.0,0.0,128,10;11;12;13;14;15;16;17;18;19;20;21;22;23;24;25,0;1;2;3;10;11;12;13;14;15;16;17;18;19;20;21,12,4,4
controlled-2378,controlled,hit_75,lead_2/rep_12,13,0,0,Oracle,2.0,0.0,128,10;11;12;13;14;15;16;17;18;19;20;21;22;23;24;25,10;11;12;13;14;15;16;17;18;19;20;21;22;23;24;25,16,0,0
controlled-2379,controlled,hit_75,lead_2/rep_13,14,0,0,No-Selected-Prefetch,2.0,0.0,128,10;11;12;13;14;15;16;17;18;19;20;21;22;23;24;25,,0,0,16
controlled-2380,controlled,hit_75,lead_2/rep_13,14,0,0,History-Last1,2.0,0.0,128,10;11;12;13;14;15;16;17;18;19;20;21;22;23;24;25,0;1;2;3;10;11;12;13;14;15;16;17;18;19;20;21,12,4,4
controlled-2381,controlled,hit_75,lead_2/rep_13,14,0,0,Oracle,2.0,0.0,128,10;11;12;13;14;15;16;17;18;19;20;21;22;23;24;25,10;11;12;13;14;15;16;17;18;19;20;21;22;23;24;25,16,0,0
controlled-2382,controlled,hit_75,lead_2/rep_14,15,0,0,No-Selected-Prefetch,2.0,0.0,128,10;11;12;13;14;15;16;17;18;19;20;21;22;23;24;25,,0,0,16
controlled-2383,controlled,hit_75,lead_2/rep_14,15,0,0,History-Last1,2.0,0.0,128,10;11;12;13;14;15;16;17;18;19;20;21;22;23;24;25,0;1;2;3;10;11;12;13;14;15;16;17;18;19;20;21,12,4,4
controlled-2384,controlled,hit_75,lead_2/rep_14,15,0,0,Oracle,2.0,0.0,128,10;11;12;13;14;15;16;17;18;19;20;21;22;23;24;25,10;11;12;13;14;15;16;17;18;19;20;21;22;23;24;25,16,0,0
controlled-2385,controlled,hit_75,lead_2/rep_15,16,0,0,No-Selected-Prefetch,2.0,0.0,128,10;11;12;13;14;15;16;17;18;19;20;21;22;23;24;25,,0,0,16
controlled-2386,controlled,hit_75,lead_2/rep_15,16,0,0,History-Last1,2.0,0.0,128,10;11;12;13;14;15;16;17;18;19;20;21;22;23;24;25,0;1;2;3;10;11;12;13;14;15;16;17;18;19;20;21,12,4,4
controlled-2387,controlled,hit_75,lead_2/rep_15,16,0,0,Oracle,2.0,0.0,128,10;11;12;13;14;15;16;17;18;19;20;21;22;23;24;25,10;11;12;13;14;15;16;17;18;19;20;21;22;23;24;25,16,0,0
controlled-2388,controlled,hit_75,lead_2/rep_16,17,0,0,No-Selected-Prefetch,2.0,0.0,128,10;11;12;13;14;15;16;17;18;19;20;21;22;23;24;25,,0,0,16
controlled-2389,controlled,hit_75,lead_2/rep_16,17,0,0,History-Last1,2.0,0.0,128,10;11;12;13;14;15;16;17;18;19;20;21;22;23;24;25,0;1;2;3;10;11;12;13;14;15;16;17;18;19;20;21,12,4,4
controlled-2390,controlled,hit_75,lead_2/rep_16,17,0,0,Oracle,2.0,0.0,128,10;11;12;13;14;15;16;17;18;19;20;21;22;23;24;25,10;11;12;13;14;15;16;17;18;19;20;21;22;23;24;25,16,0,0
controlled-2391,controlled,hit_75,lead_2/rep_17,18,0,0,No-Selected-Prefetch,2.0,0.0,128,10;11;12;13;14;15;16;17;18;19;20;21;22;23;24;25,,0,0,16
controlled-2392,controlled,hit_75,lead_2/rep_17,18,0,0,History-Last1,2.0,0.0,128,10;11;12;13;14;15;16;17;18;19;20;21;22;23;24;25,0;1;2;3;10;11;12;13;14;15;16;17;18;19;20;21,12,4,4
controlled-2393,controlled,hit_75,lead_2/rep_17,18,0,0,Oracle,2.0,0.0,128,10;11;12;13;14;15;16;17;18;19;20;21;22;23;24;25,10;11;12;13;14;15;16;17;18;19;20;21;22;23;24;25,16,0,0
controlled-2394,controlled,hit_75,lead_2/rep_18,19,0,0,No-Selected-Prefetch,2.0,0.0,128,10;11;12;13;14;15;16;17;18;19;20;21;22;23;24;25,,0,0,16
controlled-2395,controlled,hit_75,lead_2/rep_18,19,0,0,History-Last1,2.0,0.0,128,10;11;12;13;14;15;16;17;18;19;20;21;22;23;24;25,0;1;2;3;10;11;12;13;14;15;16;17;18;19;20;21,12,4,4
controlled-2396,controlled,hit_75,lead_2/rep_18,19,0,0,Oracle,2.0,0.0,128,10;11;12;13;14;15;16;17;18;19;20;21;22;23;24;25,10;11;12;13;14;15;16;17;18;19;20;21;22;23;24;25,16,0,0
controlled-2397,controlled,hit_75,lead_2/rep_19,20,0,0,No-Selected-Prefetch,2.0,0.0,128,10;11;12;13;14;15;16;17;18;19;20;21;22;23;24;25,,0,0,16
controlled-2398,controlled,hit_75,lead_2/rep_19,20,0,0,History-Last1,2.0,0.0,128,10;11;12;13;14;15;16;17;18;19;20;21;22;23;24;25,0;1;2;3;10;11;12;13;14;15;16;17;18;19;20;21,12,4,4
controlled-2399,controlled,hit_75,lead_2/rep_19,20,0,0,Oracle,2.0,0.0,128,10;11;12;13;14;15;16;17;18;19;20;21;22;23;24;25,10;11;12;13;14;15;16;17;18;19;20;21;22;23;24;25,16,0,0
controlled-2400,controlled,hit_75,lead_4/rep_0,1,0,0,No-Selected-Prefetch,4.0,0.0,128,10;11;12;13;14;15;16;17;18;19;20;21;22;23;24;25,,0,0,16
controlled-2401,controlled,hit_75,lead_4/rep_0,1,0,0,History-Last1,4.0,0.0,128,10;11;12;13;14;15;16;17;18;19;20;21;22;23;24;25,0;1;2;3;10;11;12;13;14;15;16;17;18;19;20;21,12,4,4
controlled-2402,controlled,hit_75,lead_4/rep_0,1,0,0,Oracle,4.0,0.0,128,10;11;12;13;14;15;16;17;18;19;20;21;22;23;24;25,10;11;12;13;14;15;16;17;18;19;20;21;22;23;24;25,16,0,0
controlled-2403,controlled,hit_75,lead_4/rep_1,2,0,0,No-Selected-Prefetch,4.0,0.0,128,10;11;12;13;14;15;16;17;18;19;20;21;22;23;24;25,,0,0,16
controlled-2404,controlled,hit_75,lead_4/rep_1,2,0,0,History-Last1,4.0,0.0,128,10;11;12;13;14;15;16;17;18;19;20;21;22;23;24;25,0;1;2;3;10;11;12;13;14;15;16;17;18;19;20;21,12,4,4
controlled-2405,controlled,hit_75,lead_4/rep_1,2,0,0,Oracle,4.0,0.0,128,10;11;12;13;14;15;16;17;18;19;20;21;22;23;24;25,10;11;12;13;14;15;16;17;18;19;20;21;22;23;24;25,16,0,0
controlled-2406,controlled,hit_75,lead_4/rep_2,3,0,0,No-Selected-Prefetch,4.0,0.0,128,10;11;12;13;14;15;16;17;18;19;20;21;22;23;24;25,,0,0,16
controlled-2407,controlled,hit_75,lead_4/rep_2,3,0,0,History-Last1,4.0,0.0,128,10;11;12;13;14;15;16;17;18;19;20;21;22;23;24;25,0;1;2;3;10;11;12;13;14;15;16;17;18;19;20;21,12,4,4
controlled-2408,controlled,hit_75,lead_4/rep_2,3,0,0,Oracle,4.0,0.0,128,10;11;12;13;14;15;16;17;18;19;20;21;22;23;24;25,10;11;12;13;14;15;16;17;18;19;20;21;22;23;24;25,16,0,0
controlled-2409,controlled,hit_75,lead_4/rep_3,4,0,0,No-Selected-Prefetch,4.0,0.0,128,10;11;12;13;14;15;16;17;18;19;20;21;22;23;24;25,,0,0,16
controlled-2410,controlled,hit_75,lead_4/rep_3,4,0,0,History-Last1,4.0,0.0,128,10;11;12;13;14;15;16;17;18;19;20;21;22;23;24;25,0;1;2;3;10;11;12;13;14;15;16;17;18;19;20;21,12,4,4
controlled-2411,controlled,hit_75,lead_4/rep_3,4,0,0,Oracle,4.0,0.0,128,10;11;12;13;14;15;16;17;18;19;20;21;22;23;24;25,10;11;12;13;14;15;16;17;18;19;20;21;22;23;24;25,16,0,0
controlled-2412,controlled,hit_75,lead_4/rep_4,5,0,0,No-Selected-Prefetch,4.0,0.0,128,10;11;12;13;14;15;16;17;18;19;20;21;22;23;24;25,,0,0,16
controlled-2413,controlled,hit_75,lead_4/rep_4,5,0,0,History-Last1,4.0,0.0,128,10;11;12;13;14;15;16;17;18;19;20;21;22;23;24;25,0;1;2;3;10;11;12;13;14;15;16;17;18;19;20;21,12,4,4
controlled-2414,controlled,hit_75,lead_4/rep_4,5,0,0,Oracle,4.0,0.0,128,10;11;12;13;14;15;16;17;18;19;20;21;22;23;24;25,10;11;12;13;14;15;16;17;18;19;20;21;22;23;24;25,16,0,0
controlled-2415,controlled,hit_75,lead_4/rep_5,6,0,0,No-Selected-Prefetch,4.0,0.0,128,10;11;12;13;14;15;16;17;18;19;20;21;22;23;24;25,,0,0,16
controlled-2416,controlled,hit_75,lead_4/rep_5,6,0,0,History-Last1,4.0,0.0,128,10;11;12;13;14;15;16;17;18;19;20;21;22;23;24;25,0;1;2;3;10;11;12;13;14;15;16;17;18;19;20;21,12,4,4
controlled-2417,controlled,hit_75,lead_4/rep_5,6,0,0,Oracle,4.0,0.0,128,10;11;12;13;14;15;16;17;18;19;20;21;22;23;24;25,10;11;12;13;14;15;16;17;18;19;20;21;22;23;24;25,16,0,0
controlled-2418,controlled,hit_75,lead_4/rep_6,7,0,0,No-Selected-Prefetch,4.0,0.0,128,10;11;12;13;14;15;16;17;18;19;20;21;22;23;24;25,,0,0,16
controlled-2419,controlled,hit_75,lead_4/rep_6,7,0,0,History-Last1,4.0,0.0,128,10;11;12;13;14;15;16;17;18;19;20;21;22;23;24;25,0;1;2;3;10;11;12;13;14;15;16;17;18;19;20;21,12,4,4
controlled-2420,controlled,hit_75,lead_4/rep_6,7,0,0,Oracle,4.0,0.0,128,10;11;12;13;14;15;16;17;18;19;20;21;22;23;24;25,10;11;12;13;14;15;16;17;18;19;20;21;22;23;24;25,16,0,0
controlled-2421,controlled,hit_75,lead_4/rep_7,8,0,0,No-Selected-Prefetch,4.0,0.0,128,10;11;12;13;14;15;16;17;18;19;20;21;22;23;24;25,,0,0,16
controlled-2422,controlled,hit_75,lead_4/rep_7,8,0,0,History-Last1,4.0,0.0,128,10;11;12;13;14;15;16;17;18;19;20;21;22;23;24;25,0;1;2;3;10;11;12;13;14;15;16;17;18;19;20;21,12,4,4
controlled-2423,controlled,hit_75,lead_4/rep_7,8,0,0,Oracle,4.0,0.0,128,10;11;12;13;14;15;16;17;18;19;20;21;22;23;24;25,10;11;12;13;14;15;16;17;18;19;20;21;22;23;24;25,16,0,0
controlled-2424,controlled,hit_75,lead_4/rep_8,9,0,0,No-Selected-Prefetch,4.0,0.0,128,10;11;12;13;14;15;16;17;18;19;20;21;22;23;24;25,,0,0,16
controlled-2425,controlled,hit_75,lead_4/rep_8,9,0,0,History-Last1,4.0,0.0,128,10;11;12;13;14;15;16;17;18;19;20;21;22;23;24;25,0;1;2;3;10;11;12;13;14;15;16;17;18;19;20;21,12,4,4
controlled-2426,controlled,hit_75,lead_4/rep_8,9,0,0,Oracle,4.0,0.0,128,10;11;12;13;14;15;16;17;18;19;20;21;22;23;24;25,10;11;12;13;14;15;16;17;18;19;20;21;22;23;24;25,16,0,0
controlled-2427,controlled,hit_75,lead_4/rep_9,10,0,0,No-Selected-Prefetch,4.0,0.0,128,10;11;12;13;14;15;16;17;18;19;20;21;22;23;24;25,,0,0,16
controlled-2428,controlled,hit_75,lead_4/rep_9,10,0,0,History-Last1,4.0,0.0,128,10;11;12;13;14;15;16;17;18;19;20;21;22;23;24;25,0;1;2;3;10;11;12;13;14;15;16;17;18;19;20;21,12,4,4
controlled-2429,controlled,hit_75,lead_4/rep_9,10,0,0,Oracle,4.0,0.0,128,10;11;12;13;14;15;16;17;18;19;20;21;22;23;24;25,10;11;12;13;14;15;16;17;18;19;20;21;22;23;24;25,16,0,0
controlled-2430,controlled,hit_75,lead_4/rep_10,11,0,0,No-Selected-Prefetch,4.0,0.0,128,10;11;12;13;14;15;16;17;18;19;20;21;22;23;24;25,,0,0,16
controlled-2431,controlled,hit_75,lead_4/rep_10,11,0,0,History-Last1,4.0,0.0,128,10;11;12;13;14;15;16;17;18;19;20;21;22;23;24;25,0;1;2;3;10;11;12;13;14;15;16;17;18;19;20;21,12,4,4
controlled-2432,controlled,hit_75,lead_4/rep_10,11,0,0,Oracle,4.0,0.0,128,10;11;12;13;14;15;16;17;18;19;20;21;22;23;24;25,10;11;12;13;14;15;16;17;18;19;20;21;22;23;24;25,16,0,0
controlled-2433,controlled,hit_75,lead_4/rep_11,12,0,0,No-Selected-Prefetch,4.0,0.0,128,10;11;12;13;14;15;16;17;18;19;20;21;22;23;24;25,,0,0,16
controlled-2434,controlled,hit_75,lead_4/rep_11,12,0,0,History-Last1,4.0,0.0,128,10;11;12;13;14;15;16;17;18;19;20;21;22;23;24;25,0;1;2;3;10;11;12;13;14;15;16;17;18;19;20;21,12,4,4
controlled-2435,controlled,hit_75,lead_4/rep_11,12,0,0,Oracle,4.0,0.0,128,10;11;12;13;14;15;16;17;18;19;20;21;22;23;24;25,10;11;12;13;14;15;16;17;18;19;20;21;22;23;24;25,16,0,0
controlled-2436,controlled,hit_75,lead_4/rep_12,13,0,0,No-Selected-Prefetch,4.0,0.0,128,10;11;12;13;14;15;16;17;18;19;20;21;22;23;24;25,,0,0,16
controlled-2437,controlled,hit_75,lead_4/rep_12,13,0,0,History-Last1,4.0,0.0,128,10;11;12;13;14;15;16;17;18;19;20;21;22;23;24;25,0;1;2;3;10;11;12;13;14;15;16;17;18;19;20;21,12,4,4
controlled-2438,controlled,hit_75,lead_4/rep_12,13,0,0,Oracle,4.0,0.0,128,10;11;12;13;14;15;16;17;18;19;20;21;22;23;24;25,10;11;12;13;14;15;16;17;18;19;20;21;22;23;24;25,16,0,0
controlled-2439,controlled,hit_75,lead_4/rep_13,14,0,0,No-Selected-Prefetch,4.0,0.0,128,10;11;12;13;14;15;16;17;18;19;20;21;22;23;24;25,,0,0,16
controlled-2440,controlled,hit_75,lead_4/rep_13,14,0,0,History-Last1,4.0,0.0,128,10;11;12;13;14;15;16;17;18;19;20;21;22;23;24;25,0;1;2;3;10;11;12;13;14;15;16;17;18;19;20;21,12,4,4
controlled-2441,controlled,hit_75,lead_4/rep_13,14,0,0,Oracle,4.0,0.0,128,10;11;12;13;14;15;16;17;18;19;20;21;22;23;24;25,10;11;12;13;14;15;16;17;18;19;20;21;22;23;24;25,16,0,0
controlled-2442,controlled,hit_75,lead_4/rep_14,15,0,0,No-Selected-Prefetch,4.0,0.0,128,10;11;12;13;14;15;16;17;18;19;20;21;22;23;24;25,,0,0,16
controlled-2443,controlled,hit_75,lead_4/rep_14,15,0,0,History-Last1,4.0,0.0,128,10;11;12;13;14;15;16;17;18;19;20;21;22;23;24;25,0;1;2;3;10;11;12;13;14;15;16;17;18;19;20;21,12,4,4
controlled-2444,controlled,hit_75,lead_4/rep_14,15,0,0,Oracle,4.0,0.0,128,10;11;12;13;14;15;16;17;18;19;20;21;22;23;24;25,10;11;12;13;14;15;16;17;18;19;20;21;22;23;24;25,16,0,0
controlled-2445,controlled,hit_75,lead_4/rep_15,16,0,0,No-Selected-Prefetch,4.0,0.0,128,10;11;12;13;14;15;16;17;18;19;20;21;22;23;24;25,,0,0,16
controlled-2446,controlled,hit_75,lead_4/rep_15,16,0,0,History-Last1,4.0,0.0,128,10;11;12;13;14;15;16;17;18;19;20;21;22;23;24;25,0;1;2;3;10;11;12;13;14;15;16;17;18;19;20;21,12,4,4
controlled-2447,controlled,hit_75,lead_4/rep_15,16,0,0,Oracle,4.0,0.0,128,10;11;12;13;14;15;16;17;18;19;20;21;22;23;24;25,10;11;12;13;14;15;16;17;18;19;20;21;22;23;24;25,16,0,0
controlled-2448,controlled,hit_75,lead_4/rep_16,17,0,0,No-Selected-Prefetch,4.0,0.0,128,10;11;12;13;14;15;16;17;18;19;20;21;22;23;24;25,,0,0,16
controlled-2449,controlled,hit_75,lead_4/rep_16,17,0,0,History-Last1,4.0,0.0,128,10;11;12;13;14;15;16;17;18;19;20;21;22;23;24;25,0;1;2;3;10;11;12;13;14;15;16;17;18;19;20;21,12,4,4
controlled-2450,controlled,hit_75,lead_4/rep_16,17,0,0,Oracle,4.0,0.0,128,10;11;12;13;14;15;16;17;18;19;20;21;22;23;24;25,10;11;12;13;14;15;16;17;18;19;20;21;22;23;24;25,16,0,0
controlled-2451,controlled,hit_75,lead_4/rep_17,18,0,0,No-Selected-Prefetch,4.0,0.0,128,10;11;12;13;14;15;16;17;18;19;20;21;22;23;24;25,,0,0,16
controlled-2452,controlled,hit_75,lead_4/rep_17,18,0,0,History-Last1,4.0,0.0,128,10;11;12;13;14;15;16;17;18;19;20;21;22;23;24;25,0;1;2;3;10;11;12;13;14;15;16;17;18;19;20;21,12,4,4
controlled-2453,controlled,hit_75,lead_4/rep_17,18,0,0,Oracle,4.0,0.0,128,10;11;12;13;14;15;16;17;18;19;20;21;22;23;24;25,10;11;12;13;14;15;16;17;18;19;20;21;22;23;24;25,16,0,0
controlled-2454,controlled,hit_75,lead_4/rep_18,19,0,0,No-Selected-Prefetch,4.0,0.0,128,10;11;12;13;14;15;16;17;18;19;20;21;22;23;24;25,,0,0,16
controlled-2455,controlled,hit_75,lead_4/rep_18,19,0,0,History-Last1,4.0,0.0,128,10;11;12;13;14;15;16;17;18;19;20;21;22;23;24;25,0;1;2;3;10;11;12;13;14;15;16;17;18;19;20;21,12,4,4
controlled-2456,controlled,hit_75,lead_4/rep_18,19,0,0,Oracle,4.0,0.0,128,10;11;12;13;14;15;16;17;18;19;20;21;22;23;24;25,10;11;12;13;14;15;16;17;18;19;20;21;22;23;24;25,16,0,0
controlled-2457,controlled,hit_75,lead_4/rep_19,20,0,0,No-Selected-Prefetch,4.0,0.0,128,10;11;12;13;14;15;16;17;18;19;20;21;22;23;24;25,,0,0,16
controlled-2458,controlled,hit_75,lead_4/rep_19,20,0,0,History-Last1,4.0,0.0,128,10;11;12;13;14;15;16;17;18;19;20;21;22;23;24;25,0;1;2;3;10;11;12;13;14;15;16;17;18;19;20;21,12,4,4
controlled-2459,controlled,hit_75,lead_4/rep_19,20,0,0,Oracle,4.0,0.0,128,10;11;12;13;14;15;16;17;18;19;20;21;22;23;24;25,10;11;12;13;14;15;16;17;18;19;20;21;22;23;24;25,16,0,0
controlled-2460,controlled,hit_75,lead_8/rep_0,1,0,0,No-Selected-Prefetch,8.0,0.0,128,10;11;12;13;14;15;16;17;18;19;20;21;22;23;24;25,,0,0,16
controlled-2461,controlled,hit_75,lead_8/rep_0,1,0,0,History-Last1,8.0,0.0,128,10;11;12;13;14;15;16;17;18;19;20;21;22;23;24;25,0;1;2;3;10;11;12;13;14;15;16;17;18;19;20;21,12,4,4
controlled-2462,controlled,hit_75,lead_8/rep_0,1,0,0,Oracle,8.0,0.0,128,10;11;12;13;14;15;16;17;18;19;20;21;22;23;24;25,10;11;12;13;14;15;16;17;18;19;20;21;22;23;24;25,16,0,0
controlled-2463,controlled,hit_75,lead_8/rep_1,2,0,0,No-Selected-Prefetch,8.0,0.0,128,10;11;12;13;14;15;16;17;18;19;20;21;22;23;24;25,,0,0,16
controlled-2464,controlled,hit_75,lead_8/rep_1,2,0,0,History-Last1,8.0,0.0,128,10;11;12;13;14;15;16;17;18;19;20;21;22;23;24;25,0;1;2;3;10;11;12;13;14;15;16;17;18;19;20;21,12,4,4
controlled-2465,controlled,hit_75,lead_8/rep_1,2,0,0,Oracle,8.0,0.0,128,10;11;12;13;14;15;16;17;18;19;20;21;22;23;24;25,10;11;12;13;14;15;16;17;18;19;20;21;22;23;24;25,16,0,0
controlled-2466,controlled,hit_75,lead_8/rep_2,3,0,0,No-Selected-Prefetch,8.0,0.0,128,10;11;12;13;14;15;16;17;18;19;20;21;22;23;24;25,,0,0,16
controlled-2467,controlled,hit_75,lead_8/rep_2,3,0,0,History-Last1,8.0,0.0,128,10;11;12;13;14;15;16;17;18;19;20;21;22;23;24;25,0;1;2;3;10;11;12;13;14;15;16;17;18;19;20;21,12,4,4
controlled-2468,controlled,hit_75,lead_8/rep_2,3,0,0,Oracle,8.0,0.0,128,10;11;12;13;14;15;16;17;18;19;20;21;22;23;24;25,10;11;12;13;14;15;16;17;18;19;20;21;22;23;24;25,16,0,0
controlled-2469,controlled,hit_75,lead_8/rep_3,4,0,0,No-Selected-Prefetch,8.0,0.0,128,10;11;12;13;14;15;16;17;18;19;20;21;22;23;24;25,,0,0,16
controlled-2470,controlled,hit_75,lead_8/rep_3,4,0,0,History-Last1,8.0,0.0,128,10;11;12;13;14;15;16;17;18;19;20;21;22;23;24;25,0;1;2;3;10;11;12;13;14;15;16;17;18;19;20;21,12,4,4
controlled-2471,controlled,hit_75,lead_8/rep_3,4,0,0,Oracle,8.0,0.0,128,10;11;12;13;14;15;16;17;18;19;20;21;22;23;24;25,10;11;12;13;14;15;16;17;18;19;20;21;22;23;24;25,16,0,0
controlled-2472,controlled,hit_75,lead_8/rep_4,5,0,0,No-Selected-Prefetch,8.0,0.0,128,10;11;12;13;14;15;16;17;18;19;20;21;22;23;24;25,,0,0,16
controlled-2473,controlled,hit_75,lead_8/rep_4,5,0,0,History-Last1,8.0,0.0,128,10;11;12;13;14;15;16;17;18;19;20;21;22;23;24;25,0;1;2;3;10;11;12;13;14;15;16;17;18;19;20;21,12,4,4
controlled-2474,controlled,hit_75,lead_8/rep_4,5,0,0,Oracle,8.0,0.0,128,10;11;12;13;14;15;16;17;18;19;20;21;22;23;24;25,10;11;12;13;14;15;16;17;18;19;20;21;22;23;24;25,16,0,0
controlled-2475,controlled,hit_75,lead_8/rep_5,6,0,0,No-Selected-Prefetch,8.0,0.0,128,10;11;12;13;14;15;16;17;18;19;20;21;22;23;24;25,,0,0,16
controlled-2476,controlled,hit_75,lead_8/rep_5,6,0,0,History-Last1,8.0,0.0,128,10;11;12;13;14;15;16;17;18;19;20;21;22;23;24;25,0;1;2;3;10;11;12;13;14;15;16;17;18;19;20;21,12,4,4
controlled-2477,controlled,hit_75,lead_8/rep_5,6,0,0,Oracle,8.0,0.0,128,10;11;12;13;14;15;16;17;18;19;20;21;22;23;24;25,10;11;12;13;14;15;16;17;18;19;20;21;22;23;24;25,16,0,0
controlled-2478,controlled,hit_75,lead_8/rep_6,7,0,0,No-Selected-Prefetch,8.0,0.0,128,10;11;12;13;14;15;16;17;18;19;20;21;22;23;24;25,,0,0,16
controlled-2479,controlled,hit_75,lead_8/rep_6,7,0,0,History-Last1,8.0,0.0,128,10;11;12;13;14;15;16;17;18;19;20;21;22;23;24;25,0;1;2;3;10;11;12;13;14;15;16;17;18;19;20;21,12,4,4
controlled-2480,controlled,hit_75,lead_8/rep_6,7,0,0,Oracle,8.0,0.0,128,10;11;12;13;14;15;16;17;18;19;20;21;22;23;24;25,10;11;12;13;14;15;16;17;18;19;20;21;22;23;24;25,16,0,0
controlled-2481,controlled,hit_75,lead_8/rep_7,8,0,0,No-Selected-Prefetch,8.0,0.0,128,10;11;12;13;14;15;16;17;18;19;20;21;22;23;24;25,,0,0,16
controlled-2482,controlled,hit_75,lead_8/rep_7,8,0,0,History-Last1,8.0,0.0,128,10;11;12;13;14;15;16;17;18;19;20;21;22;23;24;25,0;1;2;3;10;11;12;13;14;15;16;17;18;19;20;21,12,4,4
controlled-2483,controlled,hit_75,lead_8/rep_7,8,0,0,Oracle,8.0,0.0,128,10;11;12;13;14;15;16;17;18;19;20;21;22;23;24;25,10;11;12;13;14;15;16;17;18;19;20;21;22;23;24;25,16,0,0
controlled-2484,controlled,hit_75,lead_8/rep_8,9,0,0,No-Selected-Prefetch,8.0,0.0,128,10;11;12;13;14;15;16;17;18;19;20;21;22;23;24;25,,0,0,16
controlled-2485,controlled,hit_75,lead_8/rep_8,9,0,0,History-Last1,8.0,0.0,128,10;11;12;13;14;15;16;17;18;19;20;21;22;23;24;25,0;1;2;3;10;11;12;13;14;15;16;17;18;19;20;21,12,4,4
controlled-2486,controlled,hit_75,lead_8/rep_8,9,0,0,Oracle,8.0,0.0,128,10;11;12;13;14;15;16;17;18;19;20;21;22;23;24;25,10;11;12;13;14;15;16;17;18;19;20;21;22;23;24;25,16,0,0
controlled-2487,controlled,hit_75,lead_8/rep_9,10,0,0,No-Selected-Prefetch,8.0,0.0,128,10;11;12;13;14;15;16;17;18;19;20;21;22;23;24;25,,0,0,16
controlled-2488,controlled,hit_75,lead_8/rep_9,10,0,0,History-Last1,8.0,0.0,128,10;11;12;13;14;15;16;17;18;19;20;21;22;23;24;25,0;1;2;3;10;11;12;13;14;15;16;17;18;19;20;21,12,4,4
controlled-2489,controlled,hit_75,lead_8/rep_9,10,0,0,Oracle,8.0,0.0,128,10;11;12;13;14;15;16;17;18;19;20;21;22;23;24;25,10;11;12;13;14;15;16;17;18;19;20;21;22;23;24;25,16,0,0
controlled-2490,controlled,hit_75,lead_8/rep_10,11,0,0,No-Selected-Prefetch,8.0,0.0,128,10;11;12;13;14;15;16;17;18;19;20;21;22;23;24;25,,0,0,16
controlled-2491,controlled,hit_75,lead_8/rep_10,11,0,0,History-Last1,8.0,0.0,128,10;11;12;13;14;15;16;17;18;19;20;21;22;23;24;25,0;1;2;3;10;11;12;13;14;15;16;17;18;19;20;21,12,4,4
controlled-2492,controlled,hit_75,lead_8/rep_10,11,0,0,Oracle,8.0,0.0,128,10;11;12;13;14;15;16;17;18;19;20;21;22;23;24;25,10;11;12;13;14;15;16;17;18;19;20;21;22;23;24;25,16,0,0
controlled-2493,controlled,hit_75,lead_8/rep_11,12,0,0,No-Selected-Prefetch,8.0,0.0,128,10;11;12;13;14;15;16;17;18;19;20;21;22;23;24;25,,0,0,16
controlled-2494,controlled,hit_75,lead_8/rep_11,12,0,0,History-Last1,8.0,0.0,128,10;11;12;13;14;15;16;17;18;19;20;21;22;23;24;25,0;1;2;3;10;11;12;13;14;15;16;17;18;19;20;21,12,4,4
controlled-2495,controlled,hit_75,lead_8/rep_11,12,0,0,Oracle,8.0,0.0,128,10;11;12;13;14;15;16;17;18;19;20;21;22;23;24;25,10;11;12;13;14;15;16;17;18;19;20;21;22;23;24;25,16,0,0
controlled-2496,controlled,hit_75,lead_8/rep_12,13,0,0,No-Selected-Prefetch,8.0,0.0,128,10;11;12;13;14;15;16;17;18;19;20;21;22;23;24;25,,0,0,16
controlled-2497,controlled,hit_75,lead_8/rep_12,13,0,0,History-Last1,8.0,0.0,128,10;11;12;13;14;15;16;17;18;19;20;21;22;23;24;25,0;1;2;3;10;11;12;13;14;15;16;17;18;19;20;21,12,4,4
controlled-2498,controlled,hit_75,lead_8/rep_12,13,0,0,Oracle,8.0,0.0,128,10;11;12;13;14;15;16;17;18;19;20;21;22;23;24;25,10;11;12;13;14;15;16;17;18;19;20;21;22;23;24;25,16,0,0
controlled-2499,controlled,hit_75,lead_8/rep_13,14,0,0,No-Selected-Prefetch,8.0,0.0,128,10;11;12;13;14;15;16;17;18;19;20;21;22;23;24;25,,0,0,16
controlled-2500,controlled,hit_75,lead_8/rep_13,14,0,0,History-Last1,8.0,0.0,128,10;11;12;13;14;15;16;17;18;19;20;21;22;23;24;25,0;1;2;3;10;11;12;13;14;15;16;17;18;19;20;21,12,4,4
controlled-2501,controlled,hit_75,lead_8/rep_13,14,0,0,Oracle,8.0,0.0,128,10;11;12;13;14;15;16;17;18;19;20;21;22;23;24;25,10;11;12;13;14;15;16;17;18;19;20;21;22;23;24;25,16,0,0
controlled-2502,controlled,hit_75,lead_8/rep_14,15,0,0,No-Selected-Prefetch,8.0,0.0,128,10;11;12;13;14;15;16;17;18;19;20;21;22;23;24;25,,0,0,16
controlled-2503,controlled,hit_75,lead_8/rep_14,15,0,0,History-Last1,8.0,0.0,128,10;11;12;13;14;15;16;17;18;19;20;21;22;23;24;25,0;1;2;3;10;11;12;13;14;15;16;17;18;19;20;21,12,4,4
controlled-2504,controlled,hit_75,lead_8/rep_14,15,0,0,Oracle,8.0,0.0,128,10;11;12;13;14;15;16;17;18;19;20;21;22;23;24;25,10;11;12;13;14;15;16;17;18;19;20;21;22;23;24;25,16,0,0
controlled-2505,controlled,hit_75,lead_8/rep_15,16,0,0,No-Selected-Prefetch,8.0,0.0,128,10;11;12;13;14;15;16;17;18;19;20;21;22;23;24;25,,0,0,16
controlled-2506,controlled,hit_75,lead_8/rep_15,16,0,0,History-Last1,8.0,0.0,128,10;11;12;13;14;15;16;17;18;19;20;21;22;23;24;25,0;1;2;3;10;11;12;13;14;15;16;17;18;19;20;21,12,4,4
controlled-2507,controlled,hit_75,lead_8/rep_15,16,0,0,Oracle,8.0,0.0,128,10;11;12;13;14;15;16;17;18;19;20;21;22;23;24;25,10;11;12;13;14;15;16;17;18;19;20;21;22;23;24;25,16,0,0
controlled-2508,controlled,hit_75,lead_8/rep_16,17,0,0,No-Selected-Prefetch,8.0,0.0,128,10;11;12;13;14;15;16;17;18;19;20;21;22;23;24;25,,0,0,16
controlled-2509,controlled,hit_75,lead_8/rep_16,17,0,0,History-Last1,8.0,0.0,128,10;11;12;13;14;15;16;17;18;19;20;21;22;23;24;25,0;1;2;3;10;11;12;13;14;15;16;17;18;19;20;21,12,4,4
controlled-2510,controlled,hit_75,lead_8/rep_16,17,0,0,Oracle,8.0,0.0,128,10;11;12;13;14;15;16;17;18;19;20;21;22;23;24;25,10;11;12;13;14;15;16;17;18;19;20;21;22;23;24;25,16,0,0
controlled-2511,controlled,hit_75,lead_8/rep_17,18,0,0,No-Selected-Prefetch,8.0,0.0,128,10;11;12;13;14;15;16;17;18;19;20;21;22;23;24;25,,0,0,16
controlled-2512,controlled,hit_75,lead_8/rep_17,18,0,0,History-Last1,8.0,0.0,128,10;11;12;13;14;15;16;17;18;19;20;21;22;23;24;25,0;1;2;3;10;11;12;13;14;15;16;17;18;19;20;21,12,4,4
controlled-2513,controlled,hit_75,lead_8/rep_17,18,0,0,Oracle,8.0,0.0,128,10;11;12;13;14;15;16;17;18;19;20;21;22;23;24;25,10;11;12;13;14;15;16;17;18;19;20;21;22;23;24;25,16,0,0
controlled-2514,controlled,hit_75,lead_8/rep_18,19,0,0,No-Selected-Prefetch,8.0,0.0,128,10;11;12;13;14;15;16;17;18;19;20;21;22;23;24;25,,0,0,16
controlled-2515,controlled,hit_75,lead_8/rep_18,19,0,0,History-Last1,8.0,0.0,128,10;11;12;13;14;15;16;17;18;19;20;21;22;23;24;25,0;1;2;3;10;11;12;13;14;15;16;17;18;19;20;21,12,4,4
controlled-2516,controlled,hit_75,lead_8/rep_18,19,0,0,Oracle,8.0,0.0,128,10;11;12;13;14;15;16;17;18;19;20;21;22;23;24;25,10;11;12;13;14;15;16;17;18;19;20;21;22;23;24;25,16,0,0
controlled-2517,controlled,hit_75,lead_8/rep_19,20,0,0,No-Selected-Prefetch,8.0,0.0,128,10;11;12;13;14;15;16;17;18;19;20;21;22;23;24;25,,0,0,16
controlled-2518,controlled,hit_75,lead_8/rep_19,20,0,0,History-Last1,8.0,0.0,128,10;11;12;13;14;15;16;17;18;19;20;21;22;23;24;25,0;1;2;3;10;11;12;13;14;15;16;17;18;19;20;21,12,4,4
controlled-2519,controlled,hit_75,lead_8/rep_19,20,0,0,Oracle,8.0,0.0,128,10;11;12;13;14;15;16;17;18;19;20;21;22;23;24;25,10;11;12;13;14;15;16;17;18;19;20;21;22;23;24;25,16,0,0
controlled-2520,controlled,hit_81.25,lead_0/rep_0,1,0,0,No-Selected-Prefetch,0.0,0.0,128,10;11;12;13;14;15;16;17;18;19;20;21;22;23;24;25,,0,0,16
controlled-2521,controlled,hit_81.25,lead_0/rep_0,1,0,0,History-Last1,0.0,0.0,128,10;11;12;13;14;15;16;17;18;19;20;21;22;23;24;25,0;1;2;10;11;12;13;14;15;16;17;18;19;20;21;22,13,3,3
controlled-2522,controlled,hit_81.25,lead_0/rep_0,1,0,0,Oracle,0.0,0.0,128,10;11;12;13;14;15;16;17;18;19;20;21;22;23;24;25,10;11;12;13;14;15;16;17;18;19;20;21;22;23;24;25,16,0,0
controlled-2523,controlled,hit_81.25,lead_0/rep_1,2,0,0,No-Selected-Prefetch,0.0,0.0,128,10;11;12;13;14;15;16;17;18;19;20;21;22;23;24;25,,0,0,16
controlled-2524,controlled,hit_81.25,lead_0/rep_1,2,0,0,History-Last1,0.0,0.0,128,10;11;12;13;14;15;16;17;18;19;20;21;22;23;24;25,0;1;2;10;11;12;13;14;15;16;17;18;19;20;21;22,13,3,3
controlled-2525,controlled,hit_81.25,lead_0/rep_1,2,0,0,Oracle,0.0,0.0,128,10;11;12;13;14;15;16;17;18;19;20;21;22;23;24;25,10;11;12;13;14;15;16;17;18;19;20;21;22;23;24;25,16,0,0
controlled-2526,controlled,hit_81.25,lead_0/rep_2,3,0,0,No-Selected-Prefetch,0.0,0.0,128,10;11;12;13;14;15;16;17;18;19;20;21;22;23;24;25,,0,0,16
controlled-2527,controlled,hit_81.25,lead_0/rep_2,3,0,0,History-Last1,0.0,0.0,128,10;11;12;13;14;15;16;17;18;19;20;21;22;23;24;25,0;1;2;10;11;12;13;14;15;16;17;18;19;20;21;22,13,3,3
controlled-2528,controlled,hit_81.25,lead_0/rep_2,3,0,0,Oracle,0.0,0.0,128,10;11;12;13;14;15;16;17;18;19;20;21;22;23;24;25,10;11;12;13;14;15;16;17;18;19;20;21;22;23;24;25,16,0,0
controlled-2529,controlled,hit_81.25,lead_0/rep_3,4,0,0,No-Selected-Prefetch,0.0,0.0,128,10;11;12;13;14;15;16;17;18;19;20;21;22;23;24;25,,0,0,16
controlled-2530,controlled,hit_81.25,lead_0/rep_3,4,0,0,History-Last1,0.0,0.0,128,10;11;12;13;14;15;16;17;18;19;20;21;22;23;24;25,0;1;2;10;11;12;13;14;15;16;17;18;19;20;21;22,13,3,3
controlled-2531,controlled,hit_81.25,lead_0/rep_3,4,0,0,Oracle,0.0,0.0,128,10;11;12;13;14;15;16;17;18;19;20;21;22;23;24;25,10;11;12;13;14;15;16;17;18;19;20;21;22;23;24;25,16,0,0
controlled-2532,controlled,hit_81.25,lead_0/rep_4,5,0,0,No-Selected-Prefetch,0.0,0.0,128,10;11;12;13;14;15;16;17;18;19;20;21;22;23;24;25,,0,0,16
controlled-2533,controlled,hit_81.25,lead_0/rep_4,5,0,0,History-Last1,0.0,0.0,128,10;11;12;13;14;15;16;17;18;19;20;21;22;23;24;25,0;1;2;10;11;12;13;14;15;16;17;18;19;20;21;22,13,3,3
controlled-2534,controlled,hit_81.25,lead_0/rep_4,5,0,0,Oracle,0.0,0.0,128,10;11;12;13;14;15;16;17;18;19;20;21;22;23;24;25,10;11;12;13;14;15;16;17;18;19;20;21;22;23;24;25,16,0,0
controlled-2535,controlled,hit_81.25,lead_0/rep_5,6,0,0,No-Selected-Prefetch,0.0,0.0,128,10;11;12;13;14;15;16;17;18;19;20;21;22;23;24;25,,0,0,16
controlled-2536,controlled,hit_81.25,lead_0/rep_5,6,0,0,History-Last1,0.0,0.0,128,10;11;12;13;14;15;16;17;18;19;20;21;22;23;24;25,0;1;2;10;11;12;13;14;15;16;17;18;19;20;21;22,13,3,3
controlled-2537,controlled,hit_81.25,lead_0/rep_5,6,0,0,Oracle,0.0,0.0,128,10;11;12;13;14;15;16;17;18;19;20;21;22;23;24;25,10;11;12;13;14;15;16;17;18;19;20;21;22;23;24;25,16,0,0
controlled-2538,controlled,hit_81.25,lead_0/rep_6,7,0,0,No-Selected-Prefetch,0.0,0.0,128,10;11;12;13;14;15;16;17;18;19;20;21;22;23;24;25,,0,0,16
controlled-2539,controlled,hit_81.25,lead_0/rep_6,7,0,0,History-Last1,0.0,0.0,128,10;11;12;13;14;15;16;17;18;19;20;21;22;23;24;25,0;1;2;10;11;12;13;14;15;16;17;18;19;20;21;22,13,3,3
controlled-2540,controlled,hit_81.25,lead_0/rep_6,7,0,0,Oracle,0.0,0.0,128,10;11;12;13;14;15;16;17;18;19;20;21;22;23;24;25,10;11;12;13;14;15;16;17;18;19;20;21;22;23;24;25,16,0,0
controlled-2541,controlled,hit_81.25,lead_0/rep_7,8,0,0,No-Selected-Prefetch,0.0,0.0,128,10;11;12;13;14;15;16;17;18;19;20;21;22;23;24;25,,0,0,16
controlled-2542,controlled,hit_81.25,lead_0/rep_7,8,0,0,History-Last1,0.0,0.0,128,10;11;12;13;14;15;16;17;18;19;20;21;22;23;24;25,0;1;2;10;11;12;13;14;15;16;17;18;19;20;21;22,13,3,3
controlled-2543,controlled,hit_81.25,lead_0/rep_7,8,0,0,Oracle,0.0,0.0,128,10;11;12;13;14;15;16;17;18;19;20;21;22;23;24;25,10;11;12;13;14;15;16;17;18;19;20;21;22;23;24;25,16,0,0
controlled-2544,controlled,hit_81.25,lead_0/rep_8,9,0,0,No-Selected-Prefetch,0.0,0.0,128,10;11;12;13;14;15;16;17;18;19;20;21;22;23;24;25,,0,0,16
controlled-2545,controlled,hit_81.25,lead_0/rep_8,9,0,0,History-Last1,0.0,0.0,128,10;11;12;13;14;15;16;17;18;19;20;21;22;23;24;25,0;1;2;10;11;12;13;14;15;16;17;18;19;20;21;22,13,3,3
controlled-2546,controlled,hit_81.25,lead_0/rep_8,9,0,0,Oracle,0.0,0.0,128,10;11;12;13;14;15;16;17;18;19;20;21;22;23;24;25,10;11;12;13;14;15;16;17;18;19;20;21;22;23;24;25,16,0,0
controlled-2547,controlled,hit_81.25,lead_0/rep_9,10,0,0,No-Selected-Prefetch,0.0,0.0,128,10;11;12;13;14;15;16;17;18;19;20;21;22;23;24;25,,0,0,16
controlled-2548,controlled,hit_81.25,lead_0/rep_9,10,0,0,History-Last1,0.0,0.0,128,10;11;12;13;14;15;16;17;18;19;20;21;22;23;24;25,0;1;2;10;11;12;13;14;15;16;17;18;19;20;21;22,13,3,3
controlled-2549,controlled,hit_81.25,lead_0/rep_9,10,0,0,Oracle,0.0,0.0,128,10;11;12;13;14;15;16;17;18;19;20;21;22;23;24;25,10;11;12;13;14;15;16;17;18;19;20;21;22;23;24;25,16,0,0
controlled-2550,controlled,hit_81.25,lead_0/rep_10,11,0,0,No-Selected-Prefetch,0.0,0.0,128,10;11;12;13;14;15;16;17;18;19;20;21;22;23;24;25,,0,0,16
controlled-2551,controlled,hit_81.25,lead_0/rep_10,11,0,0,History-Last1,0.0,0.0,128,10;11;12;13;14;15;16;17;18;19;20;21;22;23;24;25,0;1;2;10;11;12;13;14;15;16;17;18;19;20;21;22,13,3,3
controlled-2552,controlled,hit_81.25,lead_0/rep_10,11,0,0,Oracle,0.0,0.0,128,10;11;12;13;14;15;16;17;18;19;20;21;22;23;24;25,10;11;12;13;14;15;16;17;18;19;20;21;22;23;24;25,16,0,0
controlled-2553,controlled,hit_81.25,lead_0/rep_11,12,0,0,No-Selected-Prefetch,0.0,0.0,128,10;11;12;13;14;15;16;17;18;19;20;21;22;23;24;25,,0,0,16
controlled-2554,controlled,hit_81.25,lead_0/rep_11,12,0,0,History-Last1,0.0,0.0,128,10;11;12;13;14;15;16;17;18;19;20;21;22;23;24;25,0;1;2;10;11;12;13;14;15;16;17;18;19;20;21;22,13,3,3
controlled-2555,controlled,hit_81.25,lead_0/rep_11,12,0,0,Oracle,0.0,0.0,128,10;11;12;13;14;15;16;17;18;19;20;21;22;23;24;25,10;11;12;13;14;15;16;17;18;19;20;21;22;23;24;25,16,0,0
controlled-2556,controlled,hit_81.25,lead_0/rep_12,13,0,0,No-Selected-Prefetch,0.0,0.0,128,10;11;12;13;14;15;16;17;18;19;20;21;22;23;24;25,,0,0,16
controlled-2557,controlled,hit_81.25,lead_0/rep_12,13,0,0,History-Last1,0.0,0.0,128,10;11;12;13;14;15;16;17;18;19;20;21;22;23;24;25,0;1;2;10;11;12;13;14;15;16;17;18;19;20;21;22,13,3,3
controlled-2558,controlled,hit_81.25,lead_0/rep_12,13,0,0,Oracle,0.0,0.0,128,10;11;12;13;14;15;16;17;18;19;20;21;22;23;24;25,10;11;12;13;14;15;16;17;18;19;20;21;22;23;24;25,16,0,0
controlled-2559,controlled,hit_81.25,lead_0/rep_13,14,0,0,No-Selected-Prefetch,0.0,0.0,128,10;11;12;13;14;15;16;17;18;19;20;21;22;23;24;25,,0,0,16
controlled-2560,controlled,hit_81.25,lead_0/rep_13,14,0,0,History-Last1,0.0,0.0,128,10;11;12;13;14;15;16;17;18;19;20;21;22;23;24;25,0;1;2;10;11;12;13;14;15;16;17;18;19;20;21;22,13,3,3
controlled-2561,controlled,hit_81.25,lead_0/rep_13,14,0,0,Oracle,0.0,0.0,128,10;11;12;13;14;15;16;17;18;19;20;21;22;23;24;25,10;11;12;13;14;15;16;17;18;19;20;21;22;23;24;25,16,0,0
controlled-2562,controlled,hit_81.25,lead_0/rep_14,15,0,0,No-Selected-Prefetch,0.0,0.0,128,10;11;12;13;14;15;16;17;18;19;20;21;22;23;24;25,,0,0,16
controlled-2563,controlled,hit_81.25,lead_0/rep_14,15,0,0,History-Last1,0.0,0.0,128,10;11;12;13;14;15;16;17;18;19;20;21;22;23;24;25,0;1;2;10;11;12;13;14;15;16;17;18;19;20;21;22,13,3,3
controlled-2564,controlled,hit_81.25,lead_0/rep_14,15,0,0,Oracle,0.0,0.0,128,10;11;12;13;14;15;16;17;18;19;20;21;22;23;24;25,10;11;12;13;14;15;16;17;18;19;20;21;22;23;24;25,16,0,0
controlled-2565,controlled,hit_81.25,lead_0/rep_15,16,0,0,No-Selected-Prefetch,0.0,0.0,128,10;11;12;13;14;15;16;17;18;19;20;21;22;23;24;25,,0,0,16
controlled-2566,controlled,hit_81.25,lead_0/rep_15,16,0,0,History-Last1,0.0,0.0,128,10;11;12;13;14;15;16;17;18;19;20;21;22;23;24;25,0;1;2;10;11;12;13;14;15;16;17;18;19;20;21;22,13,3,3
controlled-2567,controlled,hit_81.25,lead_0/rep_15,16,0,0,Oracle,0.0,0.0,128,10;11;12;13;14;15;16;17;18;19;20;21;22;23;24;25,10;11;12;13;14;15;16;17;18;19;20;21;22;23;24;25,16,0,0
controlled-2568,controlled,hit_81.25,lead_0/rep_16,17,0,0,No-Selected-Prefetch,0.0,0.0,128,10;11;12;13;14;15;16;17;18;19;20;21;22;23;24;25,,0,0,16
controlled-2569,controlled,hit_81.25,lead_0/rep_16,17,0,0,History-Last1,0.0,0.0,128,10;11;12;13;14;15;16;17;18;19;20;21;22;23;24;25,0;1;2;10;11;12;13;14;15;16;17;18;19;20;21;22,13,3,3
controlled-2570,controlled,hit_81.25,lead_0/rep_16,17,0,0,Oracle,0.0,0.0,128,10;11;12;13;14;15;16;17;18;19;20;21;22;23;24;25,10;11;12;13;14;15;16;17;18;19;20;21;22;23;24;25,16,0,0
controlled-2571,controlled,hit_81.25,lead_0/rep_17,18,0,0,No-Selected-Prefetch,0.0,0.0,128,10;11;12;13;14;15;16;17;18;19;20;21;22;23;24;25,,0,0,16
controlled-2572,controlled,hit_81.25,lead_0/rep_17,18,0,0,History-Last1,0.0,0.0,128,10;11;12;13;14;15;16;17;18;19;20;21;22;23;24;25,0;1;2;10;11;12;13;14;15;16;17;18;19;20;21;22,13,3,3
controlled-2573,controlled,hit_81.25,lead_0/rep_17,18,0,0,Oracle,0.0,0.0,128,10;11;12;13;14;15;16;17;18;19;20;21;22;23;24;25,10;11;12;13;14;15;16;17;18;19;20;21;22;23;24;25,16,0,0
controlled-2574,controlled,hit_81.25,lead_0/rep_18,19,0,0,No-Selected-Prefetch,0.0,0.0,128,10;11;12;13;14;15;16;17;18;19;20;21;22;23;24;25,,0,0,16
controlled-2575,controlled,hit_81.25,lead_0/rep_18,19,0,0,History-Last1,0.0,0.0,128,10;11;12;13;14;15;16;17;18;19;20;21;22;23;24;25,0;1;2;10;11;12;13;14;15;16;17;18;19;20;21;22,13,3,3
controlled-2576,controlled,hit_81.25,lead_0/rep_18,19,0,0,Oracle,0.0,0.0,128,10;11;12;13;14;15;16;17;18;19;20;21;22;23;24;25,10;11;12;13;14;15;16;17;18;19;20;21;22;23;24;25,16,0,0
controlled-2577,controlled,hit_81.25,lead_0/rep_19,20,0,0,No-Selected-Prefetch,0.0,0.0,128,10;11;12;13;14;15;16;17;18;19;20;21;22;23;24;25,,0,0,16
controlled-2578,controlled,hit_81.25,lead_0/rep_19,20,0,0,History-Last1,0.0,0.0,128,10;11;12;13;14;15;16;17;18;19;20;21;22;23;24;25,0;1;2;10;11;12;13;14;15;16;17;18;19;20;21;22,13,3,3
controlled-2579,controlled,hit_81.25,lead_0/rep_19,20,0,0,Oracle,0.0,0.0,128,10;11;12;13;14;15;16;17;18;19;20;21;22;23;24;25,10;11;12;13;14;15;16;17;18;19;20;21;22;23;24;25,16,0,0
controlled-2580,controlled,hit_81.25,lead_0.25/rep_0,1,0,0,No-Selected-Prefetch,0.25,0.0,128,10;11;12;13;14;15;16;17;18;19;20;21;22;23;24;25,,0,0,16
controlled-2581,controlled,hit_81.25,lead_0.25/rep_0,1,0,0,History-Last1,0.25,0.0,128,10;11;12;13;14;15;16;17;18;19;20;21;22;23;24;25,0;1;2;10;11;12;13;14;15;16;17;18;19;20;21;22,13,3,3
controlled-2582,controlled,hit_81.25,lead_0.25/rep_0,1,0,0,Oracle,0.25,0.0,128,10;11;12;13;14;15;16;17;18;19;20;21;22;23;24;25,10;11;12;13;14;15;16;17;18;19;20;21;22;23;24;25,16,0,0
controlled-2583,controlled,hit_81.25,lead_0.25/rep_1,2,0,0,No-Selected-Prefetch,0.25,0.0,128,10;11;12;13;14;15;16;17;18;19;20;21;22;23;24;25,,0,0,16
controlled-2584,controlled,hit_81.25,lead_0.25/rep_1,2,0,0,History-Last1,0.25,0.0,128,10;11;12;13;14;15;16;17;18;19;20;21;22;23;24;25,0;1;2;10;11;12;13;14;15;16;17;18;19;20;21;22,13,3,3
controlled-2585,controlled,hit_81.25,lead_0.25/rep_1,2,0,0,Oracle,0.25,0.0,128,10;11;12;13;14;15;16;17;18;19;20;21;22;23;24;25,10;11;12;13;14;15;16;17;18;19;20;21;22;23;24;25,16,0,0
controlled-2586,controlled,hit_81.25,lead_0.25/rep_2,3,0,0,No-Selected-Prefetch,0.25,0.0,128,10;11;12;13;14;15;16;17;18;19;20;21;22;23;24;25,,0,0,16
controlled-2587,controlled,hit_81.25,lead_0.25/rep_2,3,0,0,History-Last1,0.25,0.0,128,10;11;12;13;14;15;16;17;18;19;20;21;22;23;24;25,0;1;2;10;11;12;13;14;15;16;17;18;19;20;21;22,13,3,3
controlled-2588,controlled,hit_81.25,lead_0.25/rep_2,3,0,0,Oracle,0.25,0.0,128,10;11;12;13;14;15;16;17;18;19;20;21;22;23;24;25,10;11;12;13;14;15;16;17;18;19;20;21;22;23;24;25,16,0,0
controlled-2589,controlled,hit_81.25,lead_0.25/rep_3,4,0,0,No-Selected-Prefetch,0.25,0.0,128,10;11;12;13;14;15;16;17;18;19;20;21;22;23;24;25,,0,0,16
controlled-2590,controlled,hit_81.25,lead_0.25/rep_3,4,0,0,History-Last1,0.25,0.0,128,10;11;12;13;14;15;16;17;18;19;20;21;22;23;24;25,0;1;2;10;11;12;13;14;15;16;17;18;19;20;21;22,13,3,3
controlled-2591,controlled,hit_81.25,lead_0.25/rep_3,4,0,0,Oracle,0.25,0.0,128,10;11;12;13;14;15;16;17;18;19;20;21;22;23;24;25,10;11;12;13;14;15;16;17;18;19;20;21;22;23;24;25,16,0,0
controlled-2592,controlled,hit_81.25,lead_0.25/rep_4,5,0,0,No-Selected-Prefetch,0.25,0.0,128,10;11;12;13;14;15;16;17;18;19;20;21;22;23;24;25,,0,0,16
controlled-2593,controlled,hit_81.25,lead_0.25/rep_4,5,0,0,History-Last1,0.25,0.0,128,10;11;12;13;14;15;16;17;18;19;20;21;22;23;24;25,0;1;2;10;11;12;13;14;15;16;17;18;19;20;21;22,13,3,3
controlled-2594,controlled,hit_81.25,lead_0.25/rep_4,5,0,0,Oracle,0.25,0.0,128,10;11;12;13;14;15;16;17;18;19;20;21;22;23;24;25,10;11;12;13;14;15;16;17;18;19;20;21;22;23;24;25,16,0,0
controlled-2595,controlled,hit_81.25,lead_0.25/rep_5,6,0,0,No-Selected-Prefetch,0.25,0.0,128,10;11;12;13;14;15;16;17;18;19;20;21;22;23;24;25,,0,0,16
controlled-2596,controlled,hit_81.25,lead_0.25/rep_5,6,0,0,History-Last1,0.25,0.0,128,10;11;12;13;14;15;16;17;18;19;20;21;22;23;24;25,0;1;2;10;11;12;13;14;15;16;17;18;19;20;21;22,13,3,3
controlled-2597,controlled,hit_81.25,lead_0.25/rep_5,6,0,0,Oracle,0.25,0.0,128,10;11;12;13;14;15;16;17;18;19;20;21;22;23;24;25,10;11;12;13;14;15;16;17;18;19;20;21;22;23;24;25,16,0,0
controlled-2598,controlled,hit_81.25,lead_0.25/rep_6,7,0,0,No-Selected-Prefetch,0.25,0.0,128,10;11;12;13;14;15;16;17;18;19;20;21;22;23;24;25,,0,0,16
controlled-2599,controlled,hit_81.25,lead_0.25/rep_6,7,0,0,History-Last1,0.25,0.0,128,10;11;12;13;14;15;16;17;18;19;20;21;22;23;24;25,0;1;2;10;11;12;13;14;15;16;17;18;19;20;21;22,13,3,3
controlled-2600,controlled,hit_81.25,lead_0.25/rep_6,7,0,0,Oracle,0.25,0.0,128,10;11;12;13;14;15;16;17;18;19;20;21;22;23;24;25,10;11;12;13;14;15;16;17;18;19;20;21;22;23;24;25,16,0,0
controlled-2601,controlled,hit_81.25,lead_0.25/rep_7,8,0,0,No-Selected-Prefetch,0.25,0.0,128,10;11;12;13;14;15;16;17;18;19;20;21;22;23;24;25,,0,0,16
controlled-2602,controlled,hit_81.25,lead_0.25/rep_7,8,0,0,History-Last1,0.25,0.0,128,10;11;12;13;14;15;16;17;18;19;20;21;22;23;24;25,0;1;2;10;11;12;13;14;15;16;17;18;19;20;21;22,13,3,3
controlled-2603,controlled,hit_81.25,lead_0.25/rep_7,8,0,0,Oracle,0.25,0.0,128,10;11;12;13;14;15;16;17;18;19;20;21;22;23;24;25,10;11;12;13;14;15;16;17;18;19;20;21;22;23;24;25,16,0,0
controlled-2604,controlled,hit_81.25,lead_0.25/rep_8,9,0,0,No-Selected-Prefetch,0.25,0.0,128,10;11;12;13;14;15;16;17;18;19;20;21;22;23;24;25,,0,0,16
controlled-2605,controlled,hit_81.25,lead_0.25/rep_8,9,0,0,History-Last1,0.25,0.0,128,10;11;12;13;14;15;16;17;18;19;20;21;22;23;24;25,0;1;2;10;11;12;13;14;15;16;17;18;19;20;21;22,13,3,3
controlled-2606,controlled,hit_81.25,lead_0.25/rep_8,9,0,0,Oracle,0.25,0.0,128,10;11;12;13;14;15;16;17;18;19;20;21;22;23;24;25,10;11;12;13;14;15;16;17;18;19;20;21;22;23;24;25,16,0,0
controlled-2607,controlled,hit_81.25,lead_0.25/rep_9,10,0,0,No-Selected-Prefetch,0.25,0.0,128,10;11;12;13;14;15;16;17;18;19;20;21;22;23;24;25,,0,0,16
controlled-2608,controlled,hit_81.25,lead_0.25/rep_9,10,0,0,History-Last1,0.25,0.0,128,10;11;12;13;14;15;16;17;18;19;20;21;22;23;24;25,0;1;2;10;11;12;13;14;15;16;17;18;19;20;21;22,13,3,3
controlled-2609,controlled,hit_81.25,lead_0.25/rep_9,10,0,0,Oracle,0.25,0.0,128,10;11;12;13;14;15;16;17;18;19;20;21;22;23;24;25,10;11;12;13;14;15;16;17;18;19;20;21;22;23;24;25,16,0,0
controlled-2610,controlled,hit_81.25,lead_0.25/rep_10,11,0,0,No-Selected-Prefetch,0.25,0.0,128,10;11;12;13;14;15;16;17;18;19;20;21;22;23;24;25,,0,0,16
controlled-2611,controlled,hit_81.25,lead_0.25/rep_10,11,0,0,History-Last1,0.25,0.0,128,10;11;12;13;14;15;16;17;18;19;20;21;22;23;24;25,0;1;2;10;11;12;13;14;15;16;17;18;19;20;21;22,13,3,3
controlled-2612,controlled,hit_81.25,lead_0.25/rep_10,11,0,0,Oracle,0.25,0.0,128,10;11;12;13;14;15;16;17;18;19;20;21;22;23;24;25,10;11;12;13;14;15;16;17;18;19;20;21;22;23;24;25,16,0,0
controlled-2613,controlled,hit_81.25,lead_0.25/rep_11,12,0,0,No-Selected-Prefetch,0.25,0.0,128,10;11;12;13;14;15;16;17;18;19;20;21;22;23;24;25,,0,0,16
controlled-2614,controlled,hit_81.25,lead_0.25/rep_11,12,0,0,History-Last1,0.25,0.0,128,10;11;12;13;14;15;16;17;18;19;20;21;22;23;24;25,0;1;2;10;11;12;13;14;15;16;17;18;19;20;21;22,13,3,3
controlled-2615,controlled,hit_81.25,lead_0.25/rep_11,12,0,0,Oracle,0.25,0.0,128,10;11;12;13;14;15;16;17;18;19;20;21;22;23;24;25,10;11;12;13;14;15;16;17;18;19;20;21;22;23;24;25,16,0,0
controlled-2616,controlled,hit_81.25,lead_0.25/rep_12,13,0,0,No-Selected-Prefetch,0.25,0.0,128,10;11;12;13;14;15;16;17;18;19;20;21;22;23;24;25,,0,0,16
controlled-2617,controlled,hit_81.25,lead_0.25/rep_12,13,0,0,History-Last1,0.25,0.0,128,10;11;12;13;14;15;16;17;18;19;20;21;22;23;24;25,0;1;2;10;11;12;13;14;15;16;17;18;19;20;21;22,13,3,3
controlled-2618,controlled,hit_81.25,lead_0.25/rep_12,13,0,0,Oracle,0.25,0.0,128,10;11;12;13;14;15;16;17;18;19;20;21;22;23;24;25,10;11;12;13;14;15;16;17;18;19;20;21;22;23;24;25,16,0,0
controlled-2619,controlled,hit_81.25,lead_0.25/rep_13,14,0,0,No-Selected-Prefetch,0.25,0.0,128,10;11;12;13;14;15;16;17;18;19;20;21;22;23;24;25,,0,0,16
controlled-2620,controlled,hit_81.25,lead_0.25/rep_13,14,0,0,History-Last1,0.25,0.0,128,10;11;12;13;14;15;16;17;18;19;20;21;22;23;24;25,0;1;2;10;11;12;13;14;15;16;17;18;19;20;21;22,13,3,3
controlled-2621,controlled,hit_81.25,lead_0.25/rep_13,14,0,0,Oracle,0.25,0.0,128,10;11;12;13;14;15;16;17;18;19;20;21;22;23;24;25,10;11;12;13;14;15;16;17;18;19;20;21;22;23;24;25,16,0,0
controlled-2622,controlled,hit_81.25,lead_0.25/rep_14,15,0,0,No-Selected-Prefetch,0.25,0.0,128,10;11;12;13;14;15;16;17;18;19;20;21;22;23;24;25,,0,0,16
controlled-2623,controlled,hit_81.25,lead_0.25/rep_14,15,0,0,History-Last1,0.25,0.0,128,10;11;12;13;14;15;16;17;18;19;20;21;22;23;24;25,0;1;2;10;11;12;13;14;15;16;17;18;19;20;21;22,13,3,3
controlled-2624,controlled,hit_81.25,lead_0.25/rep_14,15,0,0,Oracle,0.25,0.0,128,10;11;12;13;14;15;16;17;18;19;20;21;22;23;24;25,10;11;12;13;14;15;16;17;18;19;20;21;22;23;24;25,16,0,0
controlled-2625,controlled,hit_81.25,lead_0.25/rep_15,16,0,0,No-Selected-Prefetch,0.25,0.0,128,10;11;12;13;14;15;16;17;18;19;20;21;22;23;24;25,,0,0,16
controlled-2626,controlled,hit_81.25,lead_0.25/rep_15,16,0,0,History-Last1,0.25,0.0,128,10;11;12;13;14;15;16;17;18;19;20;21;22;23;24;25,0;1;2;10;11;12;13;14;15;16;17;18;19;20;21;22,13,3,3
controlled-2627,controlled,hit_81.25,lead_0.25/rep_15,16,0,0,Oracle,0.25,0.0,128,10;11;12;13;14;15;16;17;18;19;20;21;22;23;24;25,10;11;12;13;14;15;16;17;18;19;20;21;22;23;24;25,16,0,0
controlled-2628,controlled,hit_81.25,lead_0.25/rep_16,17,0,0,No-Selected-Prefetch,0.25,0.0,128,10;11;12;13;14;15;16;17;18;19;20;21;22;23;24;25,,0,0,16
controlled-2629,controlled,hit_81.25,lead_0.25/rep_16,17,0,0,History-Last1,0.25,0.0,128,10;11;12;13;14;15;16;17;18;19;20;21;22;23;24;25,0;1;2;10;11;12;13;14;15;16;17;18;19;20;21;22,13,3,3
controlled-2630,controlled,hit_81.25,lead_0.25/rep_16,17,0,0,Oracle,0.25,0.0,128,10;11;12;13;14;15;16;17;18;19;20;21;22;23;24;25,10;11;12;13;14;15;16;17;18;19;20;21;22;23;24;25,16,0,0
controlled-2631,controlled,hit_81.25,lead_0.25/rep_17,18,0,0,No-Selected-Prefetch,0.25,0.0,128,10;11;12;13;14;15;16;17;18;19;20;21;22;23;24;25,,0,0,16
controlled-2632,controlled,hit_81.25,lead_0.25/rep_17,18,0,0,History-Last1,0.25,0.0,128,10;11;12;13;14;15;16;17;18;19;20;21;22;23;24;25,0;1;2;10;11;12;13;14;15;16;17;18;19;20;21;22,13,3,3
controlled-2633,controlled,hit_81.25,lead_0.25/rep_17,18,0,0,Oracle,0.25,0.0,128,10;11;12;13;14;15;16;17;18;19;20;21;22;23;24;25,10;11;12;13;14;15;16;17;18;19;20;21;22;23;24;25,16,0,0
controlled-2634,controlled,hit_81.25,lead_0.25/rep_18,19,0,0,No-Selected-Prefetch,0.25,0.0,128,10;11;12;13;14;15;16;17;18;19;20;21;22;23;24;25,,0,0,16
controlled-2635,controlled,hit_81.25,lead_0.25/rep_18,19,0,0,History-Last1,0.25,0.0,128,10;11;12;13;14;15;16;17;18;19;20;21;22;23;24;25,0;1;2;10;11;12;13;14;15;16;17;18;19;20;21;22,13,3,3
controlled-2636,controlled,hit_81.25,lead_0.25/rep_18,19,0,0,Oracle,0.25,0.0,128,10;11;12;13;14;15;16;17;18;19;20;21;22;23;24;25,10;11;12;13;14;15;16;17;18;19;20;21;22;23;24;25,16,0,0
controlled-2637,controlled,hit_81.25,lead_0.25/rep_19,20,0,0,No-Selected-Prefetch,0.25,0.0,128,10;11;12;13;14;15;16;17;18;19;20;21;22;23;24;25,,0,0,16
controlled-2638,controlled,hit_81.25,lead_0.25/rep_19,20,0,0,History-Last1,0.25,0.0,128,10;11;12;13;14;15;16;17;18;19;20;21;22;23;24;25,0;1;2;10;11;12;13;14;15;16;17;18;19;20;21;22,13,3,3
controlled-2639,controlled,hit_81.25,lead_0.25/rep_19,20,0,0,Oracle,0.25,0.0,128,10;11;12;13;14;15;16;17;18;19;20;21;22;23;24;25,10;11;12;13;14;15;16;17;18;19;20;21;22;23;24;25,16,0,0
controlled-2640,controlled,hit_81.25,lead_0.5/rep_0,1,0,0,No-Selected-Prefetch,0.5,0.0,128,10;11;12;13;14;15;16;17;18;19;20;21;22;23;24;25,,0,0,16
controlled-2641,controlled,hit_81.25,lead_0.5/rep_0,1,0,0,History-Last1,0.5,0.0,128,10;11;12;13;14;15;16;17;18;19;20;21;22;23;24;25,0;1;2;10;11;12;13;14;15;16;17;18;19;20;21;22,13,3,3
controlled-2642,controlled,hit_81.25,lead_0.5/rep_0,1,0,0,Oracle,0.5,0.0,128,10;11;12;13;14;15;16;17;18;19;20;21;22;23;24;25,10;11;12;13;14;15;16;17;18;19;20;21;22;23;24;25,16,0,0
controlled-2643,controlled,hit_81.25,lead_0.5/rep_1,2,0,0,No-Selected-Prefetch,0.5,0.0,128,10;11;12;13;14;15;16;17;18;19;20;21;22;23;24;25,,0,0,16
controlled-2644,controlled,hit_81.25,lead_0.5/rep_1,2,0,0,History-Last1,0.5,0.0,128,10;11;12;13;14;15;16;17;18;19;20;21;22;23;24;25,0;1;2;10;11;12;13;14;15;16;17;18;19;20;21;22,13,3,3
controlled-2645,controlled,hit_81.25,lead_0.5/rep_1,2,0,0,Oracle,0.5,0.0,128,10;11;12;13;14;15;16;17;18;19;20;21;22;23;24;25,10;11;12;13;14;15;16;17;18;19;20;21;22;23;24;25,16,0,0
controlled-2646,controlled,hit_81.25,lead_0.5/rep_2,3,0,0,No-Selected-Prefetch,0.5,0.0,128,10;11;12;13;14;15;16;17;18;19;20;21;22;23;24;25,,0,0,16
controlled-2647,controlled,hit_81.25,lead_0.5/rep_2,3,0,0,History-Last1,0.5,0.0,128,10;11;12;13;14;15;16;17;18;19;20;21;22;23;24;25,0;1;2;10;11;12;13;14;15;16;17;18;19;20;21;22,13,3,3
controlled-2648,controlled,hit_81.25,lead_0.5/rep_2,3,0,0,Oracle,0.5,0.0,128,10;11;12;13;14;15;16;17;18;19;20;21;22;23;24;25,10;11;12;13;14;15;16;17;18;19;20;21;22;23;24;25,16,0,0
controlled-2649,controlled,hit_81.25,lead_0.5/rep_3,4,0,0,No-Selected-Prefetch,0.5,0.0,128,10;11;12;13;14;15;16;17;18;19;20;21;22;23;24;25,,0,0,16
controlled-2650,controlled,hit_81.25,lead_0.5/rep_3,4,0,0,History-Last1,0.5,0.0,128,10;11;12;13;14;15;16;17;18;19;20;21;22;23;24;25,0;1;2;10;11;12;13;14;15;16;17;18;19;20;21;22,13,3,3
controlled-2651,controlled,hit_81.25,lead_0.5/rep_3,4,0,0,Oracle,0.5,0.0,128,10;11;12;13;14;15;16;17;18;19;20;21;22;23;24;25,10;11;12;13;14;15;16;17;18;19;20;21;22;23;24;25,16,0,0
controlled-2652,controlled,hit_81.25,lead_0.5/rep_4,5,0,0,No-Selected-Prefetch,0.5,0.0,128,10;11;12;13;14;15;16;17;18;19;20;21;22;23;24;25,,0,0,16
controlled-2653,controlled,hit_81.25,lead_0.5/rep_4,5,0,0,History-Last1,0.5,0.0,128,10;11;12;13;14;15;16;17;18;19;20;21;22;23;24;25,0;1;2;10;11;12;13;14;15;16;17;18;19;20;21;22,13,3,3
controlled-2654,controlled,hit_81.25,lead_0.5/rep_4,5,0,0,Oracle,0.5,0.0,128,10;11;12;13;14;15;16;17;18;19;20;21;22;23;24;25,10;11;12;13;14;15;16;17;18;19;20;21;22;23;24;25,16,0,0
controlled-2655,controlled,hit_81.25,lead_0.5/rep_5,6,0,0,No-Selected-Prefetch,0.5,0.0,128,10;11;12;13;14;15;16;17;18;19;20;21;22;23;24;25,,0,0,16
controlled-2656,controlled,hit_81.25,lead_0.5/rep_5,6,0,0,History-Last1,0.5,0.0,128,10;11;12;13;14;15;16;17;18;19;20;21;22;23;24;25,0;1;2;10;11;12;13;14;15;16;17;18;19;20;21;22,13,3,3
controlled-2657,controlled,hit_81.25,lead_0.5/rep_5,6,0,0,Oracle,0.5,0.0,128,10;11;12;13;14;15;16;17;18;19;20;21;22;23;24;25,10;11;12;13;14;15;16;17;18;19;20;21;22;23;24;25,16,0,0
controlled-2658,controlled,hit_81.25,lead_0.5/rep_6,7,0,0,No-Selected-Prefetch,0.5,0.0,128,10;11;12;13;14;15;16;17;18;19;20;21;22;23;24;25,,0,0,16
controlled-2659,controlled,hit_81.25,lead_0.5/rep_6,7,0,0,History-Last1,0.5,0.0,128,10;11;12;13;14;15;16;17;18;19;20;21;22;23;24;25,0;1;2;10;11;12;13;14;15;16;17;18;19;20;21;22,13,3,3
controlled-2660,controlled,hit_81.25,lead_0.5/rep_6,7,0,0,Oracle,0.5,0.0,128,10;11;12;13;14;15;16;17;18;19;20;21;22;23;24;25,10;11;12;13;14;15;16;17;18;19;20;21;22;23;24;25,16,0,0
controlled-2661,controlled,hit_81.25,lead_0.5/rep_7,8,0,0,No-Selected-Prefetch,0.5,0.0,128,10;11;12;13;14;15;16;17;18;19;20;21;22;23;24;25,,0,0,16
controlled-2662,controlled,hit_81.25,lead_0.5/rep_7,8,0,0,History-Last1,0.5,0.0,128,10;11;12;13;14;15;16;17;18;19;20;21;22;23;24;25,0;1;2;10;11;12;13;14;15;16;17;18;19;20;21;22,13,3,3
controlled-2663,controlled,hit_81.25,lead_0.5/rep_7,8,0,0,Oracle,0.5,0.0,128,10;11;12;13;14;15;16;17;18;19;20;21;22;23;24;25,10;11;12;13;14;15;16;17;18;19;20;21;22;23;24;25,16,0,0
controlled-2664,controlled,hit_81.25,lead_0.5/rep_8,9,0,0,No-Selected-Prefetch,0.5,0.0,128,10;11;12;13;14;15;16;17;18;19;20;21;22;23;24;25,,0,0,16
controlled-2665,controlled,hit_81.25,lead_0.5/rep_8,9,0,0,History-Last1,0.5,0.0,128,10;11;12;13;14;15;16;17;18;19;20;21;22;23;24;25,0;1;2;10;11;12;13;14;15;16;17;18;19;20;21;22,13,3,3
controlled-2666,controlled,hit_81.25,lead_0.5/rep_8,9,0,0,Oracle,0.5,0.0,128,10;11;12;13;14;15;16;17;18;19;20;21;22;23;24;25,10;11;12;13;14;15;16;17;18;19;20;21;22;23;24;25,16,0,0
controlled-2667,controlled,hit_81.25,lead_0.5/rep_9,10,0,0,No-Selected-Prefetch,0.5,0.0,128,10;11;12;13;14;15;16;17;18;19;20;21;22;23;24;25,,0,0,16
controlled-2668,controlled,hit_81.25,lead_0.5/rep_9,10,0,0,History-Last1,0.5,0.0,128,10;11;12;13;14;15;16;17;18;19;20;21;22;23;24;25,0;1;2;10;11;12;13;14;15;16;17;18;19;20;21;22,13,3,3
controlled-2669,controlled,hit_81.25,lead_0.5/rep_9,10,0,0,Oracle,0.5,0.0,128,10;11;12;13;14;15;16;17;18;19;20;21;22;23;24;25,10;11;12;13;14;15;16;17;18;19;20;21;22;23;24;25,16,0,0
controlled-2670,controlled,hit_81.25,lead_0.5/rep_10,11,0,0,No-Selected-Prefetch,0.5,0.0,128,10;11;12;13;14;15;16;17;18;19;20;21;22;23;24;25,,0,0,16
controlled-2671,controlled,hit_81.25,lead_0.5/rep_10,11,0,0,History-Last1,0.5,0.0,128,10;11;12;13;14;15;16;17;18;19;20;21;22;23;24;25,0;1;2;10;11;12;13;14;15;16;17;18;19;20;21;22,13,3,3
controlled-2672,controlled,hit_81.25,lead_0.5/rep_10,11,0,0,Oracle,0.5,0.0,128,10;11;12;13;14;15;16;17;18;19;20;21;22;23;24;25,10;11;12;13;14;15;16;17;18;19;20;21;22;23;24;25,16,0,0
controlled-2673,controlled,hit_81.25,lead_0.5/rep_11,12,0,0,No-Selected-Prefetch,0.5,0.0,128,10;11;12;13;14;15;16;17;18;19;20;21;22;23;24;25,,0,0,16
controlled-2674,controlled,hit_81.25,lead_0.5/rep_11,12,0,0,History-Last1,0.5,0.0,128,10;11;12;13;14;15;16;17;18;19;20;21;22;23;24;25,0;1;2;10;11;12;13;14;15;16;17;18;19;20;21;22,13,3,3
controlled-2675,controlled,hit_81.25,lead_0.5/rep_11,12,0,0,Oracle,0.5,0.0,128,10;11;12;13;14;15;16;17;18;19;20;21;22;23;24;25,10;11;12;13;14;15;16;17;18;19;20;21;22;23;24;25,16,0,0
controlled-2676,controlled,hit_81.25,lead_0.5/rep_12,13,0,0,No-Selected-Prefetch,0.5,0.0,128,10;11;12;13;14;15;16;17;18;19;20;21;22;23;24;25,,0,0,16
controlled-2677,controlled,hit_81.25,lead_0.5/rep_12,13,0,0,History-Last1,0.5,0.0,128,10;11;12;13;14;15;16;17;18;19;20;21;22;23;24;25,0;1;2;10;11;12;13;14;15;16;17;18;19;20;21;22,13,3,3
controlled-2678,controlled,hit_81.25,lead_0.5/rep_12,13,0,0,Oracle,0.5,0.0,128,10;11;12;13;14;15;16;17;18;19;20;21;22;23;24;25,10;11;12;13;14;15;16;17;18;19;20;21;22;23;24;25,16,0,0
controlled-2679,controlled,hit_81.25,lead_0.5/rep_13,14,0,0,No-Selected-Prefetch,0.5,0.0,128,10;11;12;13;14;15;16;17;18;19;20;21;22;23;24;25,,0,0,16
controlled-2680,controlled,hit_81.25,lead_0.5/rep_13,14,0,0,History-Last1,0.5,0.0,128,10;11;12;13;14;15;16;17;18;19;20;21;22;23;24;25,0;1;2;10;11;12;13;14;15;16;17;18;19;20;21;22,13,3,3
controlled-2681,controlled,hit_81.25,lead_0.5/rep_13,14,0,0,Oracle,0.5,0.0,128,10;11;12;13;14;15;16;17;18;19;20;21;22;23;24;25,10;11;12;13;14;15;16;17;18;19;20;21;22;23;24;25,16,0,0
controlled-2682,controlled,hit_81.25,lead_0.5/rep_14,15,0,0,No-Selected-Prefetch,0.5,0.0,128,10;11;12;13;14;15;16;17;18;19;20;21;22;23;24;25,,0,0,16
controlled-2683,controlled,hit_81.25,lead_0.5/rep_14,15,0,0,History-Last1,0.5,0.0,128,10;11;12;13;14;15;16;17;18;19;20;21;22;23;24;25,0;1;2;10;11;12;13;14;15;16;17;18;19;20;21;22,13,3,3
controlled-2684,controlled,hit_81.25,lead_0.5/rep_14,15,0,0,Oracle,0.5,0.0,128,10;11;12;13;14;15;16;17;18;19;20;21;22;23;24;25,10;11;12;13;14;15;16;17;18;19;20;21;22;23;24;25,16,0,0
controlled-2685,controlled,hit_81.25,lead_0.5/rep_15,16,0,0,No-Selected-Prefetch,0.5,0.0,128,10;11;12;13;14;15;16;17;18;19;20;21;22;23;24;25,,0,0,16
controlled-2686,controlled,hit_81.25,lead_0.5/rep_15,16,0,0,History-Last1,0.5,0.0,128,10;11;12;13;14;15;16;17;18;19;20;21;22;23;24;25,0;1;2;10;11;12;13;14;15;16;17;18;19;20;21;22,13,3,3
controlled-2687,controlled,hit_81.25,lead_0.5/rep_15,16,0,0,Oracle,0.5,0.0,128,10;11;12;13;14;15;16;17;18;19;20;21;22;23;24;25,10;11;12;13;14;15;16;17;18;19;20;21;22;23;24;25,16,0,0
controlled-2688,controlled,hit_81.25,lead_0.5/rep_16,17,0,0,No-Selected-Prefetch,0.5,0.0,128,10;11;12;13;14;15;16;17;18;19;20;21;22;23;24;25,,0,0,16
controlled-2689,controlled,hit_81.25,lead_0.5/rep_16,17,0,0,History-Last1,0.5,0.0,128,10;11;12;13;14;15;16;17;18;19;20;21;22;23;24;25,0;1;2;10;11;12;13;14;15;16;17;18;19;20;21;22,13,3,3
controlled-2690,controlled,hit_81.25,lead_0.5/rep_16,17,0,0,Oracle,0.5,0.0,128,10;11;12;13;14;15;16;17;18;19;20;21;22;23;24;25,10;11;12;13;14;15;16;17;18;19;20;21;22;23;24;25,16,0,0
controlled-2691,controlled,hit_81.25,lead_0.5/rep_17,18,0,0,No-Selected-Prefetch,0.5,0.0,128,10;11;12;13;14;15;16;17;18;19;20;21;22;23;24;25,,0,0,16
controlled-2692,controlled,hit_81.25,lead_0.5/rep_17,18,0,0,History-Last1,0.5,0.0,128,10;11;12;13;14;15;16;17;18;19;20;21;22;23;24;25,0;1;2;10;11;12;13;14;15;16;17;18;19;20;21;22,13,3,3
controlled-2693,controlled,hit_81.25,lead_0.5/rep_17,18,0,0,Oracle,0.5,0.0,128,10;11;12;13;14;15;16;17;18;19;20;21;22;23;24;25,10;11;12;13;14;15;16;17;18;19;20;21;22;23;24;25,16,0,0
controlled-2694,controlled,hit_81.25,lead_0.5/rep_18,19,0,0,No-Selected-Prefetch,0.5,0.0,128,10;11;12;13;14;15;16;17;18;19;20;21;22;23;24;25,,0,0,16
controlled-2695,controlled,hit_81.25,lead_0.5/rep_18,19,0,0,History-Last1,0.5,0.0,128,10;11;12;13;14;15;16;17;18;19;20;21;22;23;24;25,0;1;2;10;11;12;13;14;15;16;17;18;19;20;21;22,13,3,3
controlled-2696,controlled,hit_81.25,lead_0.5/rep_18,19,0,0,Oracle,0.5,0.0,128,10;11;12;13;14;15;16;17;18;19;20;21;22;23;24;25,10;11;12;13;14;15;16;17;18;19;20;21;22;23;24;25,16,0,0
controlled-2697,controlled,hit_81.25,lead_0.5/rep_19,20,0,0,No-Selected-Prefetch,0.5,0.0,128,10;11;12;13;14;15;16;17;18;19;20;21;22;23;24;25,,0,0,16
controlled-2698,controlled,hit_81.25,lead_0.5/rep_19,20,0,0,History-Last1,0.5,0.0,128,10;11;12;13;14;15;16;17;18;19;20;21;22;23;24;25,0;1;2;10;11;12;13;14;15;16;17;18;19;20;21;22,13,3,3
controlled-2699,controlled,hit_81.25,lead_0.5/rep_19,20,0,0,Oracle,0.5,0.0,128,10;11;12;13;14;15;16;17;18;19;20;21;22;23;24;25,10;11;12;13;14;15;16;17;18;19;20;21;22;23;24;25,16,0,0
controlled-2700,controlled,hit_81.25,lead_1/rep_0,1,0,0,No-Selected-Prefetch,1.0,0.0,128,10;11;12;13;14;15;16;17;18;19;20;21;22;23;24;25,,0,0,16
controlled-2701,controlled,hit_81.25,lead_1/rep_0,1,0,0,History-Last1,1.0,0.0,128,10;11;12;13;14;15;16;17;18;19;20;21;22;23;24;25,0;1;2;10;11;12;13;14;15;16;17;18;19;20;21;22,13,3,3
controlled-2702,controlled,hit_81.25,lead_1/rep_0,1,0,0,Oracle,1.0,0.0,128,10;11;12;13;14;15;16;17;18;19;20;21;22;23;24;25,10;11;12;13;14;15;16;17;18;19;20;21;22;23;24;25,16,0,0
controlled-2703,controlled,hit_81.25,lead_1/rep_1,2,0,0,No-Selected-Prefetch,1.0,0.0,128,10;11;12;13;14;15;16;17;18;19;20;21;22;23;24;25,,0,0,16
controlled-2704,controlled,hit_81.25,lead_1/rep_1,2,0,0,History-Last1,1.0,0.0,128,10;11;12;13;14;15;16;17;18;19;20;21;22;23;24;25,0;1;2;10;11;12;13;14;15;16;17;18;19;20;21;22,13,3,3
controlled-2705,controlled,hit_81.25,lead_1/rep_1,2,0,0,Oracle,1.0,0.0,128,10;11;12;13;14;15;16;17;18;19;20;21;22;23;24;25,10;11;12;13;14;15;16;17;18;19;20;21;22;23;24;25,16,0,0
controlled-2706,controlled,hit_81.25,lead_1/rep_2,3,0,0,No-Selected-Prefetch,1.0,0.0,128,10;11;12;13;14;15;16;17;18;19;20;21;22;23;24;25,,0,0,16
controlled-2707,controlled,hit_81.25,lead_1/rep_2,3,0,0,History-Last1,1.0,0.0,128,10;11;12;13;14;15;16;17;18;19;20;21;22;23;24;25,0;1;2;10;11;12;13;14;15;16;17;18;19;20;21;22,13,3,3
controlled-2708,controlled,hit_81.25,lead_1/rep_2,3,0,0,Oracle,1.0,0.0,128,10;11;12;13;14;15;16;17;18;19;20;21;22;23;24;25,10;11;12;13;14;15;16;17;18;19;20;21;22;23;24;25,16,0,0
controlled-2709,controlled,hit_81.25,lead_1/rep_3,4,0,0,No-Selected-Prefetch,1.0,0.0,128,10;11;12;13;14;15;16;17;18;19;20;21;22;23;24;25,,0,0,16
controlled-2710,controlled,hit_81.25,lead_1/rep_3,4,0,0,History-Last1,1.0,0.0,128,10;11;12;13;14;15;16;17;18;19;20;21;22;23;24;25,0;1;2;10;11;12;13;14;15;16;17;18;19;20;21;22,13,3,3
controlled-2711,controlled,hit_81.25,lead_1/rep_3,4,0,0,Oracle,1.0,0.0,128,10;11;12;13;14;15;16;17;18;19;20;21;22;23;24;25,10;11;12;13;14;15;16;17;18;19;20;21;22;23;24;25,16,0,0
controlled-2712,controlled,hit_81.25,lead_1/rep_4,5,0,0,No-Selected-Prefetch,1.0,0.0,128,10;11;12;13;14;15;16;17;18;19;20;21;22;23;24;25,,0,0,16
controlled-2713,controlled,hit_81.25,lead_1/rep_4,5,0,0,History-Last1,1.0,0.0,128,10;11;12;13;14;15;16;17;18;19;20;21;22;23;24;25,0;1;2;10;11;12;13;14;15;16;17;18;19;20;21;22,13,3,3
controlled-2714,controlled,hit_81.25,lead_1/rep_4,5,0,0,Oracle,1.0,0.0,128,10;11;12;13;14;15;16;17;18;19;20;21;22;23;24;25,10;11;12;13;14;15;16;17;18;19;20;21;22;23;24;25,16,0,0
controlled-2715,controlled,hit_81.25,lead_1/rep_5,6,0,0,No-Selected-Prefetch,1.0,0.0,128,10;11;12;13;14;15;16;17;18;19;20;21;22;23;24;25,,0,0,16
controlled-2716,controlled,hit_81.25,lead_1/rep_5,6,0,0,History-Last1,1.0,0.0,128,10;11;12;13;14;15;16;17;18;19;20;21;22;23;24;25,0;1;2;10;11;12;13;14;15;16;17;18;19;20;21;22,13,3,3
controlled-2717,controlled,hit_81.25,lead_1/rep_5,6,0,0,Oracle,1.0,0.0,128,10;11;12;13;14;15;16;17;18;19;20;21;22;23;24;25,10;11;12;13;14;15;16;17;18;19;20;21;22;23;24;25,16,0,0
controlled-2718,controlled,hit_81.25,lead_1/rep_6,7,0,0,No-Selected-Prefetch,1.0,0.0,128,10;11;12;13;14;15;16;17;18;19;20;21;22;23;24;25,,0,0,16
controlled-2719,controlled,hit_81.25,lead_1/rep_6,7,0,0,History-Last1,1.0,0.0,128,10;11;12;13;14;15;16;17;18;19;20;21;22;23;24;25,0;1;2;10;11;12;13;14;15;16;17;18;19;20;21;22,13,3,3
controlled-2720,controlled,hit_81.25,lead_1/rep_6,7,0,0,Oracle,1.0,0.0,128,10;11;12;13;14;15;16;17;18;19;20;21;22;23;24;25,10;11;12;13;14;15;16;17;18;19;20;21;22;23;24;25,16,0,0
controlled-2721,controlled,hit_81.25,lead_1/rep_7,8,0,0,No-Selected-Prefetch,1.0,0.0,128,10;11;12;13;14;15;16;17;18;19;20;21;22;23;24;25,,0,0,16
controlled-2722,controlled,hit_81.25,lead_1/rep_7,8,0,0,History-Last1,1.0,0.0,128,10;11;12;13;14;15;16;17;18;19;20;21;22;23;24;25,0;1;2;10;11;12;13;14;15;16;17;18;19;20;21;22,13,3,3
controlled-2723,controlled,hit_81.25,lead_1/rep_7,8,0,0,Oracle,1.0,0.0,128,10;11;12;13;14;15;16;17;18;19;20;21;22;23;24;25,10;11;12;13;14;15;16;17;18;19;20;21;22;23;24;25,16,0,0
controlled-2724,controlled,hit_81.25,lead_1/rep_8,9,0,0,No-Selected-Prefetch,1.0,0.0,128,10;11;12;13;14;15;16;17;18;19;20;21;22;23;24;25,,0,0,16
controlled-2725,controlled,hit_81.25,lead_1/rep_8,9,0,0,History-Last1,1.0,0.0,128,10;11;12;13;14;15;16;17;18;19;20;21;22;23;24;25,0;1;2;10;11;12;13;14;15;16;17;18;19;20;21;22,13,3,3
controlled-2726,controlled,hit_81.25,lead_1/rep_8,9,0,0,Oracle,1.0,0.0,128,10;11;12;13;14;15;16;17;18;19;20;21;22;23;24;25,10;11;12;13;14;15;16;17;18;19;20;21;22;23;24;25,16,0,0
controlled-2727,controlled,hit_81.25,lead_1/rep_9,10,0,0,No-Selected-Prefetch,1.0,0.0,128,10;11;12;13;14;15;16;17;18;19;20;21;22;23;24;25,,0,0,16
controlled-2728,controlled,hit_81.25,lead_1/rep_9,10,0,0,History-Last1,1.0,0.0,128,10;11;12;13;14;15;16;17;18;19;20;21;22;23;24;25,0;1;2;10;11;12;13;14;15;16;17;18;19;20;21;22,13,3,3
controlled-2729,controlled,hit_81.25,lead_1/rep_9,10,0,0,Oracle,1.0,0.0,128,10;11;12;13;14;15;16;17;18;19;20;21;22;23;24;25,10;11;12;13;14;15;16;17;18;19;20;21;22;23;24;25,16,0,0
controlled-2730,controlled,hit_81.25,lead_1/rep_10,11,0,0,No-Selected-Prefetch,1.0,0.0,128,10;11;12;13;14;15;16;17;18;19;20;21;22;23;24;25,,0,0,16
controlled-2731,controlled,hit_81.25,lead_1/rep_10,11,0,0,History-Last1,1.0,0.0,128,10;11;12;13;14;15;16;17;18;19;20;21;22;23;24;25,0;1;2;10;11;12;13;14;15;16;17;18;19;20;21;22,13,3,3
controlled-2732,controlled,hit_81.25,lead_1/rep_10,11,0,0,Oracle,1.0,0.0,128,10;11;12;13;14;15;16;17;18;19;20;21;22;23;24;25,10;11;12;13;14;15;16;17;18;19;20;21;22;23;24;25,16,0,0
controlled-2733,controlled,hit_81.25,lead_1/rep_11,12,0,0,No-Selected-Prefetch,1.0,0.0,128,10;11;12;13;14;15;16;17;18;19;20;21;22;23;24;25,,0,0,16
controlled-2734,controlled,hit_81.25,lead_1/rep_11,12,0,0,History-Last1,1.0,0.0,128,10;11;12;13;14;15;16;17;18;19;20;21;22;23;24;25,0;1;2;10;11;12;13;14;15;16;17;18;19;20;21;22,13,3,3
controlled-2735,controlled,hit_81.25,lead_1/rep_11,12,0,0,Oracle,1.0,0.0,128,10;11;12;13;14;15;16;17;18;19;20;21;22;23;24;25,10;11;12;13;14;15;16;17;18;19;20;21;22;23;24;25,16,0,0
controlled-2736,controlled,hit_81.25,lead_1/rep_12,13,0,0,No-Selected-Prefetch,1.0,0.0,128,10;11;12;13;14;15;16;17;18;19;20;21;22;23;24;25,,0,0,16
controlled-2737,controlled,hit_81.25,lead_1/rep_12,13,0,0,History-Last1,1.0,0.0,128,10;11;12;13;14;15;16;17;18;19;20;21;22;23;24;25,0;1;2;10;11;12;13;14;15;16;17;18;19;20;21;22,13,3,3
controlled-2738,controlled,hit_81.25,lead_1/rep_12,13,0,0,Oracle,1.0,0.0,128,10;11;12;13;14;15;16;17;18;19;20;21;22;23;24;25,10;11;12;13;14;15;16;17;18;19;20;21;22;23;24;25,16,0,0
controlled-2739,controlled,hit_81.25,lead_1/rep_13,14,0,0,No-Selected-Prefetch,1.0,0.0,128,10;11;12;13;14;15;16;17;18;19;20;21;22;23;24;25,,0,0,16
controlled-2740,controlled,hit_81.25,lead_1/rep_13,14,0,0,History-Last1,1.0,0.0,128,10;11;12;13;14;15;16;17;18;19;20;21;22;23;24;25,0;1;2;10;11;12;13;14;15;16;17;18;19;20;21;22,13,3,3
controlled-2741,controlled,hit_81.25,lead_1/rep_13,14,0,0,Oracle,1.0,0.0,128,10;11;12;13;14;15;16;17;18;19;20;21;22;23;24;25,10;11;12;13;14;15;16;17;18;19;20;21;22;23;24;25,16,0,0
controlled-2742,controlled,hit_81.25,lead_1/rep_14,15,0,0,No-Selected-Prefetch,1.0,0.0,128,10;11;12;13;14;15;16;17;18;19;20;21;22;23;24;25,,0,0,16
controlled-2743,controlled,hit_81.25,lead_1/rep_14,15,0,0,History-Last1,1.0,0.0,128,10;11;12;13;14;15;16;17;18;19;20;21;22;23;24;25,0;1;2;10;11;12;13;14;15;16;17;18;19;20;21;22,13,3,3
controlled-2744,controlled,hit_81.25,lead_1/rep_14,15,0,0,Oracle,1.0,0.0,128,10;11;12;13;14;15;16;17;18;19;20;21;22;23;24;25,10;11;12;13;14;15;16;17;18;19;20;21;22;23;24;25,16,0,0
controlled-2745,controlled,hit_81.25,lead_1/rep_15,16,0,0,No-Selected-Prefetch,1.0,0.0,128,10;11;12;13;14;15;16;17;18;19;20;21;22;23;24;25,,0,0,16
controlled-2746,controlled,hit_81.25,lead_1/rep_15,16,0,0,History-Last1,1.0,0.0,128,10;11;12;13;14;15;16;17;18;19;20;21;22;23;24;25,0;1;2;10;11;12;13;14;15;16;17;18;19;20;21;22,13,3,3
controlled-2747,controlled,hit_81.25,lead_1/rep_15,16,0,0,Oracle,1.0,0.0,128,10;11;12;13;14;15;16;17;18;19;20;21;22;23;24;25,10;11;12;13;14;15;16;17;18;19;20;21;22;23;24;25,16,0,0
controlled-2748,controlled,hit_81.25,lead_1/rep_16,17,0,0,No-Selected-Prefetch,1.0,0.0,128,10;11;12;13;14;15;16;17;18;19;20;21;22;23;24;25,,0,0,16
controlled-2749,controlled,hit_81.25,lead_1/rep_16,17,0,0,History-Last1,1.0,0.0,128,10;11;12;13;14;15;16;17;18;19;20;21;22;23;24;25,0;1;2;10;11;12;13;14;15;16;17;18;19;20;21;22,13,3,3
controlled-2750,controlled,hit_81.25,lead_1/rep_16,17,0,0,Oracle,1.0,0.0,128,10;11;12;13;14;15;16;17;18;19;20;21;22;23;24;25,10;11;12;13;14;15;16;17;18;19;20;21;22;23;24;25,16,0,0
controlled-2751,controlled,hit_81.25,lead_1/rep_17,18,0,0,No-Selected-Prefetch,1.0,0.0,128,10;11;12;13;14;15;16;17;18;19;20;21;22;23;24;25,,0,0,16
controlled-2752,controlled,hit_81.25,lead_1/rep_17,18,0,0,History-Last1,1.0,0.0,128,10;11;12;13;14;15;16;17;18;19;20;21;22;23;24;25,0;1;2;10;11;12;13;14;15;16;17;18;19;20;21;22,13,3,3
controlled-2753,controlled,hit_81.25,lead_1/rep_17,18,0,0,Oracle,1.0,0.0,128,10;11;12;13;14;15;16;17;18;19;20;21;22;23;24;25,10;11;12;13;14;15;16;17;18;19;20;21;22;23;24;25,16,0,0
controlled-2754,controlled,hit_81.25,lead_1/rep_18,19,0,0,No-Selected-Prefetch,1.0,0.0,128,10;11;12;13;14;15;16;17;18;19;20;21;22;23;24;25,,0,0,16
controlled-2755,controlled,hit_81.25,lead_1/rep_18,19,0,0,History-Last1,1.0,0.0,128,10;11;12;13;14;15;16;17;18;19;20;21;22;23;24;25,0;1;2;10;11;12;13;14;15;16;17;18;19;20;21;22,13,3,3
controlled-2756,controlled,hit_81.25,lead_1/rep_18,19,0,0,Oracle,1.0,0.0,128,10;11;12;13;14;15;16;17;18;19;20;21;22;23;24;25,10;11;12;13;14;15;16;17;18;19;20;21;22;23;24;25,16,0,0
controlled-2757,controlled,hit_81.25,lead_1/rep_19,20,0,0,No-Selected-Prefetch,1.0,0.0,128,10;11;12;13;14;15;16;17;18;19;20;21;22;23;24;25,,0,0,16
controlled-2758,controlled,hit_81.25,lead_1/rep_19,20,0,0,History-Last1,1.0,0.0,128,10;11;12;13;14;15;16;17;18;19;20;21;22;23;24;25,0;1;2;10;11;12;13;14;15;16;17;18;19;20;21;22,13,3,3
controlled-2759,controlled,hit_81.25,lead_1/rep_19,20,0,0,Oracle,1.0,0.0,128,10;11;12;13;14;15;16;17;18;19;20;21;22;23;24;25,10;11;12;13;14;15;16;17;18;19;20;21;22;23;24;25,16,0,0
controlled-2760,controlled,hit_81.25,lead_2/rep_0,1,0,0,No-Selected-Prefetch,2.0,0.0,128,10;11;12;13;14;15;16;17;18;19;20;21;22;23;24;25,,0,0,16
controlled-2761,controlled,hit_81.25,lead_2/rep_0,1,0,0,History-Last1,2.0,0.0,128,10;11;12;13;14;15;16;17;18;19;20;21;22;23;24;25,0;1;2;10;11;12;13;14;15;16;17;18;19;20;21;22,13,3,3
controlled-2762,controlled,hit_81.25,lead_2/rep_0,1,0,0,Oracle,2.0,0.0,128,10;11;12;13;14;15;16;17;18;19;20;21;22;23;24;25,10;11;12;13;14;15;16;17;18;19;20;21;22;23;24;25,16,0,0
controlled-2763,controlled,hit_81.25,lead_2/rep_1,2,0,0,No-Selected-Prefetch,2.0,0.0,128,10;11;12;13;14;15;16;17;18;19;20;21;22;23;24;25,,0,0,16
controlled-2764,controlled,hit_81.25,lead_2/rep_1,2,0,0,History-Last1,2.0,0.0,128,10;11;12;13;14;15;16;17;18;19;20;21;22;23;24;25,0;1;2;10;11;12;13;14;15;16;17;18;19;20;21;22,13,3,3
controlled-2765,controlled,hit_81.25,lead_2/rep_1,2,0,0,Oracle,2.0,0.0,128,10;11;12;13;14;15;16;17;18;19;20;21;22;23;24;25,10;11;12;13;14;15;16;17;18;19;20;21;22;23;24;25,16,0,0
controlled-2766,controlled,hit_81.25,lead_2/rep_2,3,0,0,No-Selected-Prefetch,2.0,0.0,128,10;11;12;13;14;15;16;17;18;19;20;21;22;23;24;25,,0,0,16
controlled-2767,controlled,hit_81.25,lead_2/rep_2,3,0,0,History-Last1,2.0,0.0,128,10;11;12;13;14;15;16;17;18;19;20;21;22;23;24;25,0;1;2;10;11;12;13;14;15;16;17;18;19;20;21;22,13,3,3
controlled-2768,controlled,hit_81.25,lead_2/rep_2,3,0,0,Oracle,2.0,0.0,128,10;11;12;13;14;15;16;17;18;19;20;21;22;23;24;25,10;11;12;13;14;15;16;17;18;19;20;21;22;23;24;25,16,0,0
controlled-2769,controlled,hit_81.25,lead_2/rep_3,4,0,0,No-Selected-Prefetch,2.0,0.0,128,10;11;12;13;14;15;16;17;18;19;20;21;22;23;24;25,,0,0,16
controlled-2770,controlled,hit_81.25,lead_2/rep_3,4,0,0,History-Last1,2.0,0.0,128,10;11;12;13;14;15;16;17;18;19;20;21;22;23;24;25,0;1;2;10;11;12;13;14;15;16;17;18;19;20;21;22,13,3,3
controlled-2771,controlled,hit_81.25,lead_2/rep_3,4,0,0,Oracle,2.0,0.0,128,10;11;12;13;14;15;16;17;18;19;20;21;22;23;24;25,10;11;12;13;14;15;16;17;18;19;20;21;22;23;24;25,16,0,0
controlled-2772,controlled,hit_81.25,lead_2/rep_4,5,0,0,No-Selected-Prefetch,2.0,0.0,128,10;11;12;13;14;15;16;17;18;19;20;21;22;23;24;25,,0,0,16
controlled-2773,controlled,hit_81.25,lead_2/rep_4,5,0,0,History-Last1,2.0,0.0,128,10;11;12;13;14;15;16;17;18;19;20;21;22;23;24;25,0;1;2;10;11;12;13;14;15;16;17;18;19;20;21;22,13,3,3
controlled-2774,controlled,hit_81.25,lead_2/rep_4,5,0,0,Oracle,2.0,0.0,128,10;11;12;13;14;15;16;17;18;19;20;21;22;23;24;25,10;11;12;13;14;15;16;17;18;19;20;21;22;23;24;25,16,0,0
controlled-2775,controlled,hit_81.25,lead_2/rep_5,6,0,0,No-Selected-Prefetch,2.0,0.0,128,10;11;12;13;14;15;16;17;18;19;20;21;22;23;24;25,,0,0,16
controlled-2776,controlled,hit_81.25,lead_2/rep_5,6,0,0,History-Last1,2.0,0.0,128,10;11;12;13;14;15;16;17;18;19;20;21;22;23;24;25,0;1;2;10;11;12;13;14;15;16;17;18;19;20;21;22,13,3,3
controlled-2777,controlled,hit_81.25,lead_2/rep_5,6,0,0,Oracle,2.0,0.0,128,10;11;12;13;14;15;16;17;18;19;20;21;22;23;24;25,10;11;12;13;14;15;16;17;18;19;20;21;22;23;24;25,16,0,0
controlled-2778,controlled,hit_81.25,lead_2/rep_6,7,0,0,No-Selected-Prefetch,2.0,0.0,128,10;11;12;13;14;15;16;17;18;19;20;21;22;23;24;25,,0,0,16
controlled-2779,controlled,hit_81.25,lead_2/rep_6,7,0,0,History-Last1,2.0,0.0,128,10;11;12;13;14;15;16;17;18;19;20;21;22;23;24;25,0;1;2;10;11;12;13;14;15;16;17;18;19;20;21;22,13,3,3
controlled-2780,controlled,hit_81.25,lead_2/rep_6,7,0,0,Oracle,2.0,0.0,128,10;11;12;13;14;15;16;17;18;19;20;21;22;23;24;25,10;11;12;13;14;15;16;17;18;19;20;21;22;23;24;25,16,0,0
controlled-2781,controlled,hit_81.25,lead_2/rep_7,8,0,0,No-Selected-Prefetch,2.0,0.0,128,10;11;12;13;14;15;16;17;18;19;20;21;22;23;24;25,,0,0,16
controlled-2782,controlled,hit_81.25,lead_2/rep_7,8,0,0,History-Last1,2.0,0.0,128,10;11;12;13;14;15;16;17;18;19;20;21;22;23;24;25,0;1;2;10;11;12;13;14;15;16;17;18;19;20;21;22,13,3,3
controlled-2783,controlled,hit_81.25,lead_2/rep_7,8,0,0,Oracle,2.0,0.0,128,10;11;12;13;14;15;16;17;18;19;20;21;22;23;24;25,10;11;12;13;14;15;16;17;18;19;20;21;22;23;24;25,16,0,0
controlled-2784,controlled,hit_81.25,lead_2/rep_8,9,0,0,No-Selected-Prefetch,2.0,0.0,128,10;11;12;13;14;15;16;17;18;19;20;21;22;23;24;25,,0,0,16
controlled-2785,controlled,hit_81.25,lead_2/rep_8,9,0,0,History-Last1,2.0,0.0,128,10;11;12;13;14;15;16;17;18;19;20;21;22;23;24;25,0;1;2;10;11;12;13;14;15;16;17;18;19;20;21;22,13,3,3
controlled-2786,controlled,hit_81.25,lead_2/rep_8,9,0,0,Oracle,2.0,0.0,128,10;11;12;13;14;15;16;17;18;19;20;21;22;23;24;25,10;11;12;13;14;15;16;17;18;19;20;21;22;23;24;25,16,0,0
controlled-2787,controlled,hit_81.25,lead_2/rep_9,10,0,0,No-Selected-Prefetch,2.0,0.0,128,10;11;12;13;14;15;16;17;18;19;20;21;22;23;24;25,,0,0,16
controlled-2788,controlled,hit_81.25,lead_2/rep_9,10,0,0,History-Last1,2.0,0.0,128,10;11;12;13;14;15;16;17;18;19;20;21;22;23;24;25,0;1;2;10;11;12;13;14;15;16;17;18;19;20;21;22,13,3,3
controlled-2789,controlled,hit_81.25,lead_2/rep_9,10,0,0,Oracle,2.0,0.0,128,10;11;12;13;14;15;16;17;18;19;20;21;22;23;24;25,10;11;12;13;14;15;16;17;18;19;20;21;22;23;24;25,16,0,0
controlled-2790,controlled,hit_81.25,lead_2/rep_10,11,0,0,No-Selected-Prefetch,2.0,0.0,128,10;11;12;13;14;15;16;17;18;19;20;21;22;23;24;25,,0,0,16
controlled-2791,controlled,hit_81.25,lead_2/rep_10,11,0,0,History-Last1,2.0,0.0,128,10;11;12;13;14;15;16;17;18;19;20;21;22;23;24;25,0;1;2;10;11;12;13;14;15;16;17;18;19;20;21;22,13,3,3
controlled-2792,controlled,hit_81.25,lead_2/rep_10,11,0,0,Oracle,2.0,0.0,128,10;11;12;13;14;15;16;17;18;19;20;21;22;23;24;25,10;11;12;13;14;15;16;17;18;19;20;21;22;23;24;25,16,0,0
controlled-2793,controlled,hit_81.25,lead_2/rep_11,12,0,0,No-Selected-Prefetch,2.0,0.0,128,10;11;12;13;14;15;16;17;18;19;20;21;22;23;24;25,,0,0,16
controlled-2794,controlled,hit_81.25,lead_2/rep_11,12,0,0,History-Last1,2.0,0.0,128,10;11;12;13;14;15;16;17;18;19;20;21;22;23;24;25,0;1;2;10;11;12;13;14;15;16;17;18;19;20;21;22,13,3,3
controlled-2795,controlled,hit_81.25,lead_2/rep_11,12,0,0,Oracle,2.0,0.0,128,10;11;12;13;14;15;16;17;18;19;20;21;22;23;24;25,10;11;12;13;14;15;16;17;18;19;20;21;22;23;24;25,16,0,0
controlled-2796,controlled,hit_81.25,lead_2/rep_12,13,0,0,No-Selected-Prefetch,2.0,0.0,128,10;11;12;13;14;15;16;17;18;19;20;21;22;23;24;25,,0,0,16
controlled-2797,controlled,hit_81.25,lead_2/rep_12,13,0,0,History-Last1,2.0,0.0,128,10;11;12;13;14;15;16;17;18;19;20;21;22;23;24;25,0;1;2;10;11;12;13;14;15;16;17;18;19;20;21;22,13,3,3
controlled-2798,controlled,hit_81.25,lead_2/rep_12,13,0,0,Oracle,2.0,0.0,128,10;11;12;13;14;15;16;17;18;19;20;21;22;23;24;25,10;11;12;13;14;15;16;17;18;19;20;21;22;23;24;25,16,0,0
controlled-2799,controlled,hit_81.25,lead_2/rep_13,14,0,0,No-Selected-Prefetch,2.0,0.0,128,10;11;12;13;14;15;16;17;18;19;20;21;22;23;24;25,,0,0,16
controlled-2800,controlled,hit_81.25,lead_2/rep_13,14,0,0,History-Last1,2.0,0.0,128,10;11;12;13;14;15;16;17;18;19;20;21;22;23;24;25,0;1;2;10;11;12;13;14;15;16;17;18;19;20;21;22,13,3,3
controlled-2801,controlled,hit_81.25,lead_2/rep_13,14,0,0,Oracle,2.0,0.0,128,10;11;12;13;14;15;16;17;18;19;20;21;22;23;24;25,10;11;12;13;14;15;16;17;18;19;20;21;22;23;24;25,16,0,0
controlled-2802,controlled,hit_81.25,lead_2/rep_14,15,0,0,No-Selected-Prefetch,2.0,0.0,128,10;11;12;13;14;15;16;17;18;19;20;21;22;23;24;25,,0,0,16
controlled-2803,controlled,hit_81.25,lead_2/rep_14,15,0,0,History-Last1,2.0,0.0,128,10;11;12;13;14;15;16;17;18;19;20;21;22;23;24;25,0;1;2;10;11;12;13;14;15;16;17;18;19;20;21;22,13,3,3
controlled-2804,controlled,hit_81.25,lead_2/rep_14,15,0,0,Oracle,2.0,0.0,128,10;11;12;13;14;15;16;17;18;19;20;21;22;23;24;25,10;11;12;13;14;15;16;17;18;19;20;21;22;23;24;25,16,0,0
controlled-2805,controlled,hit_81.25,lead_2/rep_15,16,0,0,No-Selected-Prefetch,2.0,0.0,128,10;11;12;13;14;15;16;17;18;19;20;21;22;23;24;25,,0,0,16
controlled-2806,controlled,hit_81.25,lead_2/rep_15,16,0,0,History-Last1,2.0,0.0,128,10;11;12;13;14;15;16;17;18;19;20;21;22;23;24;25,0;1;2;10;11;12;13;14;15;16;17;18;19;20;21;22,13,3,3
controlled-2807,controlled,hit_81.25,lead_2/rep_15,16,0,0,Oracle,2.0,0.0,128,10;11;12;13;14;15;16;17;18;19;20;21;22;23;24;25,10;11;12;13;14;15;16;17;18;19;20;21;22;23;24;25,16,0,0
controlled-2808,controlled,hit_81.25,lead_2/rep_16,17,0,0,No-Selected-Prefetch,2.0,0.0,128,10;11;12;13;14;15;16;17;18;19;20;21;22;23;24;25,,0,0,16
controlled-2809,controlled,hit_81.25,lead_2/rep_16,17,0,0,History-Last1,2.0,0.0,128,10;11;12;13;14;15;16;17;18;19;20;21;22;23;24;25,0;1;2;10;11;12;13;14;15;16;17;18;19;20;21;22,13,3,3
controlled-2810,controlled,hit_81.25,lead_2/rep_16,17,0,0,Oracle,2.0,0.0,128,10;11;12;13;14;15;16;17;18;19;20;21;22;23;24;25,10;11;12;13;14;15;16;17;18;19;20;21;22;23;24;25,16,0,0
controlled-2811,controlled,hit_81.25,lead_2/rep_17,18,0,0,No-Selected-Prefetch,2.0,0.0,128,10;11;12;13;14;15;16;17;18;19;20;21;22;23;24;25,,0,0,16
controlled-2812,controlled,hit_81.25,lead_2/rep_17,18,0,0,History-Last1,2.0,0.0,128,10;11;12;13;14;15;16;17;18;19;20;21;22;23;24;25,0;1;2;10;11;12;13;14;15;16;17;18;19;20;21;22,13,3,3
controlled-2813,controlled,hit_81.25,lead_2/rep_17,18,0,0,Oracle,2.0,0.0,128,10;11;12;13;14;15;16;17;18;19;20;21;22;23;24;25,10;11;12;13;14;15;16;17;18;19;20;21;22;23;24;25,16,0,0
controlled-2814,controlled,hit_81.25,lead_2/rep_18,19,0,0,No-Selected-Prefetch,2.0,0.0,128,10;11;12;13;14;15;16;17;18;19;20;21;22;23;24;25,,0,0,16
controlled-2815,controlled,hit_81.25,lead_2/rep_18,19,0,0,History-Last1,2.0,0.0,128,10;11;12;13;14;15;16;17;18;19;20;21;22;23;24;25,0;1;2;10;11;12;13;14;15;16;17;18;19;20;21;22,13,3,3
controlled-2816,controlled,hit_81.25,lead_2/rep_18,19,0,0,Oracle,2.0,0.0,128,10;11;12;13;14;15;16;17;18;19;20;21;22;23;24;25,10;11;12;13;14;15;16;17;18;19;20;21;22;23;24;25,16,0,0
controlled-2817,controlled,hit_81.25,lead_2/rep_19,20,0,0,No-Selected-Prefetch,2.0,0.0,128,10;11;12;13;14;15;16;17;18;19;20;21;22;23;24;25,,0,0,16
controlled-2818,controlled,hit_81.25,lead_2/rep_19,20,0,0,History-Last1,2.0,0.0,128,10;11;12;13;14;15;16;17;18;19;20;21;22;23;24;25,0;1;2;10;11;12;13;14;15;16;17;18;19;20;21;22,13,3,3
controlled-2819,controlled,hit_81.25,lead_2/rep_19,20,0,0,Oracle,2.0,0.0,128,10;11;12;13;14;15;16;17;18;19;20;21;22;23;24;25,10;11;12;13;14;15;16;17;18;19;20;21;22;23;24;25,16,0,0
controlled-2820,controlled,hit_81.25,lead_4/rep_0,1,0,0,No-Selected-Prefetch,4.0,0.0,128,10;11;12;13;14;15;16;17;18;19;20;21;22;23;24;25,,0,0,16
controlled-2821,controlled,hit_81.25,lead_4/rep_0,1,0,0,History-Last1,4.0,0.0,128,10;11;12;13;14;15;16;17;18;19;20;21;22;23;24;25,0;1;2;10;11;12;13;14;15;16;17;18;19;20;21;22,13,3,3
controlled-2822,controlled,hit_81.25,lead_4/rep_0,1,0,0,Oracle,4.0,0.0,128,10;11;12;13;14;15;16;17;18;19;20;21;22;23;24;25,10;11;12;13;14;15;16;17;18;19;20;21;22;23;24;25,16,0,0
controlled-2823,controlled,hit_81.25,lead_4/rep_1,2,0,0,No-Selected-Prefetch,4.0,0.0,128,10;11;12;13;14;15;16;17;18;19;20;21;22;23;24;25,,0,0,16
controlled-2824,controlled,hit_81.25,lead_4/rep_1,2,0,0,History-Last1,4.0,0.0,128,10;11;12;13;14;15;16;17;18;19;20;21;22;23;24;25,0;1;2;10;11;12;13;14;15;16;17;18;19;20;21;22,13,3,3
controlled-2825,controlled,hit_81.25,lead_4/rep_1,2,0,0,Oracle,4.0,0.0,128,10;11;12;13;14;15;16;17;18;19;20;21;22;23;24;25,10;11;12;13;14;15;16;17;18;19;20;21;22;23;24;25,16,0,0
controlled-2826,controlled,hit_81.25,lead_4/rep_2,3,0,0,No-Selected-Prefetch,4.0,0.0,128,10;11;12;13;14;15;16;17;18;19;20;21;22;23;24;25,,0,0,16
controlled-2827,controlled,hit_81.25,lead_4/rep_2,3,0,0,History-Last1,4.0,0.0,128,10;11;12;13;14;15;16;17;18;19;20;21;22;23;24;25,0;1;2;10;11;12;13;14;15;16;17;18;19;20;21;22,13,3,3
controlled-2828,controlled,hit_81.25,lead_4/rep_2,3,0,0,Oracle,4.0,0.0,128,10;11;12;13;14;15;16;17;18;19;20;21;22;23;24;25,10;11;12;13;14;15;16;17;18;19;20;21;22;23;24;25,16,0,0
controlled-2829,controlled,hit_81.25,lead_4/rep_3,4,0,0,No-Selected-Prefetch,4.0,0.0,128,10;11;12;13;14;15;16;17;18;19;20;21;22;23;24;25,,0,0,16
controlled-2830,controlled,hit_81.25,lead_4/rep_3,4,0,0,History-Last1,4.0,0.0,128,10;11;12;13;14;15;16;17;18;19;20;21;22;23;24;25,0;1;2;10;11;12;13;14;15;16;17;18;19;20;21;22,13,3,3
controlled-2831,controlled,hit_81.25,lead_4/rep_3,4,0,0,Oracle,4.0,0.0,128,10;11;12;13;14;15;16;17;18;19;20;21;22;23;24;25,10;11;12;13;14;15;16;17;18;19;20;21;22;23;24;25,16,0,0
controlled-2832,controlled,hit_81.25,lead_4/rep_4,5,0,0,No-Selected-Prefetch,4.0,0.0,128,10;11;12;13;14;15;16;17;18;19;20;21;22;23;24;25,,0,0,16
controlled-2833,controlled,hit_81.25,lead_4/rep_4,5,0,0,History-Last1,4.0,0.0,128,10;11;12;13;14;15;16;17;18;19;20;21;22;23;24;25,0;1;2;10;11;12;13;14;15;16;17;18;19;20;21;22,13,3,3
controlled-2834,controlled,hit_81.25,lead_4/rep_4,5,0,0,Oracle,4.0,0.0,128,10;11;12;13;14;15;16;17;18;19;20;21;22;23;24;25,10;11;12;13;14;15;16;17;18;19;20;21;22;23;24;25,16,0,0
controlled-2835,controlled,hit_81.25,lead_4/rep_5,6,0,0,No-Selected-Prefetch,4.0,0.0,128,10;11;12;13;14;15;16;17;18;19;20;21;22;23;24;25,,0,0,16
controlled-2836,controlled,hit_81.25,lead_4/rep_5,6,0,0,History-Last1,4.0,0.0,128,10;11;12;13;14;15;16;17;18;19;20;21;22;23;24;25,0;1;2;10;11;12;13;14;15;16;17;18;19;20;21;22,13,3,3
controlled-2837,controlled,hit_81.25,lead_4/rep_5,6,0,0,Oracle,4.0,0.0,128,10;11;12;13;14;15;16;17;18;19;20;21;22;23;24;25,10;11;12;13;14;15;16;17;18;19;20;21;22;23;24;25,16,0,0
controlled-2838,controlled,hit_81.25,lead_4/rep_6,7,0,0,No-Selected-Prefetch,4.0,0.0,128,10;11;12;13;14;15;16;17;18;19;20;21;22;23;24;25,,0,0,16
controlled-2839,controlled,hit_81.25,lead_4/rep_6,7,0,0,History-Last1,4.0,0.0,128,10;11;12;13;14;15;16;17;18;19;20;21;22;23;24;25,0;1;2;10;11;12;13;14;15;16;17;18;19;20;21;22,13,3,3
controlled-2840,controlled,hit_81.25,lead_4/rep_6,7,0,0,Oracle,4.0,0.0,128,10;11;12;13;14;15;16;17;18;19;20;21;22;23;24;25,10;11;12;13;14;15;16;17;18;19;20;21;22;23;24;25,16,0,0
controlled-2841,controlled,hit_81.25,lead_4/rep_7,8,0,0,No-Selected-Prefetch,4.0,0.0,128,10;11;12;13;14;15;16;17;18;19;20;21;22;23;24;25,,0,0,16
controlled-2842,controlled,hit_81.25,lead_4/rep_7,8,0,0,History-Last1,4.0,0.0,128,10;11;12;13;14;15;16;17;18;19;20;21;22;23;24;25,0;1;2;10;11;12;13;14;15;16;17;18;19;20;21;22,13,3,3
controlled-2843,controlled,hit_81.25,lead_4/rep_7,8,0,0,Oracle,4.0,0.0,128,10;11;12;13;14;15;16;17;18;19;20;21;22;23;24;25,10;11;12;13;14;15;16;17;18;19;20;21;22;23;24;25,16,0,0
controlled-2844,controlled,hit_81.25,lead_4/rep_8,9,0,0,No-Selected-Prefetch,4.0,0.0,128,10;11;12;13;14;15;16;17;18;19;20;21;22;23;24;25,,0,0,16
controlled-2845,controlled,hit_81.25,lead_4/rep_8,9,0,0,History-Last1,4.0,0.0,128,10;11;12;13;14;15;16;17;18;19;20;21;22;23;24;25,0;1;2;10;11;12;13;14;15;16;17;18;19;20;21;22,13,3,3
controlled-2846,controlled,hit_81.25,lead_4/rep_8,9,0,0,Oracle,4.0,0.0,128,10;11;12;13;14;15;16;17;18;19;20;21;22;23;24;25,10;11;12;13;14;15;16;17;18;19;20;21;22;23;24;25,16,0,0
controlled-2847,controlled,hit_81.25,lead_4/rep_9,10,0,0,No-Selected-Prefetch,4.0,0.0,128,10;11;12;13;14;15;16;17;18;19;20;21;22;23;24;25,,0,0,16
controlled-2848,controlled,hit_81.25,lead_4/rep_9,10,0,0,History-Last1,4.0,0.0,128,10;11;12;13;14;15;16;17;18;19;20;21;22;23;24;25,0;1;2;10;11;12;13;14;15;16;17;18;19;20;21;22,13,3,3
controlled-2849,controlled,hit_81.25,lead_4/rep_9,10,0,0,Oracle,4.0,0.0,128,10;11;12;13;14;15;16;17;18;19;20;21;22;23;24;25,10;11;12;13;14;15;16;17;18;19;20;21;22;23;24;25,16,0,0
controlled-2850,controlled,hit_81.25,lead_4/rep_10,11,0,0,No-Selected-Prefetch,4.0,0.0,128,10;11;12;13;14;15;16;17;18;19;20;21;22;23;24;25,,0,0,16
controlled-2851,controlled,hit_81.25,lead_4/rep_10,11,0,0,History-Last1,4.0,0.0,128,10;11;12;13;14;15;16;17;18;19;20;21;22;23;24;25,0;1;2;10;11;12;13;14;15;16;17;18;19;20;21;22,13,3,3
controlled-2852,controlled,hit_81.25,lead_4/rep_10,11,0,0,Oracle,4.0,0.0,128,10;11;12;13;14;15;16;17;18;19;20;21;22;23;24;25,10;11;12;13;14;15;16;17;18;19;20;21;22;23;24;25,16,0,0
controlled-2853,controlled,hit_81.25,lead_4/rep_11,12,0,0,No-Selected-Prefetch,4.0,0.0,128,10;11;12;13;14;15;16;17;18;19;20;21;22;23;24;25,,0,0,16
controlled-2854,controlled,hit_81.25,lead_4/rep_11,12,0,0,History-Last1,4.0,0.0,128,10;11;12;13;14;15;16;17;18;19;20;21;22;23;24;25,0;1;2;10;11;12;13;14;15;16;17;18;19;20;21;22,13,3,3
controlled-2855,controlled,hit_81.25,lead_4/rep_11,12,0,0,Oracle,4.0,0.0,128,10;11;12;13;14;15;16;17;18;19;20;21;22;23;24;25,10;11;12;13;14;15;16;17;18;19;20;21;22;23;24;25,16,0,0
controlled-2856,controlled,hit_81.25,lead_4/rep_12,13,0,0,No-Selected-Prefetch,4.0,0.0,128,10;11;12;13;14;15;16;17;18;19;20;21;22;23;24;25,,0,0,16
controlled-2857,controlled,hit_81.25,lead_4/rep_12,13,0,0,History-Last1,4.0,0.0,128,10;11;12;13;14;15;16;17;18;19;20;21;22;23;24;25,0;1;2;10;11;12;13;14;15;16;17;18;19;20;21;22,13,3,3
controlled-2858,controlled,hit_81.25,lead_4/rep_12,13,0,0,Oracle,4.0,0.0,128,10;11;12;13;14;15;16;17;18;19;20;21;22;23;24;25,10;11;12;13;14;15;16;17;18;19;20;21;22;23;24;25,16,0,0
controlled-2859,controlled,hit_81.25,lead_4/rep_13,14,0,0,No-Selected-Prefetch,4.0,0.0,128,10;11;12;13;14;15;16;17;18;19;20;21;22;23;24;25,,0,0,16
controlled-2860,controlled,hit_81.25,lead_4/rep_13,14,0,0,History-Last1,4.0,0.0,128,10;11;12;13;14;15;16;17;18;19;20;21;22;23;24;25,0;1;2;10;11;12;13;14;15;16;17;18;19;20;21;22,13,3,3
controlled-2861,controlled,hit_81.25,lead_4/rep_13,14,0,0,Oracle,4.0,0.0,128,10;11;12;13;14;15;16;17;18;19;20;21;22;23;24;25,10;11;12;13;14;15;16;17;18;19;20;21;22;23;24;25,16,0,0
controlled-2862,controlled,hit_81.25,lead_4/rep_14,15,0,0,No-Selected-Prefetch,4.0,0.0,128,10;11;12;13;14;15;16;17;18;19;20;21;22;23;24;25,,0,0,16
controlled-2863,controlled,hit_81.25,lead_4/rep_14,15,0,0,History-Last1,4.0,0.0,128,10;11;12;13;14;15;16;17;18;19;20;21;22;23;24;25,0;1;2;10;11;12;13;14;15;16;17;18;19;20;21;22,13,3,3
controlled-2864,controlled,hit_81.25,lead_4/rep_14,15,0,0,Oracle,4.0,0.0,128,10;11;12;13;14;15;16;17;18;19;20;21;22;23;24;25,10;11;12;13;14;15;16;17;18;19;20;21;22;23;24;25,16,0,0
controlled-2865,controlled,hit_81.25,lead_4/rep_15,16,0,0,No-Selected-Prefetch,4.0,0.0,128,10;11;12;13;14;15;16;17;18;19;20;21;22;23;24;25,,0,0,16
controlled-2866,controlled,hit_81.25,lead_4/rep_15,16,0,0,History-Last1,4.0,0.0,128,10;11;12;13;14;15;16;17;18;19;20;21;22;23;24;25,0;1;2;10;11;12;13;14;15;16;17;18;19;20;21;22,13,3,3
controlled-2867,controlled,hit_81.25,lead_4/rep_15,16,0,0,Oracle,4.0,0.0,128,10;11;12;13;14;15;16;17;18;19;20;21;22;23;24;25,10;11;12;13;14;15;16;17;18;19;20;21;22;23;24;25,16,0,0
controlled-2868,controlled,hit_81.25,lead_4/rep_16,17,0,0,No-Selected-Prefetch,4.0,0.0,128,10;11;12;13;14;15;16;17;18;19;20;21;22;23;24;25,,0,0,16
controlled-2869,controlled,hit_81.25,lead_4/rep_16,17,0,0,History-Last1,4.0,0.0,128,10;11;12;13;14;15;16;17;18;19;20;21;22;23;24;25,0;1;2;10;11;12;13;14;15;16;17;18;19;20;21;22,13,3,3
controlled-2870,controlled,hit_81.25,lead_4/rep_16,17,0,0,Oracle,4.0,0.0,128,10;11;12;13;14;15;16;17;18;19;20;21;22;23;24;25,10;11;12;13;14;15;16;17;18;19;20;21;22;23;24;25,16,0,0
controlled-2871,controlled,hit_81.25,lead_4/rep_17,18,0,0,No-Selected-Prefetch,4.0,0.0,128,10;11;12;13;14;15;16;17;18;19;20;21;22;23;24;25,,0,0,16
controlled-2872,controlled,hit_81.25,lead_4/rep_17,18,0,0,History-Last1,4.0,0.0,128,10;11;12;13;14;15;16;17;18;19;20;21;22;23;24;25,0;1;2;10;11;12;13;14;15;16;17;18;19;20;21;22,13,3,3
controlled-2873,controlled,hit_81.25,lead_4/rep_17,18,0,0,Oracle,4.0,0.0,128,10;11;12;13;14;15;16;17;18;19;20;21;22;23;24;25,10;11;12;13;14;15;16;17;18;19;20;21;22;23;24;25,16,0,0
controlled-2874,controlled,hit_81.25,lead_4/rep_18,19,0,0,No-Selected-Prefetch,4.0,0.0,128,10;11;12;13;14;15;16;17;18;19;20;21;22;23;24;25,,0,0,16
controlled-2875,controlled,hit_81.25,lead_4/rep_18,19,0,0,History-Last1,4.0,0.0,128,10;11;12;13;14;15;16;17;18;19;20;21;22;23;24;25,0;1;2;10;11;12;13;14;15;16;17;18;19;20;21;22,13,3,3
controlled-2876,controlled,hit_81.25,lead_4/rep_18,19,0,0,Oracle,4.0,0.0,128,10;11;12;13;14;15;16;17;18;19;20;21;22;23;24;25,10;11;12;13;14;15;16;17;18;19;20;21;22;23;24;25,16,0,0
controlled-2877,controlled,hit_81.25,lead_4/rep_19,20,0,0,No-Selected-Prefetch,4.0,0.0,128,10;11;12;13;14;15;16;17;18;19;20;21;22;23;24;25,,0,0,16
controlled-2878,controlled,hit_81.25,lead_4/rep_19,20,0,0,History-Last1,4.0,0.0,128,10;11;12;13;14;15;16;17;18;19;20;21;22;23;24;25,0;1;2;10;11;12;13;14;15;16;17;18;19;20;21;22,13,3,3
controlled-2879,controlled,hit_81.25,lead_4/rep_19,20,0,0,Oracle,4.0,0.0,128,10;11;12;13;14;15;16;17;18;19;20;21;22;23;24;25,10;11;12;13;14;15;16;17;18;19;20;21;22;23;24;25,16,0,0
controlled-2880,controlled,hit_81.25,lead_8/rep_0,1,0,0,No-Selected-Prefetch,8.0,0.0,128,10;11;12;13;14;15;16;17;18;19;20;21;22;23;24;25,,0,0,16
controlled-2881,controlled,hit_81.25,lead_8/rep_0,1,0,0,History-Last1,8.0,0.0,128,10;11;12;13;14;15;16;17;18;19;20;21;22;23;24;25,0;1;2;10;11;12;13;14;15;16;17;18;19;20;21;22,13,3,3
controlled-2882,controlled,hit_81.25,lead_8/rep_0,1,0,0,Oracle,8.0,0.0,128,10;11;12;13;14;15;16;17;18;19;20;21;22;23;24;25,10;11;12;13;14;15;16;17;18;19;20;21;22;23;24;25,16,0,0
controlled-2883,controlled,hit_81.25,lead_8/rep_1,2,0,0,No-Selected-Prefetch,8.0,0.0,128,10;11;12;13;14;15;16;17;18;19;20;21;22;23;24;25,,0,0,16
controlled-2884,controlled,hit_81.25,lead_8/rep_1,2,0,0,History-Last1,8.0,0.0,128,10;11;12;13;14;15;16;17;18;19;20;21;22;23;24;25,0;1;2;10;11;12;13;14;15;16;17;18;19;20;21;22,13,3,3
controlled-2885,controlled,hit_81.25,lead_8/rep_1,2,0,0,Oracle,8.0,0.0,128,10;11;12;13;14;15;16;17;18;19;20;21;22;23;24;25,10;11;12;13;14;15;16;17;18;19;20;21;22;23;24;25,16,0,0
controlled-2886,controlled,hit_81.25,lead_8/rep_2,3,0,0,No-Selected-Prefetch,8.0,0.0,128,10;11;12;13;14;15;16;17;18;19;20;21;22;23;24;25,,0,0,16
controlled-2887,controlled,hit_81.25,lead_8/rep_2,3,0,0,History-Last1,8.0,0.0,128,10;11;12;13;14;15;16;17;18;19;20;21;22;23;24;25,0;1;2;10;11;12;13;14;15;16;17;18;19;20;21;22,13,3,3
controlled-2888,controlled,hit_81.25,lead_8/rep_2,3,0,0,Oracle,8.0,0.0,128,10;11;12;13;14;15;16;17;18;19;20;21;22;23;24;25,10;11;12;13;14;15;16;17;18;19;20;21;22;23;24;25,16,0,0
controlled-2889,controlled,hit_81.25,lead_8/rep_3,4,0,0,No-Selected-Prefetch,8.0,0.0,128,10;11;12;13;14;15;16;17;18;19;20;21;22;23;24;25,,0,0,16
controlled-2890,controlled,hit_81.25,lead_8/rep_3,4,0,0,History-Last1,8.0,0.0,128,10;11;12;13;14;15;16;17;18;19;20;21;22;23;24;25,0;1;2;10;11;12;13;14;15;16;17;18;19;20;21;22,13,3,3
controlled-2891,controlled,hit_81.25,lead_8/rep_3,4,0,0,Oracle,8.0,0.0,128,10;11;12;13;14;15;16;17;18;19;20;21;22;23;24;25,10;11;12;13;14;15;16;17;18;19;20;21;22;23;24;25,16,0,0
controlled-2892,controlled,hit_81.25,lead_8/rep_4,5,0,0,No-Selected-Prefetch,8.0,0.0,128,10;11;12;13;14;15;16;17;18;19;20;21;22;23;24;25,,0,0,16
controlled-2893,controlled,hit_81.25,lead_8/rep_4,5,0,0,History-Last1,8.0,0.0,128,10;11;12;13;14;15;16;17;18;19;20;21;22;23;24;25,0;1;2;10;11;12;13;14;15;16;17;18;19;20;21;22,13,3,3
controlled-2894,controlled,hit_81.25,lead_8/rep_4,5,0,0,Oracle,8.0,0.0,128,10;11;12;13;14;15;16;17;18;19;20;21;22;23;24;25,10;11;12;13;14;15;16;17;18;19;20;21;22;23;24;25,16,0,0
controlled-2895,controlled,hit_81.25,lead_8/rep_5,6,0,0,No-Selected-Prefetch,8.0,0.0,128,10;11;12;13;14;15;16;17;18;19;20;21;22;23;24;25,,0,0,16
controlled-2896,controlled,hit_81.25,lead_8/rep_5,6,0,0,History-Last1,8.0,0.0,128,10;11;12;13;14;15;16;17;18;19;20;21;22;23;24;25,0;1;2;10;11;12;13;14;15;16;17;18;19;20;21;22,13,3,3
controlled-2897,controlled,hit_81.25,lead_8/rep_5,6,0,0,Oracle,8.0,0.0,128,10;11;12;13;14;15;16;17;18;19;20;21;22;23;24;25,10;11;12;13;14;15;16;17;18;19;20;21;22;23;24;25,16,0,0
controlled-2898,controlled,hit_81.25,lead_8/rep_6,7,0,0,No-Selected-Prefetch,8.0,0.0,128,10;11;12;13;14;15;16;17;18;19;20;21;22;23;24;25,,0,0,16
controlled-2899,controlled,hit_81.25,lead_8/rep_6,7,0,0,History-Last1,8.0,0.0,128,10;11;12;13;14;15;16;17;18;19;20;21;22;23;24;25,0;1;2;10;11;12;13;14;15;16;17;18;19;20;21;22,13,3,3
controlled-2900,controlled,hit_81.25,lead_8/rep_6,7,0,0,Oracle,8.0,0.0,128,10;11;12;13;14;15;16;17;18;19;20;21;22;23;24;25,10;11;12;13;14;15;16;17;18;19;20;21;22;23;24;25,16,0,0
controlled-2901,controlled,hit_81.25,lead_8/rep_7,8,0,0,No-Selected-Prefetch,8.0,0.0,128,10;11;12;13;14;15;16;17;18;19;20;21;22;23;24;25,,0,0,16
controlled-2902,controlled,hit_81.25,lead_8/rep_7,8,0,0,History-Last1,8.0,0.0,128,10;11;12;13;14;15;16;17;18;19;20;21;22;23;24;25,0;1;2;10;11;12;13;14;15;16;17;18;19;20;21;22,13,3,3
controlled-2903,controlled,hit_81.25,lead_8/rep_7,8,0,0,Oracle,8.0,0.0,128,10;11;12;13;14;15;16;17;18;19;20;21;22;23;24;25,10;11;12;13;14;15;16;17;18;19;20;21;22;23;24;25,16,0,0
controlled-2904,controlled,hit_81.25,lead_8/rep_8,9,0,0,No-Selected-Prefetch,8.0,0.0,128,10;11;12;13;14;15;16;17;18;19;20;21;22;23;24;25,,0,0,16
controlled-2905,controlled,hit_81.25,lead_8/rep_8,9,0,0,History-Last1,8.0,0.0,128,10;11;12;13;14;15;16;17;18;19;20;21;22;23;24;25,0;1;2;10;11;12;13;14;15;16;17;18;19;20;21;22,13,3,3
controlled-2906,controlled,hit_81.25,lead_8/rep_8,9,0,0,Oracle,8.0,0.0,128,10;11;12;13;14;15;16;17;18;19;20;21;22;23;24;25,10;11;12;13;14;15;16;17;18;19;20;21;22;23;24;25,16,0,0
controlled-2907,controlled,hit_81.25,lead_8/rep_9,10,0,0,No-Selected-Prefetch,8.0,0.0,128,10;11;12;13;14;15;16;17;18;19;20;21;22;23;24;25,,0,0,16
controlled-2908,controlled,hit_81.25,lead_8/rep_9,10,0,0,History-Last1,8.0,0.0,128,10;11;12;13;14;15;16;17;18;19;20;21;22;23;24;25,0;1;2;10;11;12;13;14;15;16;17;18;19;20;21;22,13,3,3
controlled-2909,controlled,hit_81.25,lead_8/rep_9,10,0,0,Oracle,8.0,0.0,128,10;11;12;13;14;15;16;17;18;19;20;21;22;23;24;25,10;11;12;13;14;15;16;17;18;19;20;21;22;23;24;25,16,0,0
controlled-2910,controlled,hit_81.25,lead_8/rep_10,11,0,0,No-Selected-Prefetch,8.0,0.0,128,10;11;12;13;14;15;16;17;18;19;20;21;22;23;24;25,,0,0,16
controlled-2911,controlled,hit_81.25,lead_8/rep_10,11,0,0,History-Last1,8.0,0.0,128,10;11;12;13;14;15;16;17;18;19;20;21;22;23;24;25,0;1;2;10;11;12;13;14;15;16;17;18;19;20;21;22,13,3,3
controlled-2912,controlled,hit_81.25,lead_8/rep_10,11,0,0,Oracle,8.0,0.0,128,10;11;12;13;14;15;16;17;18;19;20;21;22;23;24;25,10;11;12;13;14;15;16;17;18;19;20;21;22;23;24;25,16,0,0
controlled-2913,controlled,hit_81.25,lead_8/rep_11,12,0,0,No-Selected-Prefetch,8.0,0.0,128,10;11;12;13;14;15;16;17;18;19;20;21;22;23;24;25,,0,0,16
controlled-2914,controlled,hit_81.25,lead_8/rep_11,12,0,0,History-Last1,8.0,0.0,128,10;11;12;13;14;15;16;17;18;19;20;21;22;23;24;25,0;1;2;10;11;12;13;14;15;16;17;18;19;20;21;22,13,3,3
controlled-2915,controlled,hit_81.25,lead_8/rep_11,12,0,0,Oracle,8.0,0.0,128,10;11;12;13;14;15;16;17;18;19;20;21;22;23;24;25,10;11;12;13;14;15;16;17;18;19;20;21;22;23;24;25,16,0,0
controlled-2916,controlled,hit_81.25,lead_8/rep_12,13,0,0,No-Selected-Prefetch,8.0,0.0,128,10;11;12;13;14;15;16;17;18;19;20;21;22;23;24;25,,0,0,16
controlled-2917,controlled,hit_81.25,lead_8/rep_12,13,0,0,History-Last1,8.0,0.0,128,10;11;12;13;14;15;16;17;18;19;20;21;22;23;24;25,0;1;2;10;11;12;13;14;15;16;17;18;19;20;21;22,13,3,3
controlled-2918,controlled,hit_81.25,lead_8/rep_12,13,0,0,Oracle,8.0,0.0,128,10;11;12;13;14;15;16;17;18;19;20;21;22;23;24;25,10;11;12;13;14;15;16;17;18;19;20;21;22;23;24;25,16,0,0
controlled-2919,controlled,hit_81.25,lead_8/rep_13,14,0,0,No-Selected-Prefetch,8.0,0.0,128,10;11;12;13;14;15;16;17;18;19;20;21;22;23;24;25,,0,0,16
controlled-2920,controlled,hit_81.25,lead_8/rep_13,14,0,0,History-Last1,8.0,0.0,128,10;11;12;13;14;15;16;17;18;19;20;21;22;23;24;25,0;1;2;10;11;12;13;14;15;16;17;18;19;20;21;22,13,3,3
controlled-2921,controlled,hit_81.25,lead_8/rep_13,14,0,0,Oracle,8.0,0.0,128,10;11;12;13;14;15;16;17;18;19;20;21;22;23;24;25,10;11;12;13;14;15;16;17;18;19;20;21;22;23;24;25,16,0,0
controlled-2922,controlled,hit_81.25,lead_8/rep_14,15,0,0,No-Selected-Prefetch,8.0,0.0,128,10;11;12;13;14;15;16;17;18;19;20;21;22;23;24;25,,0,0,16
controlled-2923,controlled,hit_81.25,lead_8/rep_14,15,0,0,History-Last1,8.0,0.0,128,10;11;12;13;14;15;16;17;18;19;20;21;22;23;24;25,0;1;2;10;11;12;13;14;15;16;17;18;19;20;21;22,13,3,3
controlled-2924,controlled,hit_81.25,lead_8/rep_14,15,0,0,Oracle,8.0,0.0,128,10;11;12;13;14;15;16;17;18;19;20;21;22;23;24;25,10;11;12;13;14;15;16;17;18;19;20;21;22;23;24;25,16,0,0
controlled-2925,controlled,hit_81.25,lead_8/rep_15,16,0,0,No-Selected-Prefetch,8.0,0.0,128,10;11;12;13;14;15;16;17;18;19;20;21;22;23;24;25,,0,0,16
controlled-2926,controlled,hit_81.25,lead_8/rep_15,16,0,0,History-Last1,8.0,0.0,128,10;11;12;13;14;15;16;17;18;19;20;21;22;23;24;25,0;1;2;10;11;12;13;14;15;16;17;18;19;20;21;22,13,3,3
controlled-2927,controlled,hit_81.25,lead_8/rep_15,16,0,0,Oracle,8.0,0.0,128,10;11;12;13;14;15;16;17;18;19;20;21;22;23;24;25,10;11;12;13;14;15;16;17;18;19;20;21;22;23;24;25,16,0,0
controlled-2928,controlled,hit_81.25,lead_8/rep_16,17,0,0,No-Selected-Prefetch,8.0,0.0,128,10;11;12;13;14;15;16;17;18;19;20;21;22;23;24;25,,0,0,16
controlled-2929,controlled,hit_81.25,lead_8/rep_16,17,0,0,History-Last1,8.0,0.0,128,10;11;12;13;14;15;16;17;18;19;20;21;22;23;24;25,0;1;2;10;11;12;13;14;15;16;17;18;19;20;21;22,13,3,3
controlled-2930,controlled,hit_81.25,lead_8/rep_16,17,0,0,Oracle,8.0,0.0,128,10;11;12;13;14;15;16;17;18;19;20;21;22;23;24;25,10;11;12;13;14;15;16;17;18;19;20;21;22;23;24;25,16,0,0
controlled-2931,controlled,hit_81.25,lead_8/rep_17,18,0,0,No-Selected-Prefetch,8.0,0.0,128,10;11;12;13;14;15;16;17;18;19;20;21;22;23;24;25,,0,0,16
controlled-2932,controlled,hit_81.25,lead_8/rep_17,18,0,0,History-Last1,8.0,0.0,128,10;11;12;13;14;15;16;17;18;19;20;21;22;23;24;25,0;1;2;10;11;12;13;14;15;16;17;18;19;20;21;22,13,3,3
controlled-2933,controlled,hit_81.25,lead_8/rep_17,18,0,0,Oracle,8.0,0.0,128,10;11;12;13;14;15;16;17;18;19;20;21;22;23;24;25,10;11;12;13;14;15;16;17;18;19;20;21;22;23;24;25,16,0,0
controlled-2934,controlled,hit_81.25,lead_8/rep_18,19,0,0,No-Selected-Prefetch,8.0,0.0,128,10;11;12;13;14;15;16;17;18;19;20;21;22;23;24;25,,0,0,16
controlled-2935,controlled,hit_81.25,lead_8/rep_18,19,0,0,History-Last1,8.0,0.0,128,10;11;12;13;14;15;16;17;18;19;20;21;22;23;24;25,0;1;2;10;11;12;13;14;15;16;17;18;19;20;21;22,13,3,3
controlled-2936,controlled,hit_81.25,lead_8/rep_18,19,0,0,Oracle,8.0,0.0,128,10;11;12;13;14;15;16;17;18;19;20;21;22;23;24;25,10;11;12;13;14;15;16;17;18;19;20;21;22;23;24;25,16,0,0
controlled-2937,controlled,hit_81.25,lead_8/rep_19,20,0,0,No-Selected-Prefetch,8.0,0.0,128,10;11;12;13;14;15;16;17;18;19;20;21;22;23;24;25,,0,0,16
controlled-2938,controlled,hit_81.25,lead_8/rep_19,20,0,0,History-Last1,8.0,0.0,128,10;11;12;13;14;15;16;17;18;19;20;21;22;23;24;25,0;1;2;10;11;12;13;14;15;16;17;18;19;20;21;22,13,3,3
controlled-2939,controlled,hit_81.25,lead_8/rep_19,20,0,0,Oracle,8.0,0.0,128,10;11;12;13;14;15;16;17;18;19;20;21;22;23;24;25,10;11;12;13;14;15;16;17;18;19;20;21;22;23;24;25,16,0,0
controlled-2940,controlled,hit_87.5,lead_0/rep_0,1,0,0,No-Selected-Prefetch,0.0,0.0,128,10;11;12;13;14;15;16;17;18;19;20;21;22;23;24;25,,0,0,16
controlled-2941,controlled,hit_87.5,lead_0/rep_0,1,0,0,History-Last1,0.0,0.0,128,10;11;12;13;14;15;16;17;18;19;20;21;22;23;24;25,0;1;10;11;12;13;14;15;16;17;18;19;20;21;22;23,14,2,2
controlled-2942,controlled,hit_87.5,lead_0/rep_0,1,0,0,Oracle,0.0,0.0,128,10;11;12;13;14;15;16;17;18;19;20;21;22;23;24;25,10;11;12;13;14;15;16;17;18;19;20;21;22;23;24;25,16,0,0
controlled-2943,controlled,hit_87.5,lead_0/rep_1,2,0,0,No-Selected-Prefetch,0.0,0.0,128,10;11;12;13;14;15;16;17;18;19;20;21;22;23;24;25,,0,0,16
controlled-2944,controlled,hit_87.5,lead_0/rep_1,2,0,0,History-Last1,0.0,0.0,128,10;11;12;13;14;15;16;17;18;19;20;21;22;23;24;25,0;1;10;11;12;13;14;15;16;17;18;19;20;21;22;23,14,2,2
controlled-2945,controlled,hit_87.5,lead_0/rep_1,2,0,0,Oracle,0.0,0.0,128,10;11;12;13;14;15;16;17;18;19;20;21;22;23;24;25,10;11;12;13;14;15;16;17;18;19;20;21;22;23;24;25,16,0,0
controlled-2946,controlled,hit_87.5,lead_0/rep_2,3,0,0,No-Selected-Prefetch,0.0,0.0,128,10;11;12;13;14;15;16;17;18;19;20;21;22;23;24;25,,0,0,16
controlled-2947,controlled,hit_87.5,lead_0/rep_2,3,0,0,History-Last1,0.0,0.0,128,10;11;12;13;14;15;16;17;18;19;20;21;22;23;24;25,0;1;10;11;12;13;14;15;16;17;18;19;20;21;22;23,14,2,2
controlled-2948,controlled,hit_87.5,lead_0/rep_2,3,0,0,Oracle,0.0,0.0,128,10;11;12;13;14;15;16;17;18;19;20;21;22;23;24;25,10;11;12;13;14;15;16;17;18;19;20;21;22;23;24;25,16,0,0
controlled-2949,controlled,hit_87.5,lead_0/rep_3,4,0,0,No-Selected-Prefetch,0.0,0.0,128,10;11;12;13;14;15;16;17;18;19;20;21;22;23;24;25,,0,0,16
controlled-2950,controlled,hit_87.5,lead_0/rep_3,4,0,0,History-Last1,0.0,0.0,128,10;11;12;13;14;15;16;17;18;19;20;21;22;23;24;25,0;1;10;11;12;13;14;15;16;17;18;19;20;21;22;23,14,2,2
controlled-2951,controlled,hit_87.5,lead_0/rep_3,4,0,0,Oracle,0.0,0.0,128,10;11;12;13;14;15;16;17;18;19;20;21;22;23;24;25,10;11;12;13;14;15;16;17;18;19;20;21;22;23;24;25,16,0,0
controlled-2952,controlled,hit_87.5,lead_0/rep_4,5,0,0,No-Selected-Prefetch,0.0,0.0,128,10;11;12;13;14;15;16;17;18;19;20;21;22;23;24;25,,0,0,16
controlled-2953,controlled,hit_87.5,lead_0/rep_4,5,0,0,History-Last1,0.0,0.0,128,10;11;12;13;14;15;16;17;18;19;20;21;22;23;24;25,0;1;10;11;12;13;14;15;16;17;18;19;20;21;22;23,14,2,2
controlled-2954,controlled,hit_87.5,lead_0/rep_4,5,0,0,Oracle,0.0,0.0,128,10;11;12;13;14;15;16;17;18;19;20;21;22;23;24;25,10;11;12;13;14;15;16;17;18;19;20;21;22;23;24;25,16,0,0
controlled-2955,controlled,hit_87.5,lead_0/rep_5,6,0,0,No-Selected-Prefetch,0.0,0.0,128,10;11;12;13;14;15;16;17;18;19;20;21;22;23;24;25,,0,0,16
controlled-2956,controlled,hit_87.5,lead_0/rep_5,6,0,0,History-Last1,0.0,0.0,128,10;11;12;13;14;15;16;17;18;19;20;21;22;23;24;25,0;1;10;11;12;13;14;15;16;17;18;19;20;21;22;23,14,2,2
controlled-2957,controlled,hit_87.5,lead_0/rep_5,6,0,0,Oracle,0.0,0.0,128,10;11;12;13;14;15;16;17;18;19;20;21;22;23;24;25,10;11;12;13;14;15;16;17;18;19;20;21;22;23;24;25,16,0,0
controlled-2958,controlled,hit_87.5,lead_0/rep_6,7,0,0,No-Selected-Prefetch,0.0,0.0,128,10;11;12;13;14;15;16;17;18;19;20;21;22;23;24;25,,0,0,16
controlled-2959,controlled,hit_87.5,lead_0/rep_6,7,0,0,History-Last1,0.0,0.0,128,10;11;12;13;14;15;16;17;18;19;20;21;22;23;24;25,0;1;10;11;12;13;14;15;16;17;18;19;20;21;22;23,14,2,2
controlled-2960,controlled,hit_87.5,lead_0/rep_6,7,0,0,Oracle,0.0,0.0,128,10;11;12;13;14;15;16;17;18;19;20;21;22;23;24;25,10;11;12;13;14;15;16;17;18;19;20;21;22;23;24;25,16,0,0
controlled-2961,controlled,hit_87.5,lead_0/rep_7,8,0,0,No-Selected-Prefetch,0.0,0.0,128,10;11;12;13;14;15;16;17;18;19;20;21;22;23;24;25,,0,0,16
controlled-2962,controlled,hit_87.5,lead_0/rep_7,8,0,0,History-Last1,0.0,0.0,128,10;11;12;13;14;15;16;17;18;19;20;21;22;23;24;25,0;1;10;11;12;13;14;15;16;17;18;19;20;21;22;23,14,2,2
controlled-2963,controlled,hit_87.5,lead_0/rep_7,8,0,0,Oracle,0.0,0.0,128,10;11;12;13;14;15;16;17;18;19;20;21;22;23;24;25,10;11;12;13;14;15;16;17;18;19;20;21;22;23;24;25,16,0,0
controlled-2964,controlled,hit_87.5,lead_0/rep_8,9,0,0,No-Selected-Prefetch,0.0,0.0,128,10;11;12;13;14;15;16;17;18;19;20;21;22;23;24;25,,0,0,16
controlled-2965,controlled,hit_87.5,lead_0/rep_8,9,0,0,History-Last1,0.0,0.0,128,10;11;12;13;14;15;16;17;18;19;20;21;22;23;24;25,0;1;10;11;12;13;14;15;16;17;18;19;20;21;22;23,14,2,2
controlled-2966,controlled,hit_87.5,lead_0/rep_8,9,0,0,Oracle,0.0,0.0,128,10;11;12;13;14;15;16;17;18;19;20;21;22;23;24;25,10;11;12;13;14;15;16;17;18;19;20;21;22;23;24;25,16,0,0
controlled-2967,controlled,hit_87.5,lead_0/rep_9,10,0,0,No-Selected-Prefetch,0.0,0.0,128,10;11;12;13;14;15;16;17;18;19;20;21;22;23;24;25,,0,0,16
controlled-2968,controlled,hit_87.5,lead_0/rep_9,10,0,0,History-Last1,0.0,0.0,128,10;11;12;13;14;15;16;17;18;19;20;21;22;23;24;25,0;1;10;11;12;13;14;15;16;17;18;19;20;21;22;23,14,2,2
controlled-2969,controlled,hit_87.5,lead_0/rep_9,10,0,0,Oracle,0.0,0.0,128,10;11;12;13;14;15;16;17;18;19;20;21;22;23;24;25,10;11;12;13;14;15;16;17;18;19;20;21;22;23;24;25,16,0,0
controlled-2970,controlled,hit_87.5,lead_0/rep_10,11,0,0,No-Selected-Prefetch,0.0,0.0,128,10;11;12;13;14;15;16;17;18;19;20;21;22;23;24;25,,0,0,16
controlled-2971,controlled,hit_87.5,lead_0/rep_10,11,0,0,History-Last1,0.0,0.0,128,10;11;12;13;14;15;16;17;18;19;20;21;22;23;24;25,0;1;10;11;12;13;14;15;16;17;18;19;20;21;22;23,14,2,2
controlled-2972,controlled,hit_87.5,lead_0/rep_10,11,0,0,Oracle,0.0,0.0,128,10;11;12;13;14;15;16;17;18;19;20;21;22;23;24;25,10;11;12;13;14;15;16;17;18;19;20;21;22;23;24;25,16,0,0
controlled-2973,controlled,hit_87.5,lead_0/rep_11,12,0,0,No-Selected-Prefetch,0.0,0.0,128,10;11;12;13;14;15;16;17;18;19;20;21;22;23;24;25,,0,0,16
controlled-2974,controlled,hit_87.5,lead_0/rep_11,12,0,0,History-Last1,0.0,0.0,128,10;11;12;13;14;15;16;17;18;19;20;21;22;23;24;25,0;1;10;11;12;13;14;15;16;17;18;19;20;21;22;23,14,2,2
controlled-2975,controlled,hit_87.5,lead_0/rep_11,12,0,0,Oracle,0.0,0.0,128,10;11;12;13;14;15;16;17;18;19;20;21;22;23;24;25,10;11;12;13;14;15;16;17;18;19;20;21;22;23;24;25,16,0,0
controlled-2976,controlled,hit_87.5,lead_0/rep_12,13,0,0,No-Selected-Prefetch,0.0,0.0,128,10;11;12;13;14;15;16;17;18;19;20;21;22;23;24;25,,0,0,16
controlled-2977,controlled,hit_87.5,lead_0/rep_12,13,0,0,History-Last1,0.0,0.0,128,10;11;12;13;14;15;16;17;18;19;20;21;22;23;24;25,0;1;10;11;12;13;14;15;16;17;18;19;20;21;22;23,14,2,2
controlled-2978,controlled,hit_87.5,lead_0/rep_12,13,0,0,Oracle,0.0,0.0,128,10;11;12;13;14;15;16;17;18;19;20;21;22;23;24;25,10;11;12;13;14;15;16;17;18;19;20;21;22;23;24;25,16,0,0
controlled-2979,controlled,hit_87.5,lead_0/rep_13,14,0,0,No-Selected-Prefetch,0.0,0.0,128,10;11;12;13;14;15;16;17;18;19;20;21;22;23;24;25,,0,0,16
controlled-2980,controlled,hit_87.5,lead_0/rep_13,14,0,0,History-Last1,0.0,0.0,128,10;11;12;13;14;15;16;17;18;19;20;21;22;23;24;25,0;1;10;11;12;13;14;15;16;17;18;19;20;21;22;23,14,2,2
controlled-2981,controlled,hit_87.5,lead_0/rep_13,14,0,0,Oracle,0.0,0.0,128,10;11;12;13;14;15;16;17;18;19;20;21;22;23;24;25,10;11;12;13;14;15;16;17;18;19;20;21;22;23;24;25,16,0,0
controlled-2982,controlled,hit_87.5,lead_0/rep_14,15,0,0,No-Selected-Prefetch,0.0,0.0,128,10;11;12;13;14;15;16;17;18;19;20;21;22;23;24;25,,0,0,16
controlled-2983,controlled,hit_87.5,lead_0/rep_14,15,0,0,History-Last1,0.0,0.0,128,10;11;12;13;14;15;16;17;18;19;20;21;22;23;24;25,0;1;10;11;12;13;14;15;16;17;18;19;20;21;22;23,14,2,2
controlled-2984,controlled,hit_87.5,lead_0/rep_14,15,0,0,Oracle,0.0,0.0,128,10;11;12;13;14;15;16;17;18;19;20;21;22;23;24;25,10;11;12;13;14;15;16;17;18;19;20;21;22;23;24;25,16,0,0
controlled-2985,controlled,hit_87.5,lead_0/rep_15,16,0,0,No-Selected-Prefetch,0.0,0.0,128,10;11;12;13;14;15;16;17;18;19;20;21;22;23;24;25,,0,0,16
controlled-2986,controlled,hit_87.5,lead_0/rep_15,16,0,0,History-Last1,0.0,0.0,128,10;11;12;13;14;15;16;17;18;19;20;21;22;23;24;25,0;1;10;11;12;13;14;15;16;17;18;19;20;21;22;23,14,2,2
controlled-2987,controlled,hit_87.5,lead_0/rep_15,16,0,0,Oracle,0.0,0.0,128,10;11;12;13;14;15;16;17;18;19;20;21;22;23;24;25,10;11;12;13;14;15;16;17;18;19;20;21;22;23;24;25,16,0,0
controlled-2988,controlled,hit_87.5,lead_0/rep_16,17,0,0,No-Selected-Prefetch,0.0,0.0,128,10;11;12;13;14;15;16;17;18;19;20;21;22;23;24;25,,0,0,16
controlled-2989,controlled,hit_87.5,lead_0/rep_16,17,0,0,History-Last1,0.0,0.0,128,10;11;12;13;14;15;16;17;18;19;20;21;22;23;24;25,0;1;10;11;12;13;14;15;16;17;18;19;20;21;22;23,14,2,2
controlled-2990,controlled,hit_87.5,lead_0/rep_16,17,0,0,Oracle,0.0,0.0,128,10;11;12;13;14;15;16;17;18;19;20;21;22;23;24;25,10;11;12;13;14;15;16;17;18;19;20;21;22;23;24;25,16,0,0
controlled-2991,controlled,hit_87.5,lead_0/rep_17,18,0,0,No-Selected-Prefetch,0.0,0.0,128,10;11;12;13;14;15;16;17;18;19;20;21;22;23;24;25,,0,0,16
controlled-2992,controlled,hit_87.5,lead_0/rep_17,18,0,0,History-Last1,0.0,0.0,128,10;11;12;13;14;15;16;17;18;19;20;21;22;23;24;25,0;1;10;11;12;13;14;15;16;17;18;19;20;21;22;23,14,2,2
controlled-2993,controlled,hit_87.5,lead_0/rep_17,18,0,0,Oracle,0.0,0.0,128,10;11;12;13;14;15;16;17;18;19;20;21;22;23;24;25,10;11;12;13;14;15;16;17;18;19;20;21;22;23;24;25,16,0,0
controlled-2994,controlled,hit_87.5,lead_0/rep_18,19,0,0,No-Selected-Prefetch,0.0,0.0,128,10;11;12;13;14;15;16;17;18;19;20;21;22;23;24;25,,0,0,16
controlled-2995,controlled,hit_87.5,lead_0/rep_18,19,0,0,History-Last1,0.0,0.0,128,10;11;12;13;14;15;16;17;18;19;20;21;22;23;24;25,0;1;10;11;12;13;14;15;16;17;18;19;20;21;22;23,14,2,2
controlled-2996,controlled,hit_87.5,lead_0/rep_18,19,0,0,Oracle,0.0,0.0,128,10;11;12;13;14;15;16;17;18;19;20;21;22;23;24;25,10;11;12;13;14;15;16;17;18;19;20;21;22;23;24;25,16,0,0
controlled-2997,controlled,hit_87.5,lead_0/rep_19,20,0,0,No-Selected-Prefetch,0.0,0.0,128,10;11;12;13;14;15;16;17;18;19;20;21;22;23;24;25,,0,0,16
controlled-2998,controlled,hit_87.5,lead_0/rep_19,20,0,0,History-Last1,0.0,0.0,128,10;11;12;13;14;15;16;17;18;19;20;21;22;23;24;25,0;1;10;11;12;13;14;15;16;17;18;19;20;21;22;23,14,2,2
controlled-2999,controlled,hit_87.5,lead_0/rep_19,20,0,0,Oracle,0.0,0.0,128,10;11;12;13;14;15;16;17;18;19;20;21;22;23;24;25,10;11;12;13;14;15;16;17;18;19;20;21;22;23;24;25,16,0,0
controlled-3000,controlled,hit_87.5,lead_0.25/rep_0,1,0,0,No-Selected-Prefetch,0.25,0.0,128,10;11;12;13;14;15;16;17;18;19;20;21;22;23;24;25,,0,0,16
controlled-3001,controlled,hit_87.5,lead_0.25/rep_0,1,0,0,History-Last1,0.25,0.0,128,10;11;12;13;14;15;16;17;18;19;20;21;22;23;24;25,0;1;10;11;12;13;14;15;16;17;18;19;20;21;22;23,14,2,2
controlled-3002,controlled,hit_87.5,lead_0.25/rep_0,1,0,0,Oracle,0.25,0.0,128,10;11;12;13;14;15;16;17;18;19;20;21;22;23;24;25,10;11;12;13;14;15;16;17;18;19;20;21;22;23;24;25,16,0,0
controlled-3003,controlled,hit_87.5,lead_0.25/rep_1,2,0,0,No-Selected-Prefetch,0.25,0.0,128,10;11;12;13;14;15;16;17;18;19;20;21;22;23;24;25,,0,0,16
controlled-3004,controlled,hit_87.5,lead_0.25/rep_1,2,0,0,History-Last1,0.25,0.0,128,10;11;12;13;14;15;16;17;18;19;20;21;22;23;24;25,0;1;10;11;12;13;14;15;16;17;18;19;20;21;22;23,14,2,2
controlled-3005,controlled,hit_87.5,lead_0.25/rep_1,2,0,0,Oracle,0.25,0.0,128,10;11;12;13;14;15;16;17;18;19;20;21;22;23;24;25,10;11;12;13;14;15;16;17;18;19;20;21;22;23;24;25,16,0,0
controlled-3006,controlled,hit_87.5,lead_0.25/rep_2,3,0,0,No-Selected-Prefetch,0.25,0.0,128,10;11;12;13;14;15;16;17;18;19;20;21;22;23;24;25,,0,0,16
controlled-3007,controlled,hit_87.5,lead_0.25/rep_2,3,0,0,History-Last1,0.25,0.0,128,10;11;12;13;14;15;16;17;18;19;20;21;22;23;24;25,0;1;10;11;12;13;14;15;16;17;18;19;20;21;22;23,14,2,2
controlled-3008,controlled,hit_87.5,lead_0.25/rep_2,3,0,0,Oracle,0.25,0.0,128,10;11;12;13;14;15;16;17;18;19;20;21;22;23;24;25,10;11;12;13;14;15;16;17;18;19;20;21;22;23;24;25,16,0,0
controlled-3009,controlled,hit_87.5,lead_0.25/rep_3,4,0,0,No-Selected-Prefetch,0.25,0.0,128,10;11;12;13;14;15;16;17;18;19;20;21;22;23;24;25,,0,0,16
controlled-3010,controlled,hit_87.5,lead_0.25/rep_3,4,0,0,History-Last1,0.25,0.0,128,10;11;12;13;14;15;16;17;18;19;20;21;22;23;24;25,0;1;10;11;12;13;14;15;16;17;18;19;20;21;22;23,14,2,2
controlled-3011,controlled,hit_87.5,lead_0.25/rep_3,4,0,0,Oracle,0.25,0.0,128,10;11;12;13;14;15;16;17;18;19;20;21;22;23;24;25,10;11;12;13;14;15;16;17;18;19;20;21;22;23;24;25,16,0,0
controlled-3012,controlled,hit_87.5,lead_0.25/rep_4,5,0,0,No-Selected-Prefetch,0.25,0.0,128,10;11;12;13;14;15;16;17;18;19;20;21;22;23;24;25,,0,0,16
controlled-3013,controlled,hit_87.5,lead_0.25/rep_4,5,0,0,History-Last1,0.25,0.0,128,10;11;12;13;14;15;16;17;18;19;20;21;22;23;24;25,0;1;10;11;12;13;14;15;16;17;18;19;20;21;22;23,14,2,2
controlled-3014,controlled,hit_87.5,lead_0.25/rep_4,5,0,0,Oracle,0.25,0.0,128,10;11;12;13;14;15;16;17;18;19;20;21;22;23;24;25,10;11;12;13;14;15;16;17;18;19;20;21;22;23;24;25,16,0,0
controlled-3015,controlled,hit_87.5,lead_0.25/rep_5,6,0,0,No-Selected-Prefetch,0.25,0.0,128,10;11;12;13;14;15;16;17;18;19;20;21;22;23;24;25,,0,0,16
controlled-3016,controlled,hit_87.5,lead_0.25/rep_5,6,0,0,History-Last1,0.25,0.0,128,10;11;12;13;14;15;16;17;18;19;20;21;22;23;24;25,0;1;10;11;12;13;14;15;16;17;18;19;20;21;22;23,14,2,2
controlled-3017,controlled,hit_87.5,lead_0.25/rep_5,6,0,0,Oracle,0.25,0.0,128,10;11;12;13;14;15;16;17;18;19;20;21;22;23;24;25,10;11;12;13;14;15;16;17;18;19;20;21;22;23;24;25,16,0,0
controlled-3018,controlled,hit_87.5,lead_0.25/rep_6,7,0,0,No-Selected-Prefetch,0.25,0.0,128,10;11;12;13;14;15;16;17;18;19;20;21;22;23;24;25,,0,0,16
controlled-3019,controlled,hit_87.5,lead_0.25/rep_6,7,0,0,History-Last1,0.25,0.0,128,10;11;12;13;14;15;16;17;18;19;20;21;22;23;24;25,0;1;10;11;12;13;14;15;16;17;18;19;20;21;22;23,14,2,2
controlled-3020,controlled,hit_87.5,lead_0.25/rep_6,7,0,0,Oracle,0.25,0.0,128,10;11;12;13;14;15;16;17;18;19;20;21;22;23;24;25,10;11;12;13;14;15;16;17;18;19;20;21;22;23;24;25,16,0,0
controlled-3021,controlled,hit_87.5,lead_0.25/rep_7,8,0,0,No-Selected-Prefetch,0.25,0.0,128,10;11;12;13;14;15;16;17;18;19;20;21;22;23;24;25,,0,0,16
controlled-3022,controlled,hit_87.5,lead_0.25/rep_7,8,0,0,History-Last1,0.25,0.0,128,10;11;12;13;14;15;16;17;18;19;20;21;22;23;24;25,0;1;10;11;12;13;14;15;16;17;18;19;20;21;22;23,14,2,2
controlled-3023,controlled,hit_87.5,lead_0.25/rep_7,8,0,0,Oracle,0.25,0.0,128,10;11;12;13;14;15;16;17;18;19;20;21;22;23;24;25,10;11;12;13;14;15;16;17;18;19;20;21;22;23;24;25,16,0,0
controlled-3024,controlled,hit_87.5,lead_0.25/rep_8,9,0,0,No-Selected-Prefetch,0.25,0.0,128,10;11;12;13;14;15;16;17;18;19;20;21;22;23;24;25,,0,0,16
controlled-3025,controlled,hit_87.5,lead_0.25/rep_8,9,0,0,History-Last1,0.25,0.0,128,10;11;12;13;14;15;16;17;18;19;20;21;22;23;24;25,0;1;10;11;12;13;14;15;16;17;18;19;20;21;22;23,14,2,2
controlled-3026,controlled,hit_87.5,lead_0.25/rep_8,9,0,0,Oracle,0.25,0.0,128,10;11;12;13;14;15;16;17;18;19;20;21;22;23;24;25,10;11;12;13;14;15;16;17;18;19;20;21;22;23;24;25,16,0,0
controlled-3027,controlled,hit_87.5,lead_0.25/rep_9,10,0,0,No-Selected-Prefetch,0.25,0.0,128,10;11;12;13;14;15;16;17;18;19;20;21;22;23;24;25,,0,0,16
controlled-3028,controlled,hit_87.5,lead_0.25/rep_9,10,0,0,History-Last1,0.25,0.0,128,10;11;12;13;14;15;16;17;18;19;20;21;22;23;24;25,0;1;10;11;12;13;14;15;16;17;18;19;20;21;22;23,14,2,2
controlled-3029,controlled,hit_87.5,lead_0.25/rep_9,10,0,0,Oracle,0.25,0.0,128,10;11;12;13;14;15;16;17;18;19;20;21;22;23;24;25,10;11;12;13;14;15;16;17;18;19;20;21;22;23;24;25,16,0,0
controlled-3030,controlled,hit_87.5,lead_0.25/rep_10,11,0,0,No-Selected-Prefetch,0.25,0.0,128,10;11;12;13;14;15;16;17;18;19;20;21;22;23;24;25,,0,0,16
controlled-3031,controlled,hit_87.5,lead_0.25/rep_10,11,0,0,History-Last1,0.25,0.0,128,10;11;12;13;14;15;16;17;18;19;20;21;22;23;24;25,0;1;10;11;12;13;14;15;16;17;18;19;20;21;22;23,14,2,2
controlled-3032,controlled,hit_87.5,lead_0.25/rep_10,11,0,0,Oracle,0.25,0.0,128,10;11;12;13;14;15;16;17;18;19;20;21;22;23;24;25,10;11;12;13;14;15;16;17;18;19;20;21;22;23;24;25,16,0,0
controlled-3033,controlled,hit_87.5,lead_0.25/rep_11,12,0,0,No-Selected-Prefetch,0.25,0.0,128,10;11;12;13;14;15;16;17;18;19;20;21;22;23;24;25,,0,0,16
controlled-3034,controlled,hit_87.5,lead_0.25/rep_11,12,0,0,History-Last1,0.25,0.0,128,10;11;12;13;14;15;16;17;18;19;20;21;22;23;24;25,0;1;10;11;12;13;14;15;16;17;18;19;20;21;22;23,14,2,2
controlled-3035,controlled,hit_87.5,lead_0.25/rep_11,12,0,0,Oracle,0.25,0.0,128,10;11;12;13;14;15;16;17;18;19;20;21;22;23;24;25,10;11;12;13;14;15;16;17;18;19;20;21;22;23;24;25,16,0,0
controlled-3036,controlled,hit_87.5,lead_0.25/rep_12,13,0,0,No-Selected-Prefetch,0.25,0.0,128,10;11;12;13;14;15;16;17;18;19;20;21;22;23;24;25,,0,0,16
controlled-3037,controlled,hit_87.5,lead_0.25/rep_12,13,0,0,History-Last1,0.25,0.0,128,10;11;12;13;14;15;16;17;18;19;20;21;22;23;24;25,0;1;10;11;12;13;14;15;16;17;18;19;20;21;22;23,14,2,2
controlled-3038,controlled,hit_87.5,lead_0.25/rep_12,13,0,0,Oracle,0.25,0.0,128,10;11;12;13;14;15;16;17;18;19;20;21;22;23;24;25,10;11;12;13;14;15;16;17;18;19;20;21;22;23;24;25,16,0,0
controlled-3039,controlled,hit_87.5,lead_0.25/rep_13,14,0,0,No-Selected-Prefetch,0.25,0.0,128,10;11;12;13;14;15;16;17;18;19;20;21;22;23;24;25,,0,0,16
controlled-3040,controlled,hit_87.5,lead_0.25/rep_13,14,0,0,History-Last1,0.25,0.0,128,10;11;12;13;14;15;16;17;18;19;20;21;22;23;24;25,0;1;10;11;12;13;14;15;16;17;18;19;20;21;22;23,14,2,2
controlled-3041,controlled,hit_87.5,lead_0.25/rep_13,14,0,0,Oracle,0.25,0.0,128,10;11;12;13;14;15;16;17;18;19;20;21;22;23;24;25,10;11;12;13;14;15;16;17;18;19;20;21;22;23;24;25,16,0,0
controlled-3042,controlled,hit_87.5,lead_0.25/rep_14,15,0,0,No-Selected-Prefetch,0.25,0.0,128,10;11;12;13;14;15;16;17;18;19;20;21;22;23;24;25,,0,0,16
controlled-3043,controlled,hit_87.5,lead_0.25/rep_14,15,0,0,History-Last1,0.25,0.0,128,10;11;12;13;14;15;16;17;18;19;20;21;22;23;24;25,0;1;10;11;12;13;14;15;16;17;18;19;20;21;22;23,14,2,2
controlled-3044,controlled,hit_87.5,lead_0.25/rep_14,15,0,0,Oracle,0.25,0.0,128,10;11;12;13;14;15;16;17;18;19;20;21;22;23;24;25,10;11;12;13;14;15;16;17;18;19;20;21;22;23;24;25,16,0,0
controlled-3045,controlled,hit_87.5,lead_0.25/rep_15,16,0,0,No-Selected-Prefetch,0.25,0.0,128,10;11;12;13;14;15;16;17;18;19;20;21;22;23;24;25,,0,0,16
controlled-3046,controlled,hit_87.5,lead_0.25/rep_15,16,0,0,History-Last1,0.25,0.0,128,10;11;12;13;14;15;16;17;18;19;20;21;22;23;24;25,0;1;10;11;12;13;14;15;16;17;18;19;20;21;22;23,14,2,2
controlled-3047,controlled,hit_87.5,lead_0.25/rep_15,16,0,0,Oracle,0.25,0.0,128,10;11;12;13;14;15;16;17;18;19;20;21;22;23;24;25,10;11;12;13;14;15;16;17;18;19;20;21;22;23;24;25,16,0,0
controlled-3048,controlled,hit_87.5,lead_0.25/rep_16,17,0,0,No-Selected-Prefetch,0.25,0.0,128,10;11;12;13;14;15;16;17;18;19;20;21;22;23;24;25,,0,0,16
controlled-3049,controlled,hit_87.5,lead_0.25/rep_16,17,0,0,History-Last1,0.25,0.0,128,10;11;12;13;14;15;16;17;18;19;20;21;22;23;24;25,0;1;10;11;12;13;14;15;16;17;18;19;20;21;22;23,14,2,2
controlled-3050,controlled,hit_87.5,lead_0.25/rep_16,17,0,0,Oracle,0.25,0.0,128,10;11;12;13;14;15;16;17;18;19;20;21;22;23;24;25,10;11;12;13;14;15;16;17;18;19;20;21;22;23;24;25,16,0,0
controlled-3051,controlled,hit_87.5,lead_0.25/rep_17,18,0,0,No-Selected-Prefetch,0.25,0.0,128,10;11;12;13;14;15;16;17;18;19;20;21;22;23;24;25,,0,0,16
controlled-3052,controlled,hit_87.5,lead_0.25/rep_17,18,0,0,History-Last1,0.25,0.0,128,10;11;12;13;14;15;16;17;18;19;20;21;22;23;24;25,0;1;10;11;12;13;14;15;16;17;18;19;20;21;22;23,14,2,2
controlled-3053,controlled,hit_87.5,lead_0.25/rep_17,18,0,0,Oracle,0.25,0.0,128,10;11;12;13;14;15;16;17;18;19;20;21;22;23;24;25,10;11;12;13;14;15;16;17;18;19;20;21;22;23;24;25,16,0,0
controlled-3054,controlled,hit_87.5,lead_0.25/rep_18,19,0,0,No-Selected-Prefetch,0.25,0.0,128,10;11;12;13;14;15;16;17;18;19;20;21;22;23;24;25,,0,0,16
controlled-3055,controlled,hit_87.5,lead_0.25/rep_18,19,0,0,History-Last1,0.25,0.0,128,10;11;12;13;14;15;16;17;18;19;20;21;22;23;24;25,0;1;10;11;12;13;14;15;16;17;18;19;20;21;22;23,14,2,2
controlled-3056,controlled,hit_87.5,lead_0.25/rep_18,19,0,0,Oracle,0.25,0.0,128,10;11;12;13;14;15;16;17;18;19;20;21;22;23;24;25,10;11;12;13;14;15;16;17;18;19;20;21;22;23;24;25,16,0,0
controlled-3057,controlled,hit_87.5,lead_0.25/rep_19,20,0,0,No-Selected-Prefetch,0.25,0.0,128,10;11;12;13;14;15;16;17;18;19;20;21;22;23;24;25,,0,0,16
controlled-3058,controlled,hit_87.5,lead_0.25/rep_19,20,0,0,History-Last1,0.25,0.0,128,10;11;12;13;14;15;16;17;18;19;20;21;22;23;24;25,0;1;10;11;12;13;14;15;16;17;18;19;20;21;22;23,14,2,2
controlled-3059,controlled,hit_87.5,lead_0.25/rep_19,20,0,0,Oracle,0.25,0.0,128,10;11;12;13;14;15;16;17;18;19;20;21;22;23;24;25,10;11;12;13;14;15;16;17;18;19;20;21;22;23;24;25,16,0,0
controlled-3060,controlled,hit_87.5,lead_0.5/rep_0,1,0,0,No-Selected-Prefetch,0.5,0.0,128,10;11;12;13;14;15;16;17;18;19;20;21;22;23;24;25,,0,0,16
controlled-3061,controlled,hit_87.5,lead_0.5/rep_0,1,0,0,History-Last1,0.5,0.0,128,10;11;12;13;14;15;16;17;18;19;20;21;22;23;24;25,0;1;10;11;12;13;14;15;16;17;18;19;20;21;22;23,14,2,2
controlled-3062,controlled,hit_87.5,lead_0.5/rep_0,1,0,0,Oracle,0.5,0.0,128,10;11;12;13;14;15;16;17;18;19;20;21;22;23;24;25,10;11;12;13;14;15;16;17;18;19;20;21;22;23;24;25,16,0,0
controlled-3063,controlled,hit_87.5,lead_0.5/rep_1,2,0,0,No-Selected-Prefetch,0.5,0.0,128,10;11;12;13;14;15;16;17;18;19;20;21;22;23;24;25,,0,0,16
controlled-3064,controlled,hit_87.5,lead_0.5/rep_1,2,0,0,History-Last1,0.5,0.0,128,10;11;12;13;14;15;16;17;18;19;20;21;22;23;24;25,0;1;10;11;12;13;14;15;16;17;18;19;20;21;22;23,14,2,2
controlled-3065,controlled,hit_87.5,lead_0.5/rep_1,2,0,0,Oracle,0.5,0.0,128,10;11;12;13;14;15;16;17;18;19;20;21;22;23;24;25,10;11;12;13;14;15;16;17;18;19;20;21;22;23;24;25,16,0,0
controlled-3066,controlled,hit_87.5,lead_0.5/rep_2,3,0,0,No-Selected-Prefetch,0.5,0.0,128,10;11;12;13;14;15;16;17;18;19;20;21;22;23;24;25,,0,0,16
controlled-3067,controlled,hit_87.5,lead_0.5/rep_2,3,0,0,History-Last1,0.5,0.0,128,10;11;12;13;14;15;16;17;18;19;20;21;22;23;24;25,0;1;10;11;12;13;14;15;16;17;18;19;20;21;22;23,14,2,2
controlled-3068,controlled,hit_87.5,lead_0.5/rep_2,3,0,0,Oracle,0.5,0.0,128,10;11;12;13;14;15;16;17;18;19;20;21;22;23;24;25,10;11;12;13;14;15;16;17;18;19;20;21;22;23;24;25,16,0,0
controlled-3069,controlled,hit_87.5,lead_0.5/rep_3,4,0,0,No-Selected-Prefetch,0.5,0.0,128,10;11;12;13;14;15;16;17;18;19;20;21;22;23;24;25,,0,0,16
controlled-3070,controlled,hit_87.5,lead_0.5/rep_3,4,0,0,History-Last1,0.5,0.0,128,10;11;12;13;14;15;16;17;18;19;20;21;22;23;24;25,0;1;10;11;12;13;14;15;16;17;18;19;20;21;22;23,14,2,2
controlled-3071,controlled,hit_87.5,lead_0.5/rep_3,4,0,0,Oracle,0.5,0.0,128,10;11;12;13;14;15;16;17;18;19;20;21;22;23;24;25,10;11;12;13;14;15;16;17;18;19;20;21;22;23;24;25,16,0,0
controlled-3072,controlled,hit_87.5,lead_0.5/rep_4,5,0,0,No-Selected-Prefetch,0.5,0.0,128,10;11;12;13;14;15;16;17;18;19;20;21;22;23;24;25,,0,0,16
controlled-3073,controlled,hit_87.5,lead_0.5/rep_4,5,0,0,History-Last1,0.5,0.0,128,10;11;12;13;14;15;16;17;18;19;20;21;22;23;24;25,0;1;10;11;12;13;14;15;16;17;18;19;20;21;22;23,14,2,2
controlled-3074,controlled,hit_87.5,lead_0.5/rep_4,5,0,0,Oracle,0.5,0.0,128,10;11;12;13;14;15;16;17;18;19;20;21;22;23;24;25,10;11;12;13;14;15;16;17;18;19;20;21;22;23;24;25,16,0,0
controlled-3075,controlled,hit_87.5,lead_0.5/rep_5,6,0,0,No-Selected-Prefetch,0.5,0.0,128,10;11;12;13;14;15;16;17;18;19;20;21;22;23;24;25,,0,0,16
controlled-3076,controlled,hit_87.5,lead_0.5/rep_5,6,0,0,History-Last1,0.5,0.0,128,10;11;12;13;14;15;16;17;18;19;20;21;22;23;24;25,0;1;10;11;12;13;14;15;16;17;18;19;20;21;22;23,14,2,2
controlled-3077,controlled,hit_87.5,lead_0.5/rep_5,6,0,0,Oracle,0.5,0.0,128,10;11;12;13;14;15;16;17;18;19;20;21;22;23;24;25,10;11;12;13;14;15;16;17;18;19;20;21;22;23;24;25,16,0,0
controlled-3078,controlled,hit_87.5,lead_0.5/rep_6,7,0,0,No-Selected-Prefetch,0.5,0.0,128,10;11;12;13;14;15;16;17;18;19;20;21;22;23;24;25,,0,0,16
controlled-3079,controlled,hit_87.5,lead_0.5/rep_6,7,0,0,History-Last1,0.5,0.0,128,10;11;12;13;14;15;16;17;18;19;20;21;22;23;24;25,0;1;10;11;12;13;14;15;16;17;18;19;20;21;22;23,14,2,2
controlled-3080,controlled,hit_87.5,lead_0.5/rep_6,7,0,0,Oracle,0.5,0.0,128,10;11;12;13;14;15;16;17;18;19;20;21;22;23;24;25,10;11;12;13;14;15;16;17;18;19;20;21;22;23;24;25,16,0,0
controlled-3081,controlled,hit_87.5,lead_0.5/rep_7,8,0,0,No-Selected-Prefetch,0.5,0.0,128,10;11;12;13;14;15;16;17;18;19;20;21;22;23;24;25,,0,0,16
controlled-3082,controlled,hit_87.5,lead_0.5/rep_7,8,0,0,History-Last1,0.5,0.0,128,10;11;12;13;14;15;16;17;18;19;20;21;22;23;24;25,0;1;10;11;12;13;14;15;16;17;18;19;20;21;22;23,14,2,2
controlled-3083,controlled,hit_87.5,lead_0.5/rep_7,8,0,0,Oracle,0.5,0.0,128,10;11;12;13;14;15;16;17;18;19;20;21;22;23;24;25,10;11;12;13;14;15;16;17;18;19;20;21;22;23;24;25,16,0,0
controlled-3084,controlled,hit_87.5,lead_0.5/rep_8,9,0,0,No-Selected-Prefetch,0.5,0.0,128,10;11;12;13;14;15;16;17;18;19;20;21;22;23;24;25,,0,0,16
controlled-3085,controlled,hit_87.5,lead_0.5/rep_8,9,0,0,History-Last1,0.5,0.0,128,10;11;12;13;14;15;16;17;18;19;20;21;22;23;24;25,0;1;10;11;12;13;14;15;16;17;18;19;20;21;22;23,14,2,2
controlled-3086,controlled,hit_87.5,lead_0.5/rep_8,9,0,0,Oracle,0.5,0.0,128,10;11;12;13;14;15;16;17;18;19;20;21;22;23;24;25,10;11;12;13;14;15;16;17;18;19;20;21;22;23;24;25,16,0,0
controlled-3087,controlled,hit_87.5,lead_0.5/rep_9,10,0,0,No-Selected-Prefetch,0.5,0.0,128,10;11;12;13;14;15;16;17;18;19;20;21;22;23;24;25,,0,0,16
controlled-3088,controlled,hit_87.5,lead_0.5/rep_9,10,0,0,History-Last1,0.5,0.0,128,10;11;12;13;14;15;16;17;18;19;20;21;22;23;24;25,0;1;10;11;12;13;14;15;16;17;18;19;20;21;22;23,14,2,2
controlled-3089,controlled,hit_87.5,lead_0.5/rep_9,10,0,0,Oracle,0.5,0.0,128,10;11;12;13;14;15;16;17;18;19;20;21;22;23;24;25,10;11;12;13;14;15;16;17;18;19;20;21;22;23;24;25,16,0,0
controlled-3090,controlled,hit_87.5,lead_0.5/rep_10,11,0,0,No-Selected-Prefetch,0.5,0.0,128,10;11;12;13;14;15;16;17;18;19;20;21;22;23;24;25,,0,0,16
controlled-3091,controlled,hit_87.5,lead_0.5/rep_10,11,0,0,History-Last1,0.5,0.0,128,10;11;12;13;14;15;16;17;18;19;20;21;22;23;24;25,0;1;10;11;12;13;14;15;16;17;18;19;20;21;22;23,14,2,2
controlled-3092,controlled,hit_87.5,lead_0.5/rep_10,11,0,0,Oracle,0.5,0.0,128,10;11;12;13;14;15;16;17;18;19;20;21;22;23;24;25,10;11;12;13;14;15;16;17;18;19;20;21;22;23;24;25,16,0,0
controlled-3093,controlled,hit_87.5,lead_0.5/rep_11,12,0,0,No-Selected-Prefetch,0.5,0.0,128,10;11;12;13;14;15;16;17;18;19;20;21;22;23;24;25,,0,0,16
controlled-3094,controlled,hit_87.5,lead_0.5/rep_11,12,0,0,History-Last1,0.5,0.0,128,10;11;12;13;14;15;16;17;18;19;20;21;22;23;24;25,0;1;10;11;12;13;14;15;16;17;18;19;20;21;22;23,14,2,2
controlled-3095,controlled,hit_87.5,lead_0.5/rep_11,12,0,0,Oracle,0.5,0.0,128,10;11;12;13;14;15;16;17;18;19;20;21;22;23;24;25,10;11;12;13;14;15;16;17;18;19;20;21;22;23;24;25,16,0,0
controlled-3096,controlled,hit_87.5,lead_0.5/rep_12,13,0,0,No-Selected-Prefetch,0.5,0.0,128,10;11;12;13;14;15;16;17;18;19;20;21;22;23;24;25,,0,0,16
controlled-3097,controlled,hit_87.5,lead_0.5/rep_12,13,0,0,History-Last1,0.5,0.0,128,10;11;12;13;14;15;16;17;18;19;20;21;22;23;24;25,0;1;10;11;12;13;14;15;16;17;18;19;20;21;22;23,14,2,2
controlled-3098,controlled,hit_87.5,lead_0.5/rep_12,13,0,0,Oracle,0.5,0.0,128,10;11;12;13;14;15;16;17;18;19;20;21;22;23;24;25,10;11;12;13;14;15;16;17;18;19;20;21;22;23;24;25,16,0,0
controlled-3099,controlled,hit_87.5,lead_0.5/rep_13,14,0,0,No-Selected-Prefetch,0.5,0.0,128,10;11;12;13;14;15;16;17;18;19;20;21;22;23;24;25,,0,0,16
controlled-3100,controlled,hit_87.5,lead_0.5/rep_13,14,0,0,History-Last1,0.5,0.0,128,10;11;12;13;14;15;16;17;18;19;20;21;22;23;24;25,0;1;10;11;12;13;14;15;16;17;18;19;20;21;22;23,14,2,2
controlled-3101,controlled,hit_87.5,lead_0.5/rep_13,14,0,0,Oracle,0.5,0.0,128,10;11;12;13;14;15;16;17;18;19;20;21;22;23;24;25,10;11;12;13;14;15;16;17;18;19;20;21;22;23;24;25,16,0,0
controlled-3102,controlled,hit_87.5,lead_0.5/rep_14,15,0,0,No-Selected-Prefetch,0.5,0.0,128,10;11;12;13;14;15;16;17;18;19;20;21;22;23;24;25,,0,0,16
controlled-3103,controlled,hit_87.5,lead_0.5/rep_14,15,0,0,History-Last1,0.5,0.0,128,10;11;12;13;14;15;16;17;18;19;20;21;22;23;24;25,0;1;10;11;12;13;14;15;16;17;18;19;20;21;22;23,14,2,2
controlled-3104,controlled,hit_87.5,lead_0.5/rep_14,15,0,0,Oracle,0.5,0.0,128,10;11;12;13;14;15;16;17;18;19;20;21;22;23;24;25,10;11;12;13;14;15;16;17;18;19;20;21;22;23;24;25,16,0,0
controlled-3105,controlled,hit_87.5,lead_0.5/rep_15,16,0,0,No-Selected-Prefetch,0.5,0.0,128,10;11;12;13;14;15;16;17;18;19;20;21;22;23;24;25,,0,0,16
controlled-3106,controlled,hit_87.5,lead_0.5/rep_15,16,0,0,History-Last1,0.5,0.0,128,10;11;12;13;14;15;16;17;18;19;20;21;22;23;24;25,0;1;10;11;12;13;14;15;16;17;18;19;20;21;22;23,14,2,2
controlled-3107,controlled,hit_87.5,lead_0.5/rep_15,16,0,0,Oracle,0.5,0.0,128,10;11;12;13;14;15;16;17;18;19;20;21;22;23;24;25,10;11;12;13;14;15;16;17;18;19;20;21;22;23;24;25,16,0,0
controlled-3108,controlled,hit_87.5,lead_0.5/rep_16,17,0,0,No-Selected-Prefetch,0.5,0.0,128,10;11;12;13;14;15;16;17;18;19;20;21;22;23;24;25,,0,0,16
controlled-3109,controlled,hit_87.5,lead_0.5/rep_16,17,0,0,History-Last1,0.5,0.0,128,10;11;12;13;14;15;16;17;18;19;20;21;22;23;24;25,0;1;10;11;12;13;14;15;16;17;18;19;20;21;22;23,14,2,2
controlled-3110,controlled,hit_87.5,lead_0.5/rep_16,17,0,0,Oracle,0.5,0.0,128,10;11;12;13;14;15;16;17;18;19;20;21;22;23;24;25,10;11;12;13;14;15;16;17;18;19;20;21;22;23;24;25,16,0,0
controlled-3111,controlled,hit_87.5,lead_0.5/rep_17,18,0,0,No-Selected-Prefetch,0.5,0.0,128,10;11;12;13;14;15;16;17;18;19;20;21;22;23;24;25,,0,0,16
controlled-3112,controlled,hit_87.5,lead_0.5/rep_17,18,0,0,History-Last1,0.5,0.0,128,10;11;12;13;14;15;16;17;18;19;20;21;22;23;24;25,0;1;10;11;12;13;14;15;16;17;18;19;20;21;22;23,14,2,2
controlled-3113,controlled,hit_87.5,lead_0.5/rep_17,18,0,0,Oracle,0.5,0.0,128,10;11;12;13;14;15;16;17;18;19;20;21;22;23;24;25,10;11;12;13;14;15;16;17;18;19;20;21;22;23;24;25,16,0,0
controlled-3114,controlled,hit_87.5,lead_0.5/rep_18,19,0,0,No-Selected-Prefetch,0.5,0.0,128,10;11;12;13;14;15;16;17;18;19;20;21;22;23;24;25,,0,0,16
controlled-3115,controlled,hit_87.5,lead_0.5/rep_18,19,0,0,History-Last1,0.5,0.0,128,10;11;12;13;14;15;16;17;18;19;20;21;22;23;24;25,0;1;10;11;12;13;14;15;16;17;18;19;20;21;22;23,14,2,2
controlled-3116,controlled,hit_87.5,lead_0.5/rep_18,19,0,0,Oracle,0.5,0.0,128,10;11;12;13;14;15;16;17;18;19;20;21;22;23;24;25,10;11;12;13;14;15;16;17;18;19;20;21;22;23;24;25,16,0,0
controlled-3117,controlled,hit_87.5,lead_0.5/rep_19,20,0,0,No-Selected-Prefetch,0.5,0.0,128,10;11;12;13;14;15;16;17;18;19;20;21;22;23;24;25,,0,0,16
controlled-3118,controlled,hit_87.5,lead_0.5/rep_19,20,0,0,History-Last1,0.5,0.0,128,10;11;12;13;14;15;16;17;18;19;20;21;22;23;24;25,0;1;10;11;12;13;14;15;16;17;18;19;20;21;22;23,14,2,2
controlled-3119,controlled,hit_87.5,lead_0.5/rep_19,20,0,0,Oracle,0.5,0.0,128,10;11;12;13;14;15;16;17;18;19;20;21;22;23;24;25,10;11;12;13;14;15;16;17;18;19;20;21;22;23;24;25,16,0,0
controlled-3120,controlled,hit_87.5,lead_1/rep_0,1,0,0,No-Selected-Prefetch,1.0,0.0,128,10;11;12;13;14;15;16;17;18;19;20;21;22;23;24;25,,0,0,16
controlled-3121,controlled,hit_87.5,lead_1/rep_0,1,0,0,History-Last1,1.0,0.0,128,10;11;12;13;14;15;16;17;18;19;20;21;22;23;24;25,0;1;10;11;12;13;14;15;16;17;18;19;20;21;22;23,14,2,2
controlled-3122,controlled,hit_87.5,lead_1/rep_0,1,0,0,Oracle,1.0,0.0,128,10;11;12;13;14;15;16;17;18;19;20;21;22;23;24;25,10;11;12;13;14;15;16;17;18;19;20;21;22;23;24;25,16,0,0
controlled-3123,controlled,hit_87.5,lead_1/rep_1,2,0,0,No-Selected-Prefetch,1.0,0.0,128,10;11;12;13;14;15;16;17;18;19;20;21;22;23;24;25,,0,0,16
controlled-3124,controlled,hit_87.5,lead_1/rep_1,2,0,0,History-Last1,1.0,0.0,128,10;11;12;13;14;15;16;17;18;19;20;21;22;23;24;25,0;1;10;11;12;13;14;15;16;17;18;19;20;21;22;23,14,2,2
controlled-3125,controlled,hit_87.5,lead_1/rep_1,2,0,0,Oracle,1.0,0.0,128,10;11;12;13;14;15;16;17;18;19;20;21;22;23;24;25,10;11;12;13;14;15;16;17;18;19;20;21;22;23;24;25,16,0,0
controlled-3126,controlled,hit_87.5,lead_1/rep_2,3,0,0,No-Selected-Prefetch,1.0,0.0,128,10;11;12;13;14;15;16;17;18;19;20;21;22;23;24;25,,0,0,16
controlled-3127,controlled,hit_87.5,lead_1/rep_2,3,0,0,History-Last1,1.0,0.0,128,10;11;12;13;14;15;16;17;18;19;20;21;22;23;24;25,0;1;10;11;12;13;14;15;16;17;18;19;20;21;22;23,14,2,2
controlled-3128,controlled,hit_87.5,lead_1/rep_2,3,0,0,Oracle,1.0,0.0,128,10;11;12;13;14;15;16;17;18;19;20;21;22;23;24;25,10;11;12;13;14;15;16;17;18;19;20;21;22;23;24;25,16,0,0
controlled-3129,controlled,hit_87.5,lead_1/rep_3,4,0,0,No-Selected-Prefetch,1.0,0.0,128,10;11;12;13;14;15;16;17;18;19;20;21;22;23;24;25,,0,0,16
controlled-3130,controlled,hit_87.5,lead_1/rep_3,4,0,0,History-Last1,1.0,0.0,128,10;11;12;13;14;15;16;17;18;19;20;21;22;23;24;25,0;1;10;11;12;13;14;15;16;17;18;19;20;21;22;23,14,2,2
controlled-3131,controlled,hit_87.5,lead_1/rep_3,4,0,0,Oracle,1.0,0.0,128,10;11;12;13;14;15;16;17;18;19;20;21;22;23;24;25,10;11;12;13;14;15;16;17;18;19;20;21;22;23;24;25,16,0,0
controlled-3132,controlled,hit_87.5,lead_1/rep_4,5,0,0,No-Selected-Prefetch,1.0,0.0,128,10;11;12;13;14;15;16;17;18;19;20;21;22;23;24;25,,0,0,16
controlled-3133,controlled,hit_87.5,lead_1/rep_4,5,0,0,History-Last1,1.0,0.0,128,10;11;12;13;14;15;16;17;18;19;20;21;22;23;24;25,0;1;10;11;12;13;14;15;16;17;18;19;20;21;22;23,14,2,2
controlled-3134,controlled,hit_87.5,lead_1/rep_4,5,0,0,Oracle,1.0,0.0,128,10;11;12;13;14;15;16;17;18;19;20;21;22;23;24;25,10;11;12;13;14;15;16;17;18;19;20;21;22;23;24;25,16,0,0
controlled-3135,controlled,hit_87.5,lead_1/rep_5,6,0,0,No-Selected-Prefetch,1.0,0.0,128,10;11;12;13;14;15;16;17;18;19;20;21;22;23;24;25,,0,0,16
controlled-3136,controlled,hit_87.5,lead_1/rep_5,6,0,0,History-Last1,1.0,0.0,128,10;11;12;13;14;15;16;17;18;19;20;21;22;23;24;25,0;1;10;11;12;13;14;15;16;17;18;19;20;21;22;23,14,2,2
controlled-3137,controlled,hit_87.5,lead_1/rep_5,6,0,0,Oracle,1.0,0.0,128,10;11;12;13;14;15;16;17;18;19;20;21;22;23;24;25,10;11;12;13;14;15;16;17;18;19;20;21;22;23;24;25,16,0,0
controlled-3138,controlled,hit_87.5,lead_1/rep_6,7,0,0,No-Selected-Prefetch,1.0,0.0,128,10;11;12;13;14;15;16;17;18;19;20;21;22;23;24;25,,0,0,16
controlled-3139,controlled,hit_87.5,lead_1/rep_6,7,0,0,History-Last1,1.0,0.0,128,10;11;12;13;14;15;16;17;18;19;20;21;22;23;24;25,0;1;10;11;12;13;14;15;16;17;18;19;20;21;22;23,14,2,2
controlled-3140,controlled,hit_87.5,lead_1/rep_6,7,0,0,Oracle,1.0,0.0,128,10;11;12;13;14;15;16;17;18;19;20;21;22;23;24;25,10;11;12;13;14;15;16;17;18;19;20;21;22;23;24;25,16,0,0
controlled-3141,controlled,hit_87.5,lead_1/rep_7,8,0,0,No-Selected-Prefetch,1.0,0.0,128,10;11;12;13;14;15;16;17;18;19;20;21;22;23;24;25,,0,0,16
controlled-3142,controlled,hit_87.5,lead_1/rep_7,8,0,0,History-Last1,1.0,0.0,128,10;11;12;13;14;15;16;17;18;19;20;21;22;23;24;25,0;1;10;11;12;13;14;15;16;17;18;19;20;21;22;23,14,2,2
controlled-3143,controlled,hit_87.5,lead_1/rep_7,8,0,0,Oracle,1.0,0.0,128,10;11;12;13;14;15;16;17;18;19;20;21;22;23;24;25,10;11;12;13;14;15;16;17;18;19;20;21;22;23;24;25,16,0,0
controlled-3144,controlled,hit_87.5,lead_1/rep_8,9,0,0,No-Selected-Prefetch,1.0,0.0,128,10;11;12;13;14;15;16;17;18;19;20;21;22;23;24;25,,0,0,16
controlled-3145,controlled,hit_87.5,lead_1/rep_8,9,0,0,History-Last1,1.0,0.0,128,10;11;12;13;14;15;16;17;18;19;20;21;22;23;24;25,0;1;10;11;12;13;14;15;16;17;18;19;20;21;22;23,14,2,2
controlled-3146,controlled,hit_87.5,lead_1/rep_8,9,0,0,Oracle,1.0,0.0,128,10;11;12;13;14;15;16;17;18;19;20;21;22;23;24;25,10;11;12;13;14;15;16;17;18;19;20;21;22;23;24;25,16,0,0
controlled-3147,controlled,hit_87.5,lead_1/rep_9,10,0,0,No-Selected-Prefetch,1.0,0.0,128,10;11;12;13;14;15;16;17;18;19;20;21;22;23;24;25,,0,0,16
controlled-3148,controlled,hit_87.5,lead_1/rep_9,10,0,0,History-Last1,1.0,0.0,128,10;11;12;13;14;15;16;17;18;19;20;21;22;23;24;25,0;1;10;11;12;13;14;15;16;17;18;19;20;21;22;23,14,2,2
controlled-3149,controlled,hit_87.5,lead_1/rep_9,10,0,0,Oracle,1.0,0.0,128,10;11;12;13;14;15;16;17;18;19;20;21;22;23;24;25,10;11;12;13;14;15;16;17;18;19;20;21;22;23;24;25,16,0,0
controlled-3150,controlled,hit_87.5,lead_1/rep_10,11,0,0,No-Selected-Prefetch,1.0,0.0,128,10;11;12;13;14;15;16;17;18;19;20;21;22;23;24;25,,0,0,16
controlled-3151,controlled,hit_87.5,lead_1/rep_10,11,0,0,History-Last1,1.0,0.0,128,10;11;12;13;14;15;16;17;18;19;20;21;22;23;24;25,0;1;10;11;12;13;14;15;16;17;18;19;20;21;22;23,14,2,2
controlled-3152,controlled,hit_87.5,lead_1/rep_10,11,0,0,Oracle,1.0,0.0,128,10;11;12;13;14;15;16;17;18;19;20;21;22;23;24;25,10;11;12;13;14;15;16;17;18;19;20;21;22;23;24;25,16,0,0
controlled-3153,controlled,hit_87.5,lead_1/rep_11,12,0,0,No-Selected-Prefetch,1.0,0.0,128,10;11;12;13;14;15;16;17;18;19;20;21;22;23;24;25,,0,0,16
controlled-3154,controlled,hit_87.5,lead_1/rep_11,12,0,0,History-Last1,1.0,0.0,128,10;11;12;13;14;15;16;17;18;19;20;21;22;23;24;25,0;1;10;11;12;13;14;15;16;17;18;19;20;21;22;23,14,2,2
controlled-3155,controlled,hit_87.5,lead_1/rep_11,12,0,0,Oracle,1.0,0.0,128,10;11;12;13;14;15;16;17;18;19;20;21;22;23;24;25,10;11;12;13;14;15;16;17;18;19;20;21;22;23;24;25,16,0,0
controlled-3156,controlled,hit_87.5,lead_1/rep_12,13,0,0,No-Selected-Prefetch,1.0,0.0,128,10;11;12;13;14;15;16;17;18;19;20;21;22;23;24;25,,0,0,16
controlled-3157,controlled,hit_87.5,lead_1/rep_12,13,0,0,History-Last1,1.0,0.0,128,10;11;12;13;14;15;16;17;18;19;20;21;22;23;24;25,0;1;10;11;12;13;14;15;16;17;18;19;20;21;22;23,14,2,2
controlled-3158,controlled,hit_87.5,lead_1/rep_12,13,0,0,Oracle,1.0,0.0,128,10;11;12;13;14;15;16;17;18;19;20;21;22;23;24;25,10;11;12;13;14;15;16;17;18;19;20;21;22;23;24;25,16,0,0
controlled-3159,controlled,hit_87.5,lead_1/rep_13,14,0,0,No-Selected-Prefetch,1.0,0.0,128,10;11;12;13;14;15;16;17;18;19;20;21;22;23;24;25,,0,0,16
controlled-3160,controlled,hit_87.5,lead_1/rep_13,14,0,0,History-Last1,1.0,0.0,128,10;11;12;13;14;15;16;17;18;19;20;21;22;23;24;25,0;1;10;11;12;13;14;15;16;17;18;19;20;21;22;23,14,2,2
controlled-3161,controlled,hit_87.5,lead_1/rep_13,14,0,0,Oracle,1.0,0.0,128,10;11;12;13;14;15;16;17;18;19;20;21;22;23;24;25,10;11;12;13;14;15;16;17;18;19;20;21;22;23;24;25,16,0,0
controlled-3162,controlled,hit_87.5,lead_1/rep_14,15,0,0,No-Selected-Prefetch,1.0,0.0,128,10;11;12;13;14;15;16;17;18;19;20;21;22;23;24;25,,0,0,16
controlled-3163,controlled,hit_87.5,lead_1/rep_14,15,0,0,History-Last1,1.0,0.0,128,10;11;12;13;14;15;16;17;18;19;20;21;22;23;24;25,0;1;10;11;12;13;14;15;16;17;18;19;20;21;22;23,14,2,2
controlled-3164,controlled,hit_87.5,lead_1/rep_14,15,0,0,Oracle,1.0,0.0,128,10;11;12;13;14;15;16;17;18;19;20;21;22;23;24;25,10;11;12;13;14;15;16;17;18;19;20;21;22;23;24;25,16,0,0
controlled-3165,controlled,hit_87.5,lead_1/rep_15,16,0,0,No-Selected-Prefetch,1.0,0.0,128,10;11;12;13;14;15;16;17;18;19;20;21;22;23;24;25,,0,0,16
controlled-3166,controlled,hit_87.5,lead_1/rep_15,16,0,0,History-Last1,1.0,0.0,128,10;11;12;13;14;15;16;17;18;19;20;21;22;23;24;25,0;1;10;11;12;13;14;15;16;17;18;19;20;21;22;23,14,2,2
controlled-3167,controlled,hit_87.5,lead_1/rep_15,16,0,0,Oracle,1.0,0.0,128,10;11;12;13;14;15;16;17;18;19;20;21;22;23;24;25,10;11;12;13;14;15;16;17;18;19;20;21;22;23;24;25,16,0,0
controlled-3168,controlled,hit_87.5,lead_1/rep_16,17,0,0,No-Selected-Prefetch,1.0,0.0,128,10;11;12;13;14;15;16;17;18;19;20;21;22;23;24;25,,0,0,16
controlled-3169,controlled,hit_87.5,lead_1/rep_16,17,0,0,History-Last1,1.0,0.0,128,10;11;12;13;14;15;16;17;18;19;20;21;22;23;24;25,0;1;10;11;12;13;14;15;16;17;18;19;20;21;22;23,14,2,2
controlled-3170,controlled,hit_87.5,lead_1/rep_16,17,0,0,Oracle,1.0,0.0,128,10;11;12;13;14;15;16;17;18;19;20;21;22;23;24;25,10;11;12;13;14;15;16;17;18;19;20;21;22;23;24;25,16,0,0
controlled-3171,controlled,hit_87.5,lead_1/rep_17,18,0,0,No-Selected-Prefetch,1.0,0.0,128,10;11;12;13;14;15;16;17;18;19;20;21;22;23;24;25,,0,0,16
controlled-3172,controlled,hit_87.5,lead_1/rep_17,18,0,0,History-Last1,1.0,0.0,128,10;11;12;13;14;15;16;17;18;19;20;21;22;23;24;25,0;1;10;11;12;13;14;15;16;17;18;19;20;21;22;23,14,2,2
controlled-3173,controlled,hit_87.5,lead_1/rep_17,18,0,0,Oracle,1.0,0.0,128,10;11;12;13;14;15;16;17;18;19;20;21;22;23;24;25,10;11;12;13;14;15;16;17;18;19;20;21;22;23;24;25,16,0,0
controlled-3174,controlled,hit_87.5,lead_1/rep_18,19,0,0,No-Selected-Prefetch,1.0,0.0,128,10;11;12;13;14;15;16;17;18;19;20;21;22;23;24;25,,0,0,16
controlled-3175,controlled,hit_87.5,lead_1/rep_18,19,0,0,History-Last1,1.0,0.0,128,10;11;12;13;14;15;16;17;18;19;20;21;22;23;24;25,0;1;10;11;12;13;14;15;16;17;18;19;20;21;22;23,14,2,2
controlled-3176,controlled,hit_87.5,lead_1/rep_18,19,0,0,Oracle,1.0,0.0,128,10;11;12;13;14;15;16;17;18;19;20;21;22;23;24;25,10;11;12;13;14;15;16;17;18;19;20;21;22;23;24;25,16,0,0
controlled-3177,controlled,hit_87.5,lead_1/rep_19,20,0,0,No-Selected-Prefetch,1.0,0.0,128,10;11;12;13;14;15;16;17;18;19;20;21;22;23;24;25,,0,0,16
controlled-3178,controlled,hit_87.5,lead_1/rep_19,20,0,0,History-Last1,1.0,0.0,128,10;11;12;13;14;15;16;17;18;19;20;21;22;23;24;25,0;1;10;11;12;13;14;15;16;17;18;19;20;21;22;23,14,2,2
controlled-3179,controlled,hit_87.5,lead_1/rep_19,20,0,0,Oracle,1.0,0.0,128,10;11;12;13;14;15;16;17;18;19;20;21;22;23;24;25,10;11;12;13;14;15;16;17;18;19;20;21;22;23;24;25,16,0,0
controlled-3180,controlled,hit_87.5,lead_2/rep_0,1,0,0,No-Selected-Prefetch,2.0,0.0,128,10;11;12;13;14;15;16;17;18;19;20;21;22;23;24;25,,0,0,16
controlled-3181,controlled,hit_87.5,lead_2/rep_0,1,0,0,History-Last1,2.0,0.0,128,10;11;12;13;14;15;16;17;18;19;20;21;22;23;24;25,0;1;10;11;12;13;14;15;16;17;18;19;20;21;22;23,14,2,2
controlled-3182,controlled,hit_87.5,lead_2/rep_0,1,0,0,Oracle,2.0,0.0,128,10;11;12;13;14;15;16;17;18;19;20;21;22;23;24;25,10;11;12;13;14;15;16;17;18;19;20;21;22;23;24;25,16,0,0
controlled-3183,controlled,hit_87.5,lead_2/rep_1,2,0,0,No-Selected-Prefetch,2.0,0.0,128,10;11;12;13;14;15;16;17;18;19;20;21;22;23;24;25,,0,0,16
controlled-3184,controlled,hit_87.5,lead_2/rep_1,2,0,0,History-Last1,2.0,0.0,128,10;11;12;13;14;15;16;17;18;19;20;21;22;23;24;25,0;1;10;11;12;13;14;15;16;17;18;19;20;21;22;23,14,2,2
controlled-3185,controlled,hit_87.5,lead_2/rep_1,2,0,0,Oracle,2.0,0.0,128,10;11;12;13;14;15;16;17;18;19;20;21;22;23;24;25,10;11;12;13;14;15;16;17;18;19;20;21;22;23;24;25,16,0,0
controlled-3186,controlled,hit_87.5,lead_2/rep_2,3,0,0,No-Selected-Prefetch,2.0,0.0,128,10;11;12;13;14;15;16;17;18;19;20;21;22;23;24;25,,0,0,16
controlled-3187,controlled,hit_87.5,lead_2/rep_2,3,0,0,History-Last1,2.0,0.0,128,10;11;12;13;14;15;16;17;18;19;20;21;22;23;24;25,0;1;10;11;12;13;14;15;16;17;18;19;20;21;22;23,14,2,2
controlled-3188,controlled,hit_87.5,lead_2/rep_2,3,0,0,Oracle,2.0,0.0,128,10;11;12;13;14;15;16;17;18;19;20;21;22;23;24;25,10;11;12;13;14;15;16;17;18;19;20;21;22;23;24;25,16,0,0
controlled-3189,controlled,hit_87.5,lead_2/rep_3,4,0,0,No-Selected-Prefetch,2.0,0.0,128,10;11;12;13;14;15;16;17;18;19;20;21;22;23;24;25,,0,0,16
controlled-3190,controlled,hit_87.5,lead_2/rep_3,4,0,0,History-Last1,2.0,0.0,128,10;11;12;13;14;15;16;17;18;19;20;21;22;23;24;25,0;1;10;11;12;13;14;15;16;17;18;19;20;21;22;23,14,2,2
controlled-3191,controlled,hit_87.5,lead_2/rep_3,4,0,0,Oracle,2.0,0.0,128,10;11;12;13;14;15;16;17;18;19;20;21;22;23;24;25,10;11;12;13;14;15;16;17;18;19;20;21;22;23;24;25,16,0,0
controlled-3192,controlled,hit_87.5,lead_2/rep_4,5,0,0,No-Selected-Prefetch,2.0,0.0,128,10;11;12;13;14;15;16;17;18;19;20;21;22;23;24;25,,0,0,16
controlled-3193,controlled,hit_87.5,lead_2/rep_4,5,0,0,History-Last1,2.0,0.0,128,10;11;12;13;14;15;16;17;18;19;20;21;22;23;24;25,0;1;10;11;12;13;14;15;16;17;18;19;20;21;22;23,14,2,2
controlled-3194,controlled,hit_87.5,lead_2/rep_4,5,0,0,Oracle,2.0,0.0,128,10;11;12;13;14;15;16;17;18;19;20;21;22;23;24;25,10;11;12;13;14;15;16;17;18;19;20;21;22;23;24;25,16,0,0
controlled-3195,controlled,hit_87.5,lead_2/rep_5,6,0,0,No-Selected-Prefetch,2.0,0.0,128,10;11;12;13;14;15;16;17;18;19;20;21;22;23;24;25,,0,0,16
controlled-3196,controlled,hit_87.5,lead_2/rep_5,6,0,0,History-Last1,2.0,0.0,128,10;11;12;13;14;15;16;17;18;19;20;21;22;23;24;25,0;1;10;11;12;13;14;15;16;17;18;19;20;21;22;23,14,2,2
controlled-3197,controlled,hit_87.5,lead_2/rep_5,6,0,0,Oracle,2.0,0.0,128,10;11;12;13;14;15;16;17;18;19;20;21;22;23;24;25,10;11;12;13;14;15;16;17;18;19;20;21;22;23;24;25,16,0,0
controlled-3198,controlled,hit_87.5,lead_2/rep_6,7,0,0,No-Selected-Prefetch,2.0,0.0,128,10;11;12;13;14;15;16;17;18;19;20;21;22;23;24;25,,0,0,16
controlled-3199,controlled,hit_87.5,lead_2/rep_6,7,0,0,History-Last1,2.0,0.0,128,10;11;12;13;14;15;16;17;18;19;20;21;22;23;24;25,0;1;10;11;12;13;14;15;16;17;18;19;20;21;22;23,14,2,2
controlled-3200,controlled,hit_87.5,lead_2/rep_6,7,0,0,Oracle,2.0,0.0,128,10;11;12;13;14;15;16;17;18;19;20;21;22;23;24;25,10;11;12;13;14;15;16;17;18;19;20;21;22;23;24;25,16,0,0
controlled-3201,controlled,hit_87.5,lead_2/rep_7,8,0,0,No-Selected-Prefetch,2.0,0.0,128,10;11;12;13;14;15;16;17;18;19;20;21;22;23;24;25,,0,0,16
controlled-3202,controlled,hit_87.5,lead_2/rep_7,8,0,0,History-Last1,2.0,0.0,128,10;11;12;13;14;15;16;17;18;19;20;21;22;23;24;25,0;1;10;11;12;13;14;15;16;17;18;19;20;21;22;23,14,2,2
controlled-3203,controlled,hit_87.5,lead_2/rep_7,8,0,0,Oracle,2.0,0.0,128,10;11;12;13;14;15;16;17;18;19;20;21;22;23;24;25,10;11;12;13;14;15;16;17;18;19;20;21;22;23;24;25,16,0,0
controlled-3204,controlled,hit_87.5,lead_2/rep_8,9,0,0,No-Selected-Prefetch,2.0,0.0,128,10;11;12;13;14;15;16;17;18;19;20;21;22;23;24;25,,0,0,16
controlled-3205,controlled,hit_87.5,lead_2/rep_8,9,0,0,History-Last1,2.0,0.0,128,10;11;12;13;14;15;16;17;18;19;20;21;22;23;24;25,0;1;10;11;12;13;14;15;16;17;18;19;20;21;22;23,14,2,2
controlled-3206,controlled,hit_87.5,lead_2/rep_8,9,0,0,Oracle,2.0,0.0,128,10;11;12;13;14;15;16;17;18;19;20;21;22;23;24;25,10;11;12;13;14;15;16;17;18;19;20;21;22;23;24;25,16,0,0
controlled-3207,controlled,hit_87.5,lead_2/rep_9,10,0,0,No-Selected-Prefetch,2.0,0.0,128,10;11;12;13;14;15;16;17;18;19;20;21;22;23;24;25,,0,0,16
controlled-3208,controlled,hit_87.5,lead_2/rep_9,10,0,0,History-Last1,2.0,0.0,128,10;11;12;13;14;15;16;17;18;19;20;21;22;23;24;25,0;1;10;11;12;13;14;15;16;17;18;19;20;21;22;23,14,2,2
controlled-3209,controlled,hit_87.5,lead_2/rep_9,10,0,0,Oracle,2.0,0.0,128,10;11;12;13;14;15;16;17;18;19;20;21;22;23;24;25,10;11;12;13;14;15;16;17;18;19;20;21;22;23;24;25,16,0,0
controlled-3210,controlled,hit_87.5,lead_2/rep_10,11,0,0,No-Selected-Prefetch,2.0,0.0,128,10;11;12;13;14;15;16;17;18;19;20;21;22;23;24;25,,0,0,16
controlled-3211,controlled,hit_87.5,lead_2/rep_10,11,0,0,History-Last1,2.0,0.0,128,10;11;12;13;14;15;16;17;18;19;20;21;22;23;24;25,0;1;10;11;12;13;14;15;16;17;18;19;20;21;22;23,14,2,2
controlled-3212,controlled,hit_87.5,lead_2/rep_10,11,0,0,Oracle,2.0,0.0,128,10;11;12;13;14;15;16;17;18;19;20;21;22;23;24;25,10;11;12;13;14;15;16;17;18;19;20;21;22;23;24;25,16,0,0
controlled-3213,controlled,hit_87.5,lead_2/rep_11,12,0,0,No-Selected-Prefetch,2.0,0.0,128,10;11;12;13;14;15;16;17;18;19;20;21;22;23;24;25,,0,0,16
controlled-3214,controlled,hit_87.5,lead_2/rep_11,12,0,0,History-Last1,2.0,0.0,128,10;11;12;13;14;15;16;17;18;19;20;21;22;23;24;25,0;1;10;11;12;13;14;15;16;17;18;19;20;21;22;23,14,2,2
controlled-3215,controlled,hit_87.5,lead_2/rep_11,12,0,0,Oracle,2.0,0.0,128,10;11;12;13;14;15;16;17;18;19;20;21;22;23;24;25,10;11;12;13;14;15;16;17;18;19;20;21;22;23;24;25,16,0,0
controlled-3216,controlled,hit_87.5,lead_2/rep_12,13,0,0,No-Selected-Prefetch,2.0,0.0,128,10;11;12;13;14;15;16;17;18;19;20;21;22;23;24;25,,0,0,16
controlled-3217,controlled,hit_87.5,lead_2/rep_12,13,0,0,History-Last1,2.0,0.0,128,10;11;12;13;14;15;16;17;18;19;20;21;22;23;24;25,0;1;10;11;12;13;14;15;16;17;18;19;20;21;22;23,14,2,2
controlled-3218,controlled,hit_87.5,lead_2/rep_12,13,0,0,Oracle,2.0,0.0,128,10;11;12;13;14;15;16;17;18;19;20;21;22;23;24;25,10;11;12;13;14;15;16;17;18;19;20;21;22;23;24;25,16,0,0
controlled-3219,controlled,hit_87.5,lead_2/rep_13,14,0,0,No-Selected-Prefetch,2.0,0.0,128,10;11;12;13;14;15;16;17;18;19;20;21;22;23;24;25,,0,0,16
controlled-3220,controlled,hit_87.5,lead_2/rep_13,14,0,0,History-Last1,2.0,0.0,128,10;11;12;13;14;15;16;17;18;19;20;21;22;23;24;25,0;1;10;11;12;13;14;15;16;17;18;19;20;21;22;23,14,2,2
controlled-3221,controlled,hit_87.5,lead_2/rep_13,14,0,0,Oracle,2.0,0.0,128,10;11;12;13;14;15;16;17;18;19;20;21;22;23;24;25,10;11;12;13;14;15;16;17;18;19;20;21;22;23;24;25,16,0,0
controlled-3222,controlled,hit_87.5,lead_2/rep_14,15,0,0,No-Selected-Prefetch,2.0,0.0,128,10;11;12;13;14;15;16;17;18;19;20;21;22;23;24;25,,0,0,16
controlled-3223,controlled,hit_87.5,lead_2/rep_14,15,0,0,History-Last1,2.0,0.0,128,10;11;12;13;14;15;16;17;18;19;20;21;22;23;24;25,0;1;10;11;12;13;14;15;16;17;18;19;20;21;22;23,14,2,2
controlled-3224,controlled,hit_87.5,lead_2/rep_14,15,0,0,Oracle,2.0,0.0,128,10;11;12;13;14;15;16;17;18;19;20;21;22;23;24;25,10;11;12;13;14;15;16;17;18;19;20;21;22;23;24;25,16,0,0
controlled-3225,controlled,hit_87.5,lead_2/rep_15,16,0,0,No-Selected-Prefetch,2.0,0.0,128,10;11;12;13;14;15;16;17;18;19;20;21;22;23;24;25,,0,0,16
controlled-3226,controlled,hit_87.5,lead_2/rep_15,16,0,0,History-Last1,2.0,0.0,128,10;11;12;13;14;15;16;17;18;19;20;21;22;23;24;25,0;1;10;11;12;13;14;15;16;17;18;19;20;21;22;23,14,2,2
controlled-3227,controlled,hit_87.5,lead_2/rep_15,16,0,0,Oracle,2.0,0.0,128,10;11;12;13;14;15;16;17;18;19;20;21;22;23;24;25,10;11;12;13;14;15;16;17;18;19;20;21;22;23;24;25,16,0,0
controlled-3228,controlled,hit_87.5,lead_2/rep_16,17,0,0,No-Selected-Prefetch,2.0,0.0,128,10;11;12;13;14;15;16;17;18;19;20;21;22;23;24;25,,0,0,16
controlled-3229,controlled,hit_87.5,lead_2/rep_16,17,0,0,History-Last1,2.0,0.0,128,10;11;12;13;14;15;16;17;18;19;20;21;22;23;24;25,0;1;10;11;12;13;14;15;16;17;18;19;20;21;22;23,14,2,2
controlled-3230,controlled,hit_87.5,lead_2/rep_16,17,0,0,Oracle,2.0,0.0,128,10;11;12;13;14;15;16;17;18;19;20;21;22;23;24;25,10;11;12;13;14;15;16;17;18;19;20;21;22;23;24;25,16,0,0
controlled-3231,controlled,hit_87.5,lead_2/rep_17,18,0,0,No-Selected-Prefetch,2.0,0.0,128,10;11;12;13;14;15;16;17;18;19;20;21;22;23;24;25,,0,0,16
controlled-3232,controlled,hit_87.5,lead_2/rep_17,18,0,0,History-Last1,2.0,0.0,128,10;11;12;13;14;15;16;17;18;19;20;21;22;23;24;25,0;1;10;11;12;13;14;15;16;17;18;19;20;21;22;23,14,2,2
controlled-3233,controlled,hit_87.5,lead_2/rep_17,18,0,0,Oracle,2.0,0.0,128,10;11;12;13;14;15;16;17;18;19;20;21;22;23;24;25,10;11;12;13;14;15;16;17;18;19;20;21;22;23;24;25,16,0,0
controlled-3234,controlled,hit_87.5,lead_2/rep_18,19,0,0,No-Selected-Prefetch,2.0,0.0,128,10;11;12;13;14;15;16;17;18;19;20;21;22;23;24;25,,0,0,16
controlled-3235,controlled,hit_87.5,lead_2/rep_18,19,0,0,History-Last1,2.0,0.0,128,10;11;12;13;14;15;16;17;18;19;20;21;22;23;24;25,0;1;10;11;12;13;14;15;16;17;18;19;20;21;22;23,14,2,2
controlled-3236,controlled,hit_87.5,lead_2/rep_18,19,0,0,Oracle,2.0,0.0,128,10;11;12;13;14;15;16;17;18;19;20;21;22;23;24;25,10;11;12;13;14;15;16;17;18;19;20;21;22;23;24;25,16,0,0
controlled-3237,controlled,hit_87.5,lead_2/rep_19,20,0,0,No-Selected-Prefetch,2.0,0.0,128,10;11;12;13;14;15;16;17;18;19;20;21;22;23;24;25,,0,0,16
controlled-3238,controlled,hit_87.5,lead_2/rep_19,20,0,0,History-Last1,2.0,0.0,128,10;11;12;13;14;15;16;17;18;19;20;21;22;23;24;25,0;1;10;11;12;13;14;15;16;17;18;19;20;21;22;23,14,2,2
controlled-3239,controlled,hit_87.5,lead_2/rep_19,20,0,0,Oracle,2.0,0.0,128,10;11;12;13;14;15;16;17;18;19;20;21;22;23;24;25,10;11;12;13;14;15;16;17;18;19;20;21;22;23;24;25,16,0,0
controlled-3240,controlled,hit_87.5,lead_4/rep_0,1,0,0,No-Selected-Prefetch,4.0,0.0,128,10;11;12;13;14;15;16;17;18;19;20;21;22;23;24;25,,0,0,16
controlled-3241,controlled,hit_87.5,lead_4/rep_0,1,0,0,History-Last1,4.0,0.0,128,10;11;12;13;14;15;16;17;18;19;20;21;22;23;24;25,0;1;10;11;12;13;14;15;16;17;18;19;20;21;22;23,14,2,2
controlled-3242,controlled,hit_87.5,lead_4/rep_0,1,0,0,Oracle,4.0,0.0,128,10;11;12;13;14;15;16;17;18;19;20;21;22;23;24;25,10;11;12;13;14;15;16;17;18;19;20;21;22;23;24;25,16,0,0
controlled-3243,controlled,hit_87.5,lead_4/rep_1,2,0,0,No-Selected-Prefetch,4.0,0.0,128,10;11;12;13;14;15;16;17;18;19;20;21;22;23;24;25,,0,0,16
controlled-3244,controlled,hit_87.5,lead_4/rep_1,2,0,0,History-Last1,4.0,0.0,128,10;11;12;13;14;15;16;17;18;19;20;21;22;23;24;25,0;1;10;11;12;13;14;15;16;17;18;19;20;21;22;23,14,2,2
controlled-3245,controlled,hit_87.5,lead_4/rep_1,2,0,0,Oracle,4.0,0.0,128,10;11;12;13;14;15;16;17;18;19;20;21;22;23;24;25,10;11;12;13;14;15;16;17;18;19;20;21;22;23;24;25,16,0,0
controlled-3246,controlled,hit_87.5,lead_4/rep_2,3,0,0,No-Selected-Prefetch,4.0,0.0,128,10;11;12;13;14;15;16;17;18;19;20;21;22;23;24;25,,0,0,16
controlled-3247,controlled,hit_87.5,lead_4/rep_2,3,0,0,History-Last1,4.0,0.0,128,10;11;12;13;14;15;16;17;18;19;20;21;22;23;24;25,0;1;10;11;12;13;14;15;16;17;18;19;20;21;22;23,14,2,2
controlled-3248,controlled,hit_87.5,lead_4/rep_2,3,0,0,Oracle,4.0,0.0,128,10;11;12;13;14;15;16;17;18;19;20;21;22;23;24;25,10;11;12;13;14;15;16;17;18;19;20;21;22;23;24;25,16,0,0
controlled-3249,controlled,hit_87.5,lead_4/rep_3,4,0,0,No-Selected-Prefetch,4.0,0.0,128,10;11;12;13;14;15;16;17;18;19;20;21;22;23;24;25,,0,0,16
controlled-3250,controlled,hit_87.5,lead_4/rep_3,4,0,0,History-Last1,4.0,0.0,128,10;11;12;13;14;15;16;17;18;19;20;21;22;23;24;25,0;1;10;11;12;13;14;15;16;17;18;19;20;21;22;23,14,2,2
controlled-3251,controlled,hit_87.5,lead_4/rep_3,4,0,0,Oracle,4.0,0.0,128,10;11;12;13;14;15;16;17;18;19;20;21;22;23;24;25,10;11;12;13;14;15;16;17;18;19;20;21;22;23;24;25,16,0,0
controlled-3252,controlled,hit_87.5,lead_4/rep_4,5,0,0,No-Selected-Prefetch,4.0,0.0,128,10;11;12;13;14;15;16;17;18;19;20;21;22;23;24;25,,0,0,16
controlled-3253,controlled,hit_87.5,lead_4/rep_4,5,0,0,History-Last1,4.0,0.0,128,10;11;12;13;14;15;16;17;18;19;20;21;22;23;24;25,0;1;10;11;12;13;14;15;16;17;18;19;20;21;22;23,14,2,2
controlled-3254,controlled,hit_87.5,lead_4/rep_4,5,0,0,Oracle,4.0,0.0,128,10;11;12;13;14;15;16;17;18;19;20;21;22;23;24;25,10;11;12;13;14;15;16;17;18;19;20;21;22;23;24;25,16,0,0
controlled-3255,controlled,hit_87.5,lead_4/rep_5,6,0,0,No-Selected-Prefetch,4.0,0.0,128,10;11;12;13;14;15;16;17;18;19;20;21;22;23;24;25,,0,0,16
controlled-3256,controlled,hit_87.5,lead_4/rep_5,6,0,0,History-Last1,4.0,0.0,128,10;11;12;13;14;15;16;17;18;19;20;21;22;23;24;25,0;1;10;11;12;13;14;15;16;17;18;19;20;21;22;23,14,2,2
controlled-3257,controlled,hit_87.5,lead_4/rep_5,6,0,0,Oracle,4.0,0.0,128,10;11;12;13;14;15;16;17;18;19;20;21;22;23;24;25,10;11;12;13;14;15;16;17;18;19;20;21;22;23;24;25,16,0,0
controlled-3258,controlled,hit_87.5,lead_4/rep_6,7,0,0,No-Selected-Prefetch,4.0,0.0,128,10;11;12;13;14;15;16;17;18;19;20;21;22;23;24;25,,0,0,16
controlled-3259,controlled,hit_87.5,lead_4/rep_6,7,0,0,History-Last1,4.0,0.0,128,10;11;12;13;14;15;16;17;18;19;20;21;22;23;24;25,0;1;10;11;12;13;14;15;16;17;18;19;20;21;22;23,14,2,2
controlled-3260,controlled,hit_87.5,lead_4/rep_6,7,0,0,Oracle,4.0,0.0,128,10;11;12;13;14;15;16;17;18;19;20;21;22;23;24;25,10;11;12;13;14;15;16;17;18;19;20;21;22;23;24;25,16,0,0
controlled-3261,controlled,hit_87.5,lead_4/rep_7,8,0,0,No-Selected-Prefetch,4.0,0.0,128,10;11;12;13;14;15;16;17;18;19;20;21;22;23;24;25,,0,0,16
controlled-3262,controlled,hit_87.5,lead_4/rep_7,8,0,0,History-Last1,4.0,0.0,128,10;11;12;13;14;15;16;17;18;19;20;21;22;23;24;25,0;1;10;11;12;13;14;15;16;17;18;19;20;21;22;23,14,2,2
controlled-3263,controlled,hit_87.5,lead_4/rep_7,8,0,0,Oracle,4.0,0.0,128,10;11;12;13;14;15;16;17;18;19;20;21;22;23;24;25,10;11;12;13;14;15;16;17;18;19;20;21;22;23;24;25,16,0,0
controlled-3264,controlled,hit_87.5,lead_4/rep_8,9,0,0,No-Selected-Prefetch,4.0,0.0,128,10;11;12;13;14;15;16;17;18;19;20;21;22;23;24;25,,0,0,16
controlled-3265,controlled,hit_87.5,lead_4/rep_8,9,0,0,History-Last1,4.0,0.0,128,10;11;12;13;14;15;16;17;18;19;20;21;22;23;24;25,0;1;10;11;12;13;14;15;16;17;18;19;20;21;22;23,14,2,2
controlled-3266,controlled,hit_87.5,lead_4/rep_8,9,0,0,Oracle,4.0,0.0,128,10;11;12;13;14;15;16;17;18;19;20;21;22;23;24;25,10;11;12;13;14;15;16;17;18;19;20;21;22;23;24;25,16,0,0
controlled-3267,controlled,hit_87.5,lead_4/rep_9,10,0,0,No-Selected-Prefetch,4.0,0.0,128,10;11;12;13;14;15;16;17;18;19;20;21;22;23;24;25,,0,0,16
controlled-3268,controlled,hit_87.5,lead_4/rep_9,10,0,0,History-Last1,4.0,0.0,128,10;11;12;13;14;15;16;17;18;19;20;21;22;23;24;25,0;1;10;11;12;13;14;15;16;17;18;19;20;21;22;23,14,2,2
controlled-3269,controlled,hit_87.5,lead_4/rep_9,10,0,0,Oracle,4.0,0.0,128,10;11;12;13;14;15;16;17;18;19;20;21;22;23;24;25,10;11;12;13;14;15;16;17;18;19;20;21;22;23;24;25,16,0,0
controlled-3270,controlled,hit_87.5,lead_4/rep_10,11,0,0,No-Selected-Prefetch,4.0,0.0,128,10;11;12;13;14;15;16;17;18;19;20;21;22;23;24;25,,0,0,16
controlled-3271,controlled,hit_87.5,lead_4/rep_10,11,0,0,History-Last1,4.0,0.0,128,10;11;12;13;14;15;16;17;18;19;20;21;22;23;24;25,0;1;10;11;12;13;14;15;16;17;18;19;20;21;22;23,14,2,2
controlled-3272,controlled,hit_87.5,lead_4/rep_10,11,0,0,Oracle,4.0,0.0,128,10;11;12;13;14;15;16;17;18;19;20;21;22;23;24;25,10;11;12;13;14;15;16;17;18;19;20;21;22;23;24;25,16,0,0
controlled-3273,controlled,hit_87.5,lead_4/rep_11,12,0,0,No-Selected-Prefetch,4.0,0.0,128,10;11;12;13;14;15;16;17;18;19;20;21;22;23;24;25,,0,0,16
controlled-3274,controlled,hit_87.5,lead_4/rep_11,12,0,0,History-Last1,4.0,0.0,128,10;11;12;13;14;15;16;17;18;19;20;21;22;23;24;25,0;1;10;11;12;13;14;15;16;17;18;19;20;21;22;23,14,2,2
controlled-3275,controlled,hit_87.5,lead_4/rep_11,12,0,0,Oracle,4.0,0.0,128,10;11;12;13;14;15;16;17;18;19;20;21;22;23;24;25,10;11;12;13;14;15;16;17;18;19;20;21;22;23;24;25,16,0,0
controlled-3276,controlled,hit_87.5,lead_4/rep_12,13,0,0,No-Selected-Prefetch,4.0,0.0,128,10;11;12;13;14;15;16;17;18;19;20;21;22;23;24;25,,0,0,16
controlled-3277,controlled,hit_87.5,lead_4/rep_12,13,0,0,History-Last1,4.0,0.0,128,10;11;12;13;14;15;16;17;18;19;20;21;22;23;24;25,0;1;10;11;12;13;14;15;16;17;18;19;20;21;22;23,14,2,2
controlled-3278,controlled,hit_87.5,lead_4/rep_12,13,0,0,Oracle,4.0,0.0,128,10;11;12;13;14;15;16;17;18;19;20;21;22;23;24;25,10;11;12;13;14;15;16;17;18;19;20;21;22;23;24;25,16,0,0
controlled-3279,controlled,hit_87.5,lead_4/rep_13,14,0,0,No-Selected-Prefetch,4.0,0.0,128,10;11;12;13;14;15;16;17;18;19;20;21;22;23;24;25,,0,0,16
controlled-3280,controlled,hit_87.5,lead_4/rep_13,14,0,0,History-Last1,4.0,0.0,128,10;11;12;13;14;15;16;17;18;19;20;21;22;23;24;25,0;1;10;11;12;13;14;15;16;17;18;19;20;21;22;23,14,2,2
controlled-3281,controlled,hit_87.5,lead_4/rep_13,14,0,0,Oracle,4.0,0.0,128,10;11;12;13;14;15;16;17;18;19;20;21;22;23;24;25,10;11;12;13;14;15;16;17;18;19;20;21;22;23;24;25,16,0,0
controlled-3282,controlled,hit_87.5,lead_4/rep_14,15,0,0,No-Selected-Prefetch,4.0,0.0,128,10;11;12;13;14;15;16;17;18;19;20;21;22;23;24;25,,0,0,16
controlled-3283,controlled,hit_87.5,lead_4/rep_14,15,0,0,History-Last1,4.0,0.0,128,10;11;12;13;14;15;16;17;18;19;20;21;22;23;24;25,0;1;10;11;12;13;14;15;16;17;18;19;20;21;22;23,14,2,2
controlled-3284,controlled,hit_87.5,lead_4/rep_14,15,0,0,Oracle,4.0,0.0,128,10;11;12;13;14;15;16;17;18;19;20;21;22;23;24;25,10;11;12;13;14;15;16;17;18;19;20;21;22;23;24;25,16,0,0
controlled-3285,controlled,hit_87.5,lead_4/rep_15,16,0,0,No-Selected-Prefetch,4.0,0.0,128,10;11;12;13;14;15;16;17;18;19;20;21;22;23;24;25,,0,0,16
controlled-3286,controlled,hit_87.5,lead_4/rep_15,16,0,0,History-Last1,4.0,0.0,128,10;11;12;13;14;15;16;17;18;19;20;21;22;23;24;25,0;1;10;11;12;13;14;15;16;17;18;19;20;21;22;23,14,2,2
controlled-3287,controlled,hit_87.5,lead_4/rep_15,16,0,0,Oracle,4.0,0.0,128,10;11;12;13;14;15;16;17;18;19;20;21;22;23;24;25,10;11;12;13;14;15;16;17;18;19;20;21;22;23;24;25,16,0,0
controlled-3288,controlled,hit_87.5,lead_4/rep_16,17,0,0,No-Selected-Prefetch,4.0,0.0,128,10;11;12;13;14;15;16;17;18;19;20;21;22;23;24;25,,0,0,16
controlled-3289,controlled,hit_87.5,lead_4/rep_16,17,0,0,History-Last1,4.0,0.0,128,10;11;12;13;14;15;16;17;18;19;20;21;22;23;24;25,0;1;10;11;12;13;14;15;16;17;18;19;20;21;22;23,14,2,2
controlled-3290,controlled,hit_87.5,lead_4/rep_16,17,0,0,Oracle,4.0,0.0,128,10;11;12;13;14;15;16;17;18;19;20;21;22;23;24;25,10;11;12;13;14;15;16;17;18;19;20;21;22;23;24;25,16,0,0
controlled-3291,controlled,hit_87.5,lead_4/rep_17,18,0,0,No-Selected-Prefetch,4.0,0.0,128,10;11;12;13;14;15;16;17;18;19;20;21;22;23;24;25,,0,0,16
controlled-3292,controlled,hit_87.5,lead_4/rep_17,18,0,0,History-Last1,4.0,0.0,128,10;11;12;13;14;15;16;17;18;19;20;21;22;23;24;25,0;1;10;11;12;13;14;15;16;17;18;19;20;21;22;23,14,2,2
controlled-3293,controlled,hit_87.5,lead_4/rep_17,18,0,0,Oracle,4.0,0.0,128,10;11;12;13;14;15;16;17;18;19;20;21;22;23;24;25,10;11;12;13;14;15;16;17;18;19;20;21;22;23;24;25,16,0,0
controlled-3294,controlled,hit_87.5,lead_4/rep_18,19,0,0,No-Selected-Prefetch,4.0,0.0,128,10;11;12;13;14;15;16;17;18;19;20;21;22;23;24;25,,0,0,16
controlled-3295,controlled,hit_87.5,lead_4/rep_18,19,0,0,History-Last1,4.0,0.0,128,10;11;12;13;14;15;16;17;18;19;20;21;22;23;24;25,0;1;10;11;12;13;14;15;16;17;18;19;20;21;22;23,14,2,2
controlled-3296,controlled,hit_87.5,lead_4/rep_18,19,0,0,Oracle,4.0,0.0,128,10;11;12;13;14;15;16;17;18;19;20;21;22;23;24;25,10;11;12;13;14;15;16;17;18;19;20;21;22;23;24;25,16,0,0
controlled-3297,controlled,hit_87.5,lead_4/rep_19,20,0,0,No-Selected-Prefetch,4.0,0.0,128,10;11;12;13;14;15;16;17;18;19;20;21;22;23;24;25,,0,0,16
controlled-3298,controlled,hit_87.5,lead_4/rep_19,20,0,0,History-Last1,4.0,0.0,128,10;11;12;13;14;15;16;17;18;19;20;21;22;23;24;25,0;1;10;11;12;13;14;15;16;17;18;19;20;21;22;23,14,2,2
controlled-3299,controlled,hit_87.5,lead_4/rep_19,20,0,0,Oracle,4.0,0.0,128,10;11;12;13;14;15;16;17;18;19;20;21;22;23;24;25,10;11;12;13;14;15;16;17;18;19;20;21;22;23;24;25,16,0,0
controlled-3300,controlled,hit_87.5,lead_8/rep_0,1,0,0,No-Selected-Prefetch,8.0,0.0,128,10;11;12;13;14;15;16;17;18;19;20;21;22;23;24;25,,0,0,16
controlled-3301,controlled,hit_87.5,lead_8/rep_0,1,0,0,History-Last1,8.0,0.0,128,10;11;12;13;14;15;16;17;18;19;20;21;22;23;24;25,0;1;10;11;12;13;14;15;16;17;18;19;20;21;22;23,14,2,2
controlled-3302,controlled,hit_87.5,lead_8/rep_0,1,0,0,Oracle,8.0,0.0,128,10;11;12;13;14;15;16;17;18;19;20;21;22;23;24;25,10;11;12;13;14;15;16;17;18;19;20;21;22;23;24;25,16,0,0
controlled-3303,controlled,hit_87.5,lead_8/rep_1,2,0,0,No-Selected-Prefetch,8.0,0.0,128,10;11;12;13;14;15;16;17;18;19;20;21;22;23;24;25,,0,0,16
controlled-3304,controlled,hit_87.5,lead_8/rep_1,2,0,0,History-Last1,8.0,0.0,128,10;11;12;13;14;15;16;17;18;19;20;21;22;23;24;25,0;1;10;11;12;13;14;15;16;17;18;19;20;21;22;23,14,2,2
controlled-3305,controlled,hit_87.5,lead_8/rep_1,2,0,0,Oracle,8.0,0.0,128,10;11;12;13;14;15;16;17;18;19;20;21;22;23;24;25,10;11;12;13;14;15;16;17;18;19;20;21;22;23;24;25,16,0,0
controlled-3306,controlled,hit_87.5,lead_8/rep_2,3,0,0,No-Selected-Prefetch,8.0,0.0,128,10;11;12;13;14;15;16;17;18;19;20;21;22;23;24;25,,0,0,16
controlled-3307,controlled,hit_87.5,lead_8/rep_2,3,0,0,History-Last1,8.0,0.0,128,10;11;12;13;14;15;16;17;18;19;20;21;22;23;24;25,0;1;10;11;12;13;14;15;16;17;18;19;20;21;22;23,14,2,2
controlled-3308,controlled,hit_87.5,lead_8/rep_2,3,0,0,Oracle,8.0,0.0,128,10;11;12;13;14;15;16;17;18;19;20;21;22;23;24;25,10;11;12;13;14;15;16;17;18;19;20;21;22;23;24;25,16,0,0
controlled-3309,controlled,hit_87.5,lead_8/rep_3,4,0,0,No-Selected-Prefetch,8.0,0.0,128,10;11;12;13;14;15;16;17;18;19;20;21;22;23;24;25,,0,0,16
controlled-3310,controlled,hit_87.5,lead_8/rep_3,4,0,0,History-Last1,8.0,0.0,128,10;11;12;13;14;15;16;17;18;19;20;21;22;23;24;25,0;1;10;11;12;13;14;15;16;17;18;19;20;21;22;23,14,2,2
controlled-3311,controlled,hit_87.5,lead_8/rep_3,4,0,0,Oracle,8.0,0.0,128,10;11;12;13;14;15;16;17;18;19;20;21;22;23;24;25,10;11;12;13;14;15;16;17;18;19;20;21;22;23;24;25,16,0,0
controlled-3312,controlled,hit_87.5,lead_8/rep_4,5,0,0,No-Selected-Prefetch,8.0,0.0,128,10;11;12;13;14;15;16;17;18;19;20;21;22;23;24;25,,0,0,16
controlled-3313,controlled,hit_87.5,lead_8/rep_4,5,0,0,History-Last1,8.0,0.0,128,10;11;12;13;14;15;16;17;18;19;20;21;22;23;24;25,0;1;10;11;12;13;14;15;16;17;18;19;20;21;22;23,14,2,2
controlled-3314,controlled,hit_87.5,lead_8/rep_4,5,0,0,Oracle,8.0,0.0,128,10;11;12;13;14;15;16;17;18;19;20;21;22;23;24;25,10;11;12;13;14;15;16;17;18;19;20;21;22;23;24;25,16,0,0
controlled-3315,controlled,hit_87.5,lead_8/rep_5,6,0,0,No-Selected-Prefetch,8.0,0.0,128,10;11;12;13;14;15;16;17;18;19;20;21;22;23;24;25,,0,0,16
controlled-3316,controlled,hit_87.5,lead_8/rep_5,6,0,0,History-Last1,8.0,0.0,128,10;11;12;13;14;15;16;17;18;19;20;21;22;23;24;25,0;1;10;11;12;13;14;15;16;17;18;19;20;21;22;23,14,2,2
controlled-3317,controlled,hit_87.5,lead_8/rep_5,6,0,0,Oracle,8.0,0.0,128,10;11;12;13;14;15;16;17;18;19;20;21;22;23;24;25,10;11;12;13;14;15;16;17;18;19;20;21;22;23;24;25,16,0,0
controlled-3318,controlled,hit_87.5,lead_8/rep_6,7,0,0,No-Selected-Prefetch,8.0,0.0,128,10;11;12;13;14;15;16;17;18;19;20;21;22;23;24;25,,0,0,16
controlled-3319,controlled,hit_87.5,lead_8/rep_6,7,0,0,History-Last1,8.0,0.0,128,10;11;12;13;14;15;16;17;18;19;20;21;22;23;24;25,0;1;10;11;12;13;14;15;16;17;18;19;20;21;22;23,14,2,2
controlled-3320,controlled,hit_87.5,lead_8/rep_6,7,0,0,Oracle,8.0,0.0,128,10;11;12;13;14;15;16;17;18;19;20;21;22;23;24;25,10;11;12;13;14;15;16;17;18;19;20;21;22;23;24;25,16,0,0
controlled-3321,controlled,hit_87.5,lead_8/rep_7,8,0,0,No-Selected-Prefetch,8.0,0.0,128,10;11;12;13;14;15;16;17;18;19;20;21;22;23;24;25,,0,0,16
controlled-3322,controlled,hit_87.5,lead_8/rep_7,8,0,0,History-Last1,8.0,0.0,128,10;11;12;13;14;15;16;17;18;19;20;21;22;23;24;25,0;1;10;11;12;13;14;15;16;17;18;19;20;21;22;23,14,2,2
controlled-3323,controlled,hit_87.5,lead_8/rep_7,8,0,0,Oracle,8.0,0.0,128,10;11;12;13;14;15;16;17;18;19;20;21;22;23;24;25,10;11;12;13;14;15;16;17;18;19;20;21;22;23;24;25,16,0,0
controlled-3324,controlled,hit_87.5,lead_8/rep_8,9,0,0,No-Selected-Prefetch,8.0,0.0,128,10;11;12;13;14;15;16;17;18;19;20;21;22;23;24;25,,0,0,16
controlled-3325,controlled,hit_87.5,lead_8/rep_8,9,0,0,History-Last1,8.0,0.0,128,10;11;12;13;14;15;16;17;18;19;20;21;22;23;24;25,0;1;10;11;12;13;14;15;16;17;18;19;20;21;22;23,14,2,2
controlled-3326,controlled,hit_87.5,lead_8/rep_8,9,0,0,Oracle,8.0,0.0,128,10;11;12;13;14;15;16;17;18;19;20;21;22;23;24;25,10;11;12;13;14;15;16;17;18;19;20;21;22;23;24;25,16,0,0
controlled-3327,controlled,hit_87.5,lead_8/rep_9,10,0,0,No-Selected-Prefetch,8.0,0.0,128,10;11;12;13;14;15;16;17;18;19;20;21;22;23;24;25,,0,0,16
controlled-3328,controlled,hit_87.5,lead_8/rep_9,10,0,0,History-Last1,8.0,0.0,128,10;11;12;13;14;15;16;17;18;19;20;21;22;23;24;25,0;1;10;11;12;13;14;15;16;17;18;19;20;21;22;23,14,2,2
controlled-3329,controlled,hit_87.5,lead_8/rep_9,10,0,0,Oracle,8.0,0.0,128,10;11;12;13;14;15;16;17;18;19;20;21;22;23;24;25,10;11;12;13;14;15;16;17;18;19;20;21;22;23;24;25,16,0,0
controlled-3330,controlled,hit_87.5,lead_8/rep_10,11,0,0,No-Selected-Prefetch,8.0,0.0,128,10;11;12;13;14;15;16;17;18;19;20;21;22;23;24;25,,0,0,16
controlled-3331,controlled,hit_87.5,lead_8/rep_10,11,0,0,History-Last1,8.0,0.0,128,10;11;12;13;14;15;16;17;18;19;20;21;22;23;24;25,0;1;10;11;12;13;14;15;16;17;18;19;20;21;22;23,14,2,2
controlled-3332,controlled,hit_87.5,lead_8/rep_10,11,0,0,Oracle,8.0,0.0,128,10;11;12;13;14;15;16;17;18;19;20;21;22;23;24;25,10;11;12;13;14;15;16;17;18;19;20;21;22;23;24;25,16,0,0
controlled-3333,controlled,hit_87.5,lead_8/rep_11,12,0,0,No-Selected-Prefetch,8.0,0.0,128,10;11;12;13;14;15;16;17;18;19;20;21;22;23;24;25,,0,0,16
controlled-3334,controlled,hit_87.5,lead_8/rep_11,12,0,0,History-Last1,8.0,0.0,128,10;11;12;13;14;15;16;17;18;19;20;21;22;23;24;25,0;1;10;11;12;13;14;15;16;17;18;19;20;21;22;23,14,2,2
controlled-3335,controlled,hit_87.5,lead_8/rep_11,12,0,0,Oracle,8.0,0.0,128,10;11;12;13;14;15;16;17;18;19;20;21;22;23;24;25,10;11;12;13;14;15;16;17;18;19;20;21;22;23;24;25,16,0,0
controlled-3336,controlled,hit_87.5,lead_8/rep_12,13,0,0,No-Selected-Prefetch,8.0,0.0,128,10;11;12;13;14;15;16;17;18;19;20;21;22;23;24;25,,0,0,16
controlled-3337,controlled,hit_87.5,lead_8/rep_12,13,0,0,History-Last1,8.0,0.0,128,10;11;12;13;14;15;16;17;18;19;20;21;22;23;24;25,0;1;10;11;12;13;14;15;16;17;18;19;20;21;22;23,14,2,2
controlled-3338,controlled,hit_87.5,lead_8/rep_12,13,0,0,Oracle,8.0,0.0,128,10;11;12;13;14;15;16;17;18;19;20;21;22;23;24;25,10;11;12;13;14;15;16;17;18;19;20;21;22;23;24;25,16,0,0
controlled-3339,controlled,hit_87.5,lead_8/rep_13,14,0,0,No-Selected-Prefetch,8.0,0.0,128,10;11;12;13;14;15;16;17;18;19;20;21;22;23;24;25,,0,0,16
controlled-3340,controlled,hit_87.5,lead_8/rep_13,14,0,0,History-Last1,8.0,0.0,128,10;11;12;13;14;15;16;17;18;19;20;21;22;23;24;25,0;1;10;11;12;13;14;15;16;17;18;19;20;21;22;23,14,2,2
controlled-3341,controlled,hit_87.5,lead_8/rep_13,14,0,0,Oracle,8.0,0.0,128,10;11;12;13;14;15;16;17;18;19;20;21;22;23;24;25,10;11;12;13;14;15;16;17;18;19;20;21;22;23;24;25,16,0,0
controlled-3342,controlled,hit_87.5,lead_8/rep_14,15,0,0,No-Selected-Prefetch,8.0,0.0,128,10;11;12;13;14;15;16;17;18;19;20;21;22;23;24;25,,0,0,16
controlled-3343,controlled,hit_87.5,lead_8/rep_14,15,0,0,History-Last1,8.0,0.0,128,10;11;12;13;14;15;16;17;18;19;20;21;22;23;24;25,0;1;10;11;12;13;14;15;16;17;18;19;20;21;22;23,14,2,2
controlled-3344,controlled,hit_87.5,lead_8/rep_14,15,0,0,Oracle,8.0,0.0,128,10;11;12;13;14;15;16;17;18;19;20;21;22;23;24;25,10;11;12;13;14;15;16;17;18;19;20;21;22;23;24;25,16,0,0
controlled-3345,controlled,hit_87.5,lead_8/rep_15,16,0,0,No-Selected-Prefetch,8.0,0.0,128,10;11;12;13;14;15;16;17;18;19;20;21;22;23;24;25,,0,0,16
controlled-3346,controlled,hit_87.5,lead_8/rep_15,16,0,0,History-Last1,8.0,0.0,128,10;11;12;13;14;15;16;17;18;19;20;21;22;23;24;25,0;1;10;11;12;13;14;15;16;17;18;19;20;21;22;23,14,2,2
controlled-3347,controlled,hit_87.5,lead_8/rep_15,16,0,0,Oracle,8.0,0.0,128,10;11;12;13;14;15;16;17;18;19;20;21;22;23;24;25,10;11;12;13;14;15;16;17;18;19;20;21;22;23;24;25,16,0,0
controlled-3348,controlled,hit_87.5,lead_8/rep_16,17,0,0,No-Selected-Prefetch,8.0,0.0,128,10;11;12;13;14;15;16;17;18;19;20;21;22;23;24;25,,0,0,16
controlled-3349,controlled,hit_87.5,lead_8/rep_16,17,0,0,History-Last1,8.0,0.0,128,10;11;12;13;14;15;16;17;18;19;20;21;22;23;24;25,0;1;10;11;12;13;14;15;16;17;18;19;20;21;22;23,14,2,2
controlled-3350,controlled,hit_87.5,lead_8/rep_16,17,0,0,Oracle,8.0,0.0,128,10;11;12;13;14;15;16;17;18;19;20;21;22;23;24;25,10;11;12;13;14;15;16;17;18;19;20;21;22;23;24;25,16,0,0
controlled-3351,controlled,hit_87.5,lead_8/rep_17,18,0,0,No-Selected-Prefetch,8.0,0.0,128,10;11;12;13;14;15;16;17;18;19;20;21;22;23;24;25,,0,0,16
controlled-3352,controlled,hit_87.5,lead_8/rep_17,18,0,0,History-Last1,8.0,0.0,128,10;11;12;13;14;15;16;17;18;19;20;21;22;23;24;25,0;1;10;11;12;13;14;15;16;17;18;19;20;21;22;23,14,2,2
controlled-3353,controlled,hit_87.5,lead_8/rep_17,18,0,0,Oracle,8.0,0.0,128,10;11;12;13;14;15;16;17;18;19;20;21;22;23;24;25,10;11;12;13;14;15;16;17;18;19;20;21;22;23;24;25,16,0,0
controlled-3354,controlled,hit_87.5,lead_8/rep_18,19,0,0,No-Selected-Prefetch,8.0,0.0,128,10;11;12;13;14;15;16;17;18;19;20;21;22;23;24;25,,0,0,16
controlled-3355,controlled,hit_87.5,lead_8/rep_18,19,0,0,History-Last1,8.0,0.0,128,10;11;12;13;14;15;16;17;18;19;20;21;22;23;24;25,0;1;10;11;12;13;14;15;16;17;18;19;20;21;22;23,14,2,2
controlled-3356,controlled,hit_87.5,lead_8/rep_18,19,0,0,Oracle,8.0,0.0,128,10;11;12;13;14;15;16;17;18;19;20;21;22;23;24;25,10;11;12;13;14;15;16;17;18;19;20;21;22;23;24;25,16,0,0
controlled-3357,controlled,hit_87.5,lead_8/rep_19,20,0,0,No-Selected-Prefetch,8.0,0.0,128,10;11;12;13;14;15;16;17;18;19;20;21;22;23;24;25,,0,0,16
controlled-3358,controlled,hit_87.5,lead_8/rep_19,20,0,0,History-Last1,8.0,0.0,128,10;11;12;13;14;15;16;17;18;19;20;21;22;23;24;25,0;1;10;11;12;13;14;15;16;17;18;19;20;21;22;23,14,2,2
controlled-3359,controlled,hit_87.5,lead_8/rep_19,20,0,0,Oracle,8.0,0.0,128,10;11;12;13;14;15;16;17;18;19;20;21;22;23;24;25,10;11;12;13;14;15;16;17;18;19;20;21;22;23;24;25,16,0,0
controlled-3360,controlled,hit_93.75,lead_0/rep_0,1,0,0,No-Selected-Prefetch,0.0,0.0,128,10;11;12;13;14;15;16;17;18;19;20;21;22;23;24;25,,0,0,16
controlled-3361,controlled,hit_93.75,lead_0/rep_0,1,0,0,History-Last1,0.0,0.0,128,10;11;12;13;14;15;16;17;18;19;20;21;22;23;24;25,0;10;11;12;13;14;15;16;17;18;19;20;21;22;23;24,15,1,1
controlled-3362,controlled,hit_93.75,lead_0/rep_0,1,0,0,Oracle,0.0,0.0,128,10;11;12;13;14;15;16;17;18;19;20;21;22;23;24;25,10;11;12;13;14;15;16;17;18;19;20;21;22;23;24;25,16,0,0
controlled-3363,controlled,hit_93.75,lead_0/rep_1,2,0,0,No-Selected-Prefetch,0.0,0.0,128,10;11;12;13;14;15;16;17;18;19;20;21;22;23;24;25,,0,0,16
controlled-3364,controlled,hit_93.75,lead_0/rep_1,2,0,0,History-Last1,0.0,0.0,128,10;11;12;13;14;15;16;17;18;19;20;21;22;23;24;25,0;10;11;12;13;14;15;16;17;18;19;20;21;22;23;24,15,1,1
controlled-3365,controlled,hit_93.75,lead_0/rep_1,2,0,0,Oracle,0.0,0.0,128,10;11;12;13;14;15;16;17;18;19;20;21;22;23;24;25,10;11;12;13;14;15;16;17;18;19;20;21;22;23;24;25,16,0,0
controlled-3366,controlled,hit_93.75,lead_0/rep_2,3,0,0,No-Selected-Prefetch,0.0,0.0,128,10;11;12;13;14;15;16;17;18;19;20;21;22;23;24;25,,0,0,16
controlled-3367,controlled,hit_93.75,lead_0/rep_2,3,0,0,History-Last1,0.0,0.0,128,10;11;12;13;14;15;16;17;18;19;20;21;22;23;24;25,0;10;11;12;13;14;15;16;17;18;19;20;21;22;23;24,15,1,1
controlled-3368,controlled,hit_93.75,lead_0/rep_2,3,0,0,Oracle,0.0,0.0,128,10;11;12;13;14;15;16;17;18;19;20;21;22;23;24;25,10;11;12;13;14;15;16;17;18;19;20;21;22;23;24;25,16,0,0
controlled-3369,controlled,hit_93.75,lead_0/rep_3,4,0,0,No-Selected-Prefetch,0.0,0.0,128,10;11;12;13;14;15;16;17;18;19;20;21;22;23;24;25,,0,0,16
controlled-3370,controlled,hit_93.75,lead_0/rep_3,4,0,0,History-Last1,0.0,0.0,128,10;11;12;13;14;15;16;17;18;19;20;21;22;23;24;25,0;10;11;12;13;14;15;16;17;18;19;20;21;22;23;24,15,1,1
controlled-3371,controlled,hit_93.75,lead_0/rep_3,4,0,0,Oracle,0.0,0.0,128,10;11;12;13;14;15;16;17;18;19;20;21;22;23;24;25,10;11;12;13;14;15;16;17;18;19;20;21;22;23;24;25,16,0,0
controlled-3372,controlled,hit_93.75,lead_0/rep_4,5,0,0,No-Selected-Prefetch,0.0,0.0,128,10;11;12;13;14;15;16;17;18;19;20;21;22;23;24;25,,0,0,16
controlled-3373,controlled,hit_93.75,lead_0/rep_4,5,0,0,History-Last1,0.0,0.0,128,10;11;12;13;14;15;16;17;18;19;20;21;22;23;24;25,0;10;11;12;13;14;15;16;17;18;19;20;21;22;23;24,15,1,1
controlled-3374,controlled,hit_93.75,lead_0/rep_4,5,0,0,Oracle,0.0,0.0,128,10;11;12;13;14;15;16;17;18;19;20;21;22;23;24;25,10;11;12;13;14;15;16;17;18;19;20;21;22;23;24;25,16,0,0
controlled-3375,controlled,hit_93.75,lead_0/rep_5,6,0,0,No-Selected-Prefetch,0.0,0.0,128,10;11;12;13;14;15;16;17;18;19;20;21;22;23;24;25,,0,0,16
controlled-3376,controlled,hit_93.75,lead_0/rep_5,6,0,0,History-Last1,0.0,0.0,128,10;11;12;13;14;15;16;17;18;19;20;21;22;23;24;25,0;10;11;12;13;14;15;16;17;18;19;20;21;22;23;24,15,1,1
controlled-3377,controlled,hit_93.75,lead_0/rep_5,6,0,0,Oracle,0.0,0.0,128,10;11;12;13;14;15;16;17;18;19;20;21;22;23;24;25,10;11;12;13;14;15;16;17;18;19;20;21;22;23;24;25,16,0,0
controlled-3378,controlled,hit_93.75,lead_0/rep_6,7,0,0,No-Selected-Prefetch,0.0,0.0,128,10;11;12;13;14;15;16;17;18;19;20;21;22;23;24;25,,0,0,16
controlled-3379,controlled,hit_93.75,lead_0/rep_6,7,0,0,History-Last1,0.0,0.0,128,10;11;12;13;14;15;16;17;18;19;20;21;22;23;24;25,0;10;11;12;13;14;15;16;17;18;19;20;21;22;23;24,15,1,1
controlled-3380,controlled,hit_93.75,lead_0/rep_6,7,0,0,Oracle,0.0,0.0,128,10;11;12;13;14;15;16;17;18;19;20;21;22;23;24;25,10;11;12;13;14;15;16;17;18;19;20;21;22;23;24;25,16,0,0
controlled-3381,controlled,hit_93.75,lead_0/rep_7,8,0,0,No-Selected-Prefetch,0.0,0.0,128,10;11;12;13;14;15;16;17;18;19;20;21;22;23;24;25,,0,0,16
controlled-3382,controlled,hit_93.75,lead_0/rep_7,8,0,0,History-Last1,0.0,0.0,128,10;11;12;13;14;15;16;17;18;19;20;21;22;23;24;25,0;10;11;12;13;14;15;16;17;18;19;20;21;22;23;24,15,1,1
controlled-3383,controlled,hit_93.75,lead_0/rep_7,8,0,0,Oracle,0.0,0.0,128,10;11;12;13;14;15;16;17;18;19;20;21;22;23;24;25,10;11;12;13;14;15;16;17;18;19;20;21;22;23;24;25,16,0,0
controlled-3384,controlled,hit_93.75,lead_0/rep_8,9,0,0,No-Selected-Prefetch,0.0,0.0,128,10;11;12;13;14;15;16;17;18;19;20;21;22;23;24;25,,0,0,16
controlled-3385,controlled,hit_93.75,lead_0/rep_8,9,0,0,History-Last1,0.0,0.0,128,10;11;12;13;14;15;16;17;18;19;20;21;22;23;24;25,0;10;11;12;13;14;15;16;17;18;19;20;21;22;23;24,15,1,1
controlled-3386,controlled,hit_93.75,lead_0/rep_8,9,0,0,Oracle,0.0,0.0,128,10;11;12;13;14;15;16;17;18;19;20;21;22;23;24;25,10;11;12;13;14;15;16;17;18;19;20;21;22;23;24;25,16,0,0
controlled-3387,controlled,hit_93.75,lead_0/rep_9,10,0,0,No-Selected-Prefetch,0.0,0.0,128,10;11;12;13;14;15;16;17;18;19;20;21;22;23;24;25,,0,0,16
controlled-3388,controlled,hit_93.75,lead_0/rep_9,10,0,0,History-Last1,0.0,0.0,128,10;11;12;13;14;15;16;17;18;19;20;21;22;23;24;25,0;10;11;12;13;14;15;16;17;18;19;20;21;22;23;24,15,1,1
controlled-3389,controlled,hit_93.75,lead_0/rep_9,10,0,0,Oracle,0.0,0.0,128,10;11;12;13;14;15;16;17;18;19;20;21;22;23;24;25,10;11;12;13;14;15;16;17;18;19;20;21;22;23;24;25,16,0,0
controlled-3390,controlled,hit_93.75,lead_0/rep_10,11,0,0,No-Selected-Prefetch,0.0,0.0,128,10;11;12;13;14;15;16;17;18;19;20;21;22;23;24;25,,0,0,16
controlled-3391,controlled,hit_93.75,lead_0/rep_10,11,0,0,History-Last1,0.0,0.0,128,10;11;12;13;14;15;16;17;18;19;20;21;22;23;24;25,0;10;11;12;13;14;15;16;17;18;19;20;21;22;23;24,15,1,1
controlled-3392,controlled,hit_93.75,lead_0/rep_10,11,0,0,Oracle,0.0,0.0,128,10;11;12;13;14;15;16;17;18;19;20;21;22;23;24;25,10;11;12;13;14;15;16;17;18;19;20;21;22;23;24;25,16,0,0
controlled-3393,controlled,hit_93.75,lead_0/rep_11,12,0,0,No-Selected-Prefetch,0.0,0.0,128,10;11;12;13;14;15;16;17;18;19;20;21;22;23;24;25,,0,0,16
controlled-3394,controlled,hit_93.75,lead_0/rep_11,12,0,0,History-Last1,0.0,0.0,128,10;11;12;13;14;15;16;17;18;19;20;21;22;23;24;25,0;10;11;12;13;14;15;16;17;18;19;20;21;22;23;24,15,1,1
controlled-3395,controlled,hit_93.75,lead_0/rep_11,12,0,0,Oracle,0.0,0.0,128,10;11;12;13;14;15;16;17;18;19;20;21;22;23;24;25,10;11;12;13;14;15;16;17;18;19;20;21;22;23;24;25,16,0,0
controlled-3396,controlled,hit_93.75,lead_0/rep_12,13,0,0,No-Selected-Prefetch,0.0,0.0,128,10;11;12;13;14;15;16;17;18;19;20;21;22;23;24;25,,0,0,16
controlled-3397,controlled,hit_93.75,lead_0/rep_12,13,0,0,History-Last1,0.0,0.0,128,10;11;12;13;14;15;16;17;18;19;20;21;22;23;24;25,0;10;11;12;13;14;15;16;17;18;19;20;21;22;23;24,15,1,1
controlled-3398,controlled,hit_93.75,lead_0/rep_12,13,0,0,Oracle,0.0,0.0,128,10;11;12;13;14;15;16;17;18;19;20;21;22;23;24;25,10;11;12;13;14;15;16;17;18;19;20;21;22;23;24;25,16,0,0
controlled-3399,controlled,hit_93.75,lead_0/rep_13,14,0,0,No-Selected-Prefetch,0.0,0.0,128,10;11;12;13;14;15;16;17;18;19;20;21;22;23;24;25,,0,0,16
controlled-3400,controlled,hit_93.75,lead_0/rep_13,14,0,0,History-Last1,0.0,0.0,128,10;11;12;13;14;15;16;17;18;19;20;21;22;23;24;25,0;10;11;12;13;14;15;16;17;18;19;20;21;22;23;24,15,1,1
controlled-3401,controlled,hit_93.75,lead_0/rep_13,14,0,0,Oracle,0.0,0.0,128,10;11;12;13;14;15;16;17;18;19;20;21;22;23;24;25,10;11;12;13;14;15;16;17;18;19;20;21;22;23;24;25,16,0,0
controlled-3402,controlled,hit_93.75,lead_0/rep_14,15,0,0,No-Selected-Prefetch,0.0,0.0,128,10;11;12;13;14;15;16;17;18;19;20;21;22;23;24;25,,0,0,16
controlled-3403,controlled,hit_93.75,lead_0/rep_14,15,0,0,History-Last1,0.0,0.0,128,10;11;12;13;14;15;16;17;18;19;20;21;22;23;24;25,0;10;11;12;13;14;15;16;17;18;19;20;21;22;23;24,15,1,1
controlled-3404,controlled,hit_93.75,lead_0/rep_14,15,0,0,Oracle,0.0,0.0,128,10;11;12;13;14;15;16;17;18;19;20;21;22;23;24;25,10;11;12;13;14;15;16;17;18;19;20;21;22;23;24;25,16,0,0
controlled-3405,controlled,hit_93.75,lead_0/rep_15,16,0,0,No-Selected-Prefetch,0.0,0.0,128,10;11;12;13;14;15;16;17;18;19;20;21;22;23;24;25,,0,0,16
controlled-3406,controlled,hit_93.75,lead_0/rep_15,16,0,0,History-Last1,0.0,0.0,128,10;11;12;13;14;15;16;17;18;19;20;21;22;23;24;25,0;10;11;12;13;14;15;16;17;18;19;20;21;22;23;24,15,1,1
controlled-3407,controlled,hit_93.75,lead_0/rep_15,16,0,0,Oracle,0.0,0.0,128,10;11;12;13;14;15;16;17;18;19;20;21;22;23;24;25,10;11;12;13;14;15;16;17;18;19;20;21;22;23;24;25,16,0,0
controlled-3408,controlled,hit_93.75,lead_0/rep_16,17,0,0,No-Selected-Prefetch,0.0,0.0,128,10;11;12;13;14;15;16;17;18;19;20;21;22;23;24;25,,0,0,16
controlled-3409,controlled,hit_93.75,lead_0/rep_16,17,0,0,History-Last1,0.0,0.0,128,10;11;12;13;14;15;16;17;18;19;20;21;22;23;24;25,0;10;11;12;13;14;15;16;17;18;19;20;21;22;23;24,15,1,1
controlled-3410,controlled,hit_93.75,lead_0/rep_16,17,0,0,Oracle,0.0,0.0,128,10;11;12;13;14;15;16;17;18;19;20;21;22;23;24;25,10;11;12;13;14;15;16;17;18;19;20;21;22;23;24;25,16,0,0
controlled-3411,controlled,hit_93.75,lead_0/rep_17,18,0,0,No-Selected-Prefetch,0.0,0.0,128,10;11;12;13;14;15;16;17;18;19;20;21;22;23;24;25,,0,0,16
controlled-3412,controlled,hit_93.75,lead_0/rep_17,18,0,0,History-Last1,0.0,0.0,128,10;11;12;13;14;15;16;17;18;19;20;21;22;23;24;25,0;10;11;12;13;14;15;16;17;18;19;20;21;22;23;24,15,1,1
controlled-3413,controlled,hit_93.75,lead_0/rep_17,18,0,0,Oracle,0.0,0.0,128,10;11;12;13;14;15;16;17;18;19;20;21;22;23;24;25,10;11;12;13;14;15;16;17;18;19;20;21;22;23;24;25,16,0,0
controlled-3414,controlled,hit_93.75,lead_0/rep_18,19,0,0,No-Selected-Prefetch,0.0,0.0,128,10;11;12;13;14;15;16;17;18;19;20;21;22;23;24;25,,0,0,16
controlled-3415,controlled,hit_93.75,lead_0/rep_18,19,0,0,History-Last1,0.0,0.0,128,10;11;12;13;14;15;16;17;18;19;20;21;22;23;24;25,0;10;11;12;13;14;15;16;17;18;19;20;21;22;23;24,15,1,1
controlled-3416,controlled,hit_93.75,lead_0/rep_18,19,0,0,Oracle,0.0,0.0,128,10;11;12;13;14;15;16;17;18;19;20;21;22;23;24;25,10;11;12;13;14;15;16;17;18;19;20;21;22;23;24;25,16,0,0
controlled-3417,controlled,hit_93.75,lead_0/rep_19,20,0,0,No-Selected-Prefetch,0.0,0.0,128,10;11;12;13;14;15;16;17;18;19;20;21;22;23;24;25,,0,0,16
controlled-3418,controlled,hit_93.75,lead_0/rep_19,20,0,0,History-Last1,0.0,0.0,128,10;11;12;13;14;15;16;17;18;19;20;21;22;23;24;25,0;10;11;12;13;14;15;16;17;18;19;20;21;22;23;24,15,1,1
controlled-3419,controlled,hit_93.75,lead_0/rep_19,20,0,0,Oracle,0.0,0.0,128,10;11;12;13;14;15;16;17;18;19;20;21;22;23;24;25,10;11;12;13;14;15;16;17;18;19;20;21;22;23;24;25,16,0,0
controlled-3420,controlled,hit_93.75,lead_0.25/rep_0,1,0,0,No-Selected-Prefetch,0.25,0.0,128,10;11;12;13;14;15;16;17;18;19;20;21;22;23;24;25,,0,0,16
controlled-3421,controlled,hit_93.75,lead_0.25/rep_0,1,0,0,History-Last1,0.25,0.0,128,10;11;12;13;14;15;16;17;18;19;20;21;22;23;24;25,0;10;11;12;13;14;15;16;17;18;19;20;21;22;23;24,15,1,1
controlled-3422,controlled,hit_93.75,lead_0.25/rep_0,1,0,0,Oracle,0.25,0.0,128,10;11;12;13;14;15;16;17;18;19;20;21;22;23;24;25,10;11;12;13;14;15;16;17;18;19;20;21;22;23;24;25,16,0,0
controlled-3423,controlled,hit_93.75,lead_0.25/rep_1,2,0,0,No-Selected-Prefetch,0.25,0.0,128,10;11;12;13;14;15;16;17;18;19;20;21;22;23;24;25,,0,0,16
controlled-3424,controlled,hit_93.75,lead_0.25/rep_1,2,0,0,History-Last1,0.25,0.0,128,10;11;12;13;14;15;16;17;18;19;20;21;22;23;24;25,0;10;11;12;13;14;15;16;17;18;19;20;21;22;23;24,15,1,1
controlled-3425,controlled,hit_93.75,lead_0.25/rep_1,2,0,0,Oracle,0.25,0.0,128,10;11;12;13;14;15;16;17;18;19;20;21;22;23;24;25,10;11;12;13;14;15;16;17;18;19;20;21;22;23;24;25,16,0,0
controlled-3426,controlled,hit_93.75,lead_0.25/rep_2,3,0,0,No-Selected-Prefetch,0.25,0.0,128,10;11;12;13;14;15;16;17;18;19;20;21;22;23;24;25,,0,0,16
controlled-3427,controlled,hit_93.75,lead_0.25/rep_2,3,0,0,History-Last1,0.25,0.0,128,10;11;12;13;14;15;16;17;18;19;20;21;22;23;24;25,0;10;11;12;13;14;15;16;17;18;19;20;21;22;23;24,15,1,1
controlled-3428,controlled,hit_93.75,lead_0.25/rep_2,3,0,0,Oracle,0.25,0.0,128,10;11;12;13;14;15;16;17;18;19;20;21;22;23;24;25,10;11;12;13;14;15;16;17;18;19;20;21;22;23;24;25,16,0,0
controlled-3429,controlled,hit_93.75,lead_0.25/rep_3,4,0,0,No-Selected-Prefetch,0.25,0.0,128,10;11;12;13;14;15;16;17;18;19;20;21;22;23;24;25,,0,0,16
controlled-3430,controlled,hit_93.75,lead_0.25/rep_3,4,0,0,History-Last1,0.25,0.0,128,10;11;12;13;14;15;16;17;18;19;20;21;22;23;24;25,0;10;11;12;13;14;15;16;17;18;19;20;21;22;23;24,15,1,1
controlled-3431,controlled,hit_93.75,lead_0.25/rep_3,4,0,0,Oracle,0.25,0.0,128,10;11;12;13;14;15;16;17;18;19;20;21;22;23;24;25,10;11;12;13;14;15;16;17;18;19;20;21;22;23;24;25,16,0,0
controlled-3432,controlled,hit_93.75,lead_0.25/rep_4,5,0,0,No-Selected-Prefetch,0.25,0.0,128,10;11;12;13;14;15;16;17;18;19;20;21;22;23;24;25,,0,0,16
controlled-3433,controlled,hit_93.75,lead_0.25/rep_4,5,0,0,History-Last1,0.25,0.0,128,10;11;12;13;14;15;16;17;18;19;20;21;22;23;24;25,0;10;11;12;13;14;15;16;17;18;19;20;21;22;23;24,15,1,1
controlled-3434,controlled,hit_93.75,lead_0.25/rep_4,5,0,0,Oracle,0.25,0.0,128,10;11;12;13;14;15;16;17;18;19;20;21;22;23;24;25,10;11;12;13;14;15;16;17;18;19;20;21;22;23;24;25,16,0,0
controlled-3435,controlled,hit_93.75,lead_0.25/rep_5,6,0,0,No-Selected-Prefetch,0.25,0.0,128,10;11;12;13;14;15;16;17;18;19;20;21;22;23;24;25,,0,0,16
controlled-3436,controlled,hit_93.75,lead_0.25/rep_5,6,0,0,History-Last1,0.25,0.0,128,10;11;12;13;14;15;16;17;18;19;20;21;22;23;24;25,0;10;11;12;13;14;15;16;17;18;19;20;21;22;23;24,15,1,1
controlled-3437,controlled,hit_93.75,lead_0.25/rep_5,6,0,0,Oracle,0.25,0.0,128,10;11;12;13;14;15;16;17;18;19;20;21;22;23;24;25,10;11;12;13;14;15;16;17;18;19;20;21;22;23;24;25,16,0,0
controlled-3438,controlled,hit_93.75,lead_0.25/rep_6,7,0,0,No-Selected-Prefetch,0.25,0.0,128,10;11;12;13;14;15;16;17;18;19;20;21;22;23;24;25,,0,0,16
controlled-3439,controlled,hit_93.75,lead_0.25/rep_6,7,0,0,History-Last1,0.25,0.0,128,10;11;12;13;14;15;16;17;18;19;20;21;22;23;24;25,0;10;11;12;13;14;15;16;17;18;19;20;21;22;23;24,15,1,1
controlled-3440,controlled,hit_93.75,lead_0.25/rep_6,7,0,0,Oracle,0.25,0.0,128,10;11;12;13;14;15;16;17;18;19;20;21;22;23;24;25,10;11;12;13;14;15;16;17;18;19;20;21;22;23;24;25,16,0,0
controlled-3441,controlled,hit_93.75,lead_0.25/rep_7,8,0,0,No-Selected-Prefetch,0.25,0.0,128,10;11;12;13;14;15;16;17;18;19;20;21;22;23;24;25,,0,0,16
controlled-3442,controlled,hit_93.75,lead_0.25/rep_7,8,0,0,History-Last1,0.25,0.0,128,10;11;12;13;14;15;16;17;18;19;20;21;22;23;24;25,0;10;11;12;13;14;15;16;17;18;19;20;21;22;23;24,15,1,1
controlled-3443,controlled,hit_93.75,lead_0.25/rep_7,8,0,0,Oracle,0.25,0.0,128,10;11;12;13;14;15;16;17;18;19;20;21;22;23;24;25,10;11;12;13;14;15;16;17;18;19;20;21;22;23;24;25,16,0,0
controlled-3444,controlled,hit_93.75,lead_0.25/rep_8,9,0,0,No-Selected-Prefetch,0.25,0.0,128,10;11;12;13;14;15;16;17;18;19;20;21;22;23;24;25,,0,0,16
controlled-3445,controlled,hit_93.75,lead_0.25/rep_8,9,0,0,History-Last1,0.25,0.0,128,10;11;12;13;14;15;16;17;18;19;20;21;22;23;24;25,0;10;11;12;13;14;15;16;17;18;19;20;21;22;23;24,15,1,1
controlled-3446,controlled,hit_93.75,lead_0.25/rep_8,9,0,0,Oracle,0.25,0.0,128,10;11;12;13;14;15;16;17;18;19;20;21;22;23;24;25,10;11;12;13;14;15;16;17;18;19;20;21;22;23;24;25,16,0,0
controlled-3447,controlled,hit_93.75,lead_0.25/rep_9,10,0,0,No-Selected-Prefetch,0.25,0.0,128,10;11;12;13;14;15;16;17;18;19;20;21;22;23;24;25,,0,0,16
controlled-3448,controlled,hit_93.75,lead_0.25/rep_9,10,0,0,History-Last1,0.25,0.0,128,10;11;12;13;14;15;16;17;18;19;20;21;22;23;24;25,0;10;11;12;13;14;15;16;17;18;19;20;21;22;23;24,15,1,1
controlled-3449,controlled,hit_93.75,lead_0.25/rep_9,10,0,0,Oracle,0.25,0.0,128,10;11;12;13;14;15;16;17;18;19;20;21;22;23;24;25,10;11;12;13;14;15;16;17;18;19;20;21;22;23;24;25,16,0,0
controlled-3450,controlled,hit_93.75,lead_0.25/rep_10,11,0,0,No-Selected-Prefetch,0.25,0.0,128,10;11;12;13;14;15;16;17;18;19;20;21;22;23;24;25,,0,0,16
controlled-3451,controlled,hit_93.75,lead_0.25/rep_10,11,0,0,History-Last1,0.25,0.0,128,10;11;12;13;14;15;16;17;18;19;20;21;22;23;24;25,0;10;11;12;13;14;15;16;17;18;19;20;21;22;23;24,15,1,1
controlled-3452,controlled,hit_93.75,lead_0.25/rep_10,11,0,0,Oracle,0.25,0.0,128,10;11;12;13;14;15;16;17;18;19;20;21;22;23;24;25,10;11;12;13;14;15;16;17;18;19;20;21;22;23;24;25,16,0,0
controlled-3453,controlled,hit_93.75,lead_0.25/rep_11,12,0,0,No-Selected-Prefetch,0.25,0.0,128,10;11;12;13;14;15;16;17;18;19;20;21;22;23;24;25,,0,0,16
controlled-3454,controlled,hit_93.75,lead_0.25/rep_11,12,0,0,History-Last1,0.25,0.0,128,10;11;12;13;14;15;16;17;18;19;20;21;22;23;24;25,0;10;11;12;13;14;15;16;17;18;19;20;21;22;23;24,15,1,1
controlled-3455,controlled,hit_93.75,lead_0.25/rep_11,12,0,0,Oracle,0.25,0.0,128,10;11;12;13;14;15;16;17;18;19;20;21;22;23;24;25,10;11;12;13;14;15;16;17;18;19;20;21;22;23;24;25,16,0,0
controlled-3456,controlled,hit_93.75,lead_0.25/rep_12,13,0,0,No-Selected-Prefetch,0.25,0.0,128,10;11;12;13;14;15;16;17;18;19;20;21;22;23;24;25,,0,0,16
controlled-3457,controlled,hit_93.75,lead_0.25/rep_12,13,0,0,History-Last1,0.25,0.0,128,10;11;12;13;14;15;16;17;18;19;20;21;22;23;24;25,0;10;11;12;13;14;15;16;17;18;19;20;21;22;23;24,15,1,1
controlled-3458,controlled,hit_93.75,lead_0.25/rep_12,13,0,0,Oracle,0.25,0.0,128,10;11;12;13;14;15;16;17;18;19;20;21;22;23;24;25,10;11;12;13;14;15;16;17;18;19;20;21;22;23;24;25,16,0,0
controlled-3459,controlled,hit_93.75,lead_0.25/rep_13,14,0,0,No-Selected-Prefetch,0.25,0.0,128,10;11;12;13;14;15;16;17;18;19;20;21;22;23;24;25,,0,0,16
controlled-3460,controlled,hit_93.75,lead_0.25/rep_13,14,0,0,History-Last1,0.25,0.0,128,10;11;12;13;14;15;16;17;18;19;20;21;22;23;24;25,0;10;11;12;13;14;15;16;17;18;19;20;21;22;23;24,15,1,1
controlled-3461,controlled,hit_93.75,lead_0.25/rep_13,14,0,0,Oracle,0.25,0.0,128,10;11;12;13;14;15;16;17;18;19;20;21;22;23;24;25,10;11;12;13;14;15;16;17;18;19;20;21;22;23;24;25,16,0,0
controlled-3462,controlled,hit_93.75,lead_0.25/rep_14,15,0,0,No-Selected-Prefetch,0.25,0.0,128,10;11;12;13;14;15;16;17;18;19;20;21;22;23;24;25,,0,0,16
controlled-3463,controlled,hit_93.75,lead_0.25/rep_14,15,0,0,History-Last1,0.25,0.0,128,10;11;12;13;14;15;16;17;18;19;20;21;22;23;24;25,0;10;11;12;13;14;15;16;17;18;19;20;21;22;23;24,15,1,1
controlled-3464,controlled,hit_93.75,lead_0.25/rep_14,15,0,0,Oracle,0.25,0.0,128,10;11;12;13;14;15;16;17;18;19;20;21;22;23;24;25,10;11;12;13;14;15;16;17;18;19;20;21;22;23;24;25,16,0,0
controlled-3465,controlled,hit_93.75,lead_0.25/rep_15,16,0,0,No-Selected-Prefetch,0.25,0.0,128,10;11;12;13;14;15;16;17;18;19;20;21;22;23;24;25,,0,0,16
controlled-3466,controlled,hit_93.75,lead_0.25/rep_15,16,0,0,History-Last1,0.25,0.0,128,10;11;12;13;14;15;16;17;18;19;20;21;22;23;24;25,0;10;11;12;13;14;15;16;17;18;19;20;21;22;23;24,15,1,1
controlled-3467,controlled,hit_93.75,lead_0.25/rep_15,16,0,0,Oracle,0.25,0.0,128,10;11;12;13;14;15;16;17;18;19;20;21;22;23;24;25,10;11;12;13;14;15;16;17;18;19;20;21;22;23;24;25,16,0,0
controlled-3468,controlled,hit_93.75,lead_0.25/rep_16,17,0,0,No-Selected-Prefetch,0.25,0.0,128,10;11;12;13;14;15;16;17;18;19;20;21;22;23;24;25,,0,0,16
controlled-3469,controlled,hit_93.75,lead_0.25/rep_16,17,0,0,History-Last1,0.25,0.0,128,10;11;12;13;14;15;16;17;18;19;20;21;22;23;24;25,0;10;11;12;13;14;15;16;17;18;19;20;21;22;23;24,15,1,1
controlled-3470,controlled,hit_93.75,lead_0.25/rep_16,17,0,0,Oracle,0.25,0.0,128,10;11;12;13;14;15;16;17;18;19;20;21;22;23;24;25,10;11;12;13;14;15;16;17;18;19;20;21;22;23;24;25,16,0,0
controlled-3471,controlled,hit_93.75,lead_0.25/rep_17,18,0,0,No-Selected-Prefetch,0.25,0.0,128,10;11;12;13;14;15;16;17;18;19;20;21;22;23;24;25,,0,0,16
controlled-3472,controlled,hit_93.75,lead_0.25/rep_17,18,0,0,History-Last1,0.25,0.0,128,10;11;12;13;14;15;16;17;18;19;20;21;22;23;24;25,0;10;11;12;13;14;15;16;17;18;19;20;21;22;23;24,15,1,1
controlled-3473,controlled,hit_93.75,lead_0.25/rep_17,18,0,0,Oracle,0.25,0.0,128,10;11;12;13;14;15;16;17;18;19;20;21;22;23;24;25,10;11;12;13;14;15;16;17;18;19;20;21;22;23;24;25,16,0,0
controlled-3474,controlled,hit_93.75,lead_0.25/rep_18,19,0,0,No-Selected-Prefetch,0.25,0.0,128,10;11;12;13;14;15;16;17;18;19;20;21;22;23;24;25,,0,0,16
controlled-3475,controlled,hit_93.75,lead_0.25/rep_18,19,0,0,History-Last1,0.25,0.0,128,10;11;12;13;14;15;16;17;18;19;20;21;22;23;24;25,0;10;11;12;13;14;15;16;17;18;19;20;21;22;23;24,15,1,1
controlled-3476,controlled,hit_93.75,lead_0.25/rep_18,19,0,0,Oracle,0.25,0.0,128,10;11;12;13;14;15;16;17;18;19;20;21;22;23;24;25,10;11;12;13;14;15;16;17;18;19;20;21;22;23;24;25,16,0,0
controlled-3477,controlled,hit_93.75,lead_0.25/rep_19,20,0,0,No-Selected-Prefetch,0.25,0.0,128,10;11;12;13;14;15;16;17;18;19;20;21;22;23;24;25,,0,0,16
controlled-3478,controlled,hit_93.75,lead_0.25/rep_19,20,0,0,History-Last1,0.25,0.0,128,10;11;12;13;14;15;16;17;18;19;20;21;22;23;24;25,0;10;11;12;13;14;15;16;17;18;19;20;21;22;23;24,15,1,1
controlled-3479,controlled,hit_93.75,lead_0.25/rep_19,20,0,0,Oracle,0.25,0.0,128,10;11;12;13;14;15;16;17;18;19;20;21;22;23;24;25,10;11;12;13;14;15;16;17;18;19;20;21;22;23;24;25,16,0,0
controlled-3480,controlled,hit_93.75,lead_0.5/rep_0,1,0,0,No-Selected-Prefetch,0.5,0.0,128,10;11;12;13;14;15;16;17;18;19;20;21;22;23;24;25,,0,0,16
controlled-3481,controlled,hit_93.75,lead_0.5/rep_0,1,0,0,History-Last1,0.5,0.0,128,10;11;12;13;14;15;16;17;18;19;20;21;22;23;24;25,0;10;11;12;13;14;15;16;17;18;19;20;21;22;23;24,15,1,1
controlled-3482,controlled,hit_93.75,lead_0.5/rep_0,1,0,0,Oracle,0.5,0.0,128,10;11;12;13;14;15;16;17;18;19;20;21;22;23;24;25,10;11;12;13;14;15;16;17;18;19;20;21;22;23;24;25,16,0,0
controlled-3483,controlled,hit_93.75,lead_0.5/rep_1,2,0,0,No-Selected-Prefetch,0.5,0.0,128,10;11;12;13;14;15;16;17;18;19;20;21;22;23;24;25,,0,0,16
controlled-3484,controlled,hit_93.75,lead_0.5/rep_1,2,0,0,History-Last1,0.5,0.0,128,10;11;12;13;14;15;16;17;18;19;20;21;22;23;24;25,0;10;11;12;13;14;15;16;17;18;19;20;21;22;23;24,15,1,1
controlled-3485,controlled,hit_93.75,lead_0.5/rep_1,2,0,0,Oracle,0.5,0.0,128,10;11;12;13;14;15;16;17;18;19;20;21;22;23;24;25,10;11;12;13;14;15;16;17;18;19;20;21;22;23;24;25,16,0,0
controlled-3486,controlled,hit_93.75,lead_0.5/rep_2,3,0,0,No-Selected-Prefetch,0.5,0.0,128,10;11;12;13;14;15;16;17;18;19;20;21;22;23;24;25,,0,0,16
controlled-3487,controlled,hit_93.75,lead_0.5/rep_2,3,0,0,History-Last1,0.5,0.0,128,10;11;12;13;14;15;16;17;18;19;20;21;22;23;24;25,0;10;11;12;13;14;15;16;17;18;19;20;21;22;23;24,15,1,1
controlled-3488,controlled,hit_93.75,lead_0.5/rep_2,3,0,0,Oracle,0.5,0.0,128,10;11;12;13;14;15;16;17;18;19;20;21;22;23;24;25,10;11;12;13;14;15;16;17;18;19;20;21;22;23;24;25,16,0,0
controlled-3489,controlled,hit_93.75,lead_0.5/rep_3,4,0,0,No-Selected-Prefetch,0.5,0.0,128,10;11;12;13;14;15;16;17;18;19;20;21;22;23;24;25,,0,0,16
controlled-3490,controlled,hit_93.75,lead_0.5/rep_3,4,0,0,History-Last1,0.5,0.0,128,10;11;12;13;14;15;16;17;18;19;20;21;22;23;24;25,0;10;11;12;13;14;15;16;17;18;19;20;21;22;23;24,15,1,1
controlled-3491,controlled,hit_93.75,lead_0.5/rep_3,4,0,0,Oracle,0.5,0.0,128,10;11;12;13;14;15;16;17;18;19;20;21;22;23;24;25,10;11;12;13;14;15;16;17;18;19;20;21;22;23;24;25,16,0,0
controlled-3492,controlled,hit_93.75,lead_0.5/rep_4,5,0,0,No-Selected-Prefetch,0.5,0.0,128,10;11;12;13;14;15;16;17;18;19;20;21;22;23;24;25,,0,0,16
controlled-3493,controlled,hit_93.75,lead_0.5/rep_4,5,0,0,History-Last1,0.5,0.0,128,10;11;12;13;14;15;16;17;18;19;20;21;22;23;24;25,0;10;11;12;13;14;15;16;17;18;19;20;21;22;23;24,15,1,1
controlled-3494,controlled,hit_93.75,lead_0.5/rep_4,5,0,0,Oracle,0.5,0.0,128,10;11;12;13;14;15;16;17;18;19;20;21;22;23;24;25,10;11;12;13;14;15;16;17;18;19;20;21;22;23;24;25,16,0,0
controlled-3495,controlled,hit_93.75,lead_0.5/rep_5,6,0,0,No-Selected-Prefetch,0.5,0.0,128,10;11;12;13;14;15;16;17;18;19;20;21;22;23;24;25,,0,0,16
controlled-3496,controlled,hit_93.75,lead_0.5/rep_5,6,0,0,History-Last1,0.5,0.0,128,10;11;12;13;14;15;16;17;18;19;20;21;22;23;24;25,0;10;11;12;13;14;15;16;17;18;19;20;21;22;23;24,15,1,1
controlled-3497,controlled,hit_93.75,lead_0.5/rep_5,6,0,0,Oracle,0.5,0.0,128,10;11;12;13;14;15;16;17;18;19;20;21;22;23;24;25,10;11;12;13;14;15;16;17;18;19;20;21;22;23;24;25,16,0,0
controlled-3498,controlled,hit_93.75,lead_0.5/rep_6,7,0,0,No-Selected-Prefetch,0.5,0.0,128,10;11;12;13;14;15;16;17;18;19;20;21;22;23;24;25,,0,0,16
controlled-3499,controlled,hit_93.75,lead_0.5/rep_6,7,0,0,History-Last1,0.5,0.0,128,10;11;12;13;14;15;16;17;18;19;20;21;22;23;24;25,0;10;11;12;13;14;15;16;17;18;19;20;21;22;23;24,15,1,1
controlled-3500,controlled,hit_93.75,lead_0.5/rep_6,7,0,0,Oracle,0.5,0.0,128,10;11;12;13;14;15;16;17;18;19;20;21;22;23;24;25,10;11;12;13;14;15;16;17;18;19;20;21;22;23;24;25,16,0,0
controlled-3501,controlled,hit_93.75,lead_0.5/rep_7,8,0,0,No-Selected-Prefetch,0.5,0.0,128,10;11;12;13;14;15;16;17;18;19;20;21;22;23;24;25,,0,0,16
controlled-3502,controlled,hit_93.75,lead_0.5/rep_7,8,0,0,History-Last1,0.5,0.0,128,10;11;12;13;14;15;16;17;18;19;20;21;22;23;24;25,0;10;11;12;13;14;15;16;17;18;19;20;21;22;23;24,15,1,1
controlled-3503,controlled,hit_93.75,lead_0.5/rep_7,8,0,0,Oracle,0.5,0.0,128,10;11;12;13;14;15;16;17;18;19;20;21;22;23;24;25,10;11;12;13;14;15;16;17;18;19;20;21;22;23;24;25,16,0,0
controlled-3504,controlled,hit_93.75,lead_0.5/rep_8,9,0,0,No-Selected-Prefetch,0.5,0.0,128,10;11;12;13;14;15;16;17;18;19;20;21;22;23;24;25,,0,0,16
controlled-3505,controlled,hit_93.75,lead_0.5/rep_8,9,0,0,History-Last1,0.5,0.0,128,10;11;12;13;14;15;16;17;18;19;20;21;22;23;24;25,0;10;11;12;13;14;15;16;17;18;19;20;21;22;23;24,15,1,1
controlled-3506,controlled,hit_93.75,lead_0.5/rep_8,9,0,0,Oracle,0.5,0.0,128,10;11;12;13;14;15;16;17;18;19;20;21;22;23;24;25,10;11;12;13;14;15;16;17;18;19;20;21;22;23;24;25,16,0,0
controlled-3507,controlled,hit_93.75,lead_0.5/rep_9,10,0,0,No-Selected-Prefetch,0.5,0.0,128,10;11;12;13;14;15;16;17;18;19;20;21;22;23;24;25,,0,0,16
controlled-3508,controlled,hit_93.75,lead_0.5/rep_9,10,0,0,History-Last1,0.5,0.0,128,10;11;12;13;14;15;16;17;18;19;20;21;22;23;24;25,0;10;11;12;13;14;15;16;17;18;19;20;21;22;23;24,15,1,1
controlled-3509,controlled,hit_93.75,lead_0.5/rep_9,10,0,0,Oracle,0.5,0.0,128,10;11;12;13;14;15;16;17;18;19;20;21;22;23;24;25,10;11;12;13;14;15;16;17;18;19;20;21;22;23;24;25,16,0,0
controlled-3510,controlled,hit_93.75,lead_0.5/rep_10,11,0,0,No-Selected-Prefetch,0.5,0.0,128,10;11;12;13;14;15;16;17;18;19;20;21;22;23;24;25,,0,0,16
controlled-3511,controlled,hit_93.75,lead_0.5/rep_10,11,0,0,History-Last1,0.5,0.0,128,10;11;12;13;14;15;16;17;18;19;20;21;22;23;24;25,0;10;11;12;13;14;15;16;17;18;19;20;21;22;23;24,15,1,1
controlled-3512,controlled,hit_93.75,lead_0.5/rep_10,11,0,0,Oracle,0.5,0.0,128,10;11;12;13;14;15;16;17;18;19;20;21;22;23;24;25,10;11;12;13;14;15;16;17;18;19;20;21;22;23;24;25,16,0,0
controlled-3513,controlled,hit_93.75,lead_0.5/rep_11,12,0,0,No-Selected-Prefetch,0.5,0.0,128,10;11;12;13;14;15;16;17;18;19;20;21;22;23;24;25,,0,0,16
controlled-3514,controlled,hit_93.75,lead_0.5/rep_11,12,0,0,History-Last1,0.5,0.0,128,10;11;12;13;14;15;16;17;18;19;20;21;22;23;24;25,0;10;11;12;13;14;15;16;17;18;19;20;21;22;23;24,15,1,1
controlled-3515,controlled,hit_93.75,lead_0.5/rep_11,12,0,0,Oracle,0.5,0.0,128,10;11;12;13;14;15;16;17;18;19;20;21;22;23;24;25,10;11;12;13;14;15;16;17;18;19;20;21;22;23;24;25,16,0,0
controlled-3516,controlled,hit_93.75,lead_0.5/rep_12,13,0,0,No-Selected-Prefetch,0.5,0.0,128,10;11;12;13;14;15;16;17;18;19;20;21;22;23;24;25,,0,0,16
controlled-3517,controlled,hit_93.75,lead_0.5/rep_12,13,0,0,History-Last1,0.5,0.0,128,10;11;12;13;14;15;16;17;18;19;20;21;22;23;24;25,0;10;11;12;13;14;15;16;17;18;19;20;21;22;23;24,15,1,1
controlled-3518,controlled,hit_93.75,lead_0.5/rep_12,13,0,0,Oracle,0.5,0.0,128,10;11;12;13;14;15;16;17;18;19;20;21;22;23;24;25,10;11;12;13;14;15;16;17;18;19;20;21;22;23;24;25,16,0,0
controlled-3519,controlled,hit_93.75,lead_0.5/rep_13,14,0,0,No-Selected-Prefetch,0.5,0.0,128,10;11;12;13;14;15;16;17;18;19;20;21;22;23;24;25,,0,0,16
controlled-3520,controlled,hit_93.75,lead_0.5/rep_13,14,0,0,History-Last1,0.5,0.0,128,10;11;12;13;14;15;16;17;18;19;20;21;22;23;24;25,0;10;11;12;13;14;15;16;17;18;19;20;21;22;23;24,15,1,1
controlled-3521,controlled,hit_93.75,lead_0.5/rep_13,14,0,0,Oracle,0.5,0.0,128,10;11;12;13;14;15;16;17;18;19;20;21;22;23;24;25,10;11;12;13;14;15;16;17;18;19;20;21;22;23;24;25,16,0,0
controlled-3522,controlled,hit_93.75,lead_0.5/rep_14,15,0,0,No-Selected-Prefetch,0.5,0.0,128,10;11;12;13;14;15;16;17;18;19;20;21;22;23;24;25,,0,0,16
controlled-3523,controlled,hit_93.75,lead_0.5/rep_14,15,0,0,History-Last1,0.5,0.0,128,10;11;12;13;14;15;16;17;18;19;20;21;22;23;24;25,0;10;11;12;13;14;15;16;17;18;19;20;21;22;23;24,15,1,1
controlled-3524,controlled,hit_93.75,lead_0.5/rep_14,15,0,0,Oracle,0.5,0.0,128,10;11;12;13;14;15;16;17;18;19;20;21;22;23;24;25,10;11;12;13;14;15;16;17;18;19;20;21;22;23;24;25,16,0,0
controlled-3525,controlled,hit_93.75,lead_0.5/rep_15,16,0,0,No-Selected-Prefetch,0.5,0.0,128,10;11;12;13;14;15;16;17;18;19;20;21;22;23;24;25,,0,0,16
controlled-3526,controlled,hit_93.75,lead_0.5/rep_15,16,0,0,History-Last1,0.5,0.0,128,10;11;12;13;14;15;16;17;18;19;20;21;22;23;24;25,0;10;11;12;13;14;15;16;17;18;19;20;21;22;23;24,15,1,1
controlled-3527,controlled,hit_93.75,lead_0.5/rep_15,16,0,0,Oracle,0.5,0.0,128,10;11;12;13;14;15;16;17;18;19;20;21;22;23;24;25,10;11;12;13;14;15;16;17;18;19;20;21;22;23;24;25,16,0,0
controlled-3528,controlled,hit_93.75,lead_0.5/rep_16,17,0,0,No-Selected-Prefetch,0.5,0.0,128,10;11;12;13;14;15;16;17;18;19;20;21;22;23;24;25,,0,0,16
controlled-3529,controlled,hit_93.75,lead_0.5/rep_16,17,0,0,History-Last1,0.5,0.0,128,10;11;12;13;14;15;16;17;18;19;20;21;22;23;24;25,0;10;11;12;13;14;15;16;17;18;19;20;21;22;23;24,15,1,1
controlled-3530,controlled,hit_93.75,lead_0.5/rep_16,17,0,0,Oracle,0.5,0.0,128,10;11;12;13;14;15;16;17;18;19;20;21;22;23;24;25,10;11;12;13;14;15;16;17;18;19;20;21;22;23;24;25,16,0,0
controlled-3531,controlled,hit_93.75,lead_0.5/rep_17,18,0,0,No-Selected-Prefetch,0.5,0.0,128,10;11;12;13;14;15;16;17;18;19;20;21;22;23;24;25,,0,0,16
controlled-3532,controlled,hit_93.75,lead_0.5/rep_17,18,0,0,History-Last1,0.5,0.0,128,10;11;12;13;14;15;16;17;18;19;20;21;22;23;24;25,0;10;11;12;13;14;15;16;17;18;19;20;21;22;23;24,15,1,1
controlled-3533,controlled,hit_93.75,lead_0.5/rep_17,18,0,0,Oracle,0.5,0.0,128,10;11;12;13;14;15;16;17;18;19;20;21;22;23;24;25,10;11;12;13;14;15;16;17;18;19;20;21;22;23;24;25,16,0,0
controlled-3534,controlled,hit_93.75,lead_0.5/rep_18,19,0,0,No-Selected-Prefetch,0.5,0.0,128,10;11;12;13;14;15;16;17;18;19;20;21;22;23;24;25,,0,0,16
controlled-3535,controlled,hit_93.75,lead_0.5/rep_18,19,0,0,History-Last1,0.5,0.0,128,10;11;12;13;14;15;16;17;18;19;20;21;22;23;24;25,0;10;11;12;13;14;15;16;17;18;19;20;21;22;23;24,15,1,1
controlled-3536,controlled,hit_93.75,lead_0.5/rep_18,19,0,0,Oracle,0.5,0.0,128,10;11;12;13;14;15;16;17;18;19;20;21;22;23;24;25,10;11;12;13;14;15;16;17;18;19;20;21;22;23;24;25,16,0,0
controlled-3537,controlled,hit_93.75,lead_0.5/rep_19,20,0,0,No-Selected-Prefetch,0.5,0.0,128,10;11;12;13;14;15;16;17;18;19;20;21;22;23;24;25,,0,0,16
controlled-3538,controlled,hit_93.75,lead_0.5/rep_19,20,0,0,History-Last1,0.5,0.0,128,10;11;12;13;14;15;16;17;18;19;20;21;22;23;24;25,0;10;11;12;13;14;15;16;17;18;19;20;21;22;23;24,15,1,1
controlled-3539,controlled,hit_93.75,lead_0.5/rep_19,20,0,0,Oracle,0.5,0.0,128,10;11;12;13;14;15;16;17;18;19;20;21;22;23;24;25,10;11;12;13;14;15;16;17;18;19;20;21;22;23;24;25,16,0,0
controlled-3540,controlled,hit_93.75,lead_1/rep_0,1,0,0,No-Selected-Prefetch,1.0,0.0,128,10;11;12;13;14;15;16;17;18;19;20;21;22;23;24;25,,0,0,16
controlled-3541,controlled,hit_93.75,lead_1/rep_0,1,0,0,History-Last1,1.0,0.0,128,10;11;12;13;14;15;16;17;18;19;20;21;22;23;24;25,0;10;11;12;13;14;15;16;17;18;19;20;21;22;23;24,15,1,1
controlled-3542,controlled,hit_93.75,lead_1/rep_0,1,0,0,Oracle,1.0,0.0,128,10;11;12;13;14;15;16;17;18;19;20;21;22;23;24;25,10;11;12;13;14;15;16;17;18;19;20;21;22;23;24;25,16,0,0
controlled-3543,controlled,hit_93.75,lead_1/rep_1,2,0,0,No-Selected-Prefetch,1.0,0.0,128,10;11;12;13;14;15;16;17;18;19;20;21;22;23;24;25,,0,0,16
controlled-3544,controlled,hit_93.75,lead_1/rep_1,2,0,0,History-Last1,1.0,0.0,128,10;11;12;13;14;15;16;17;18;19;20;21;22;23;24;25,0;10;11;12;13;14;15;16;17;18;19;20;21;22;23;24,15,1,1
controlled-3545,controlled,hit_93.75,lead_1/rep_1,2,0,0,Oracle,1.0,0.0,128,10;11;12;13;14;15;16;17;18;19;20;21;22;23;24;25,10;11;12;13;14;15;16;17;18;19;20;21;22;23;24;25,16,0,0
controlled-3546,controlled,hit_93.75,lead_1/rep_2,3,0,0,No-Selected-Prefetch,1.0,0.0,128,10;11;12;13;14;15;16;17;18;19;20;21;22;23;24;25,,0,0,16
controlled-3547,controlled,hit_93.75,lead_1/rep_2,3,0,0,History-Last1,1.0,0.0,128,10;11;12;13;14;15;16;17;18;19;20;21;22;23;24;25,0;10;11;12;13;14;15;16;17;18;19;20;21;22;23;24,15,1,1
controlled-3548,controlled,hit_93.75,lead_1/rep_2,3,0,0,Oracle,1.0,0.0,128,10;11;12;13;14;15;16;17;18;19;20;21;22;23;24;25,10;11;12;13;14;15;16;17;18;19;20;21;22;23;24;25,16,0,0
controlled-3549,controlled,hit_93.75,lead_1/rep_3,4,0,0,No-Selected-Prefetch,1.0,0.0,128,10;11;12;13;14;15;16;17;18;19;20;21;22;23;24;25,,0,0,16
controlled-3550,controlled,hit_93.75,lead_1/rep_3,4,0,0,History-Last1,1.0,0.0,128,10;11;12;13;14;15;16;17;18;19;20;21;22;23;24;25,0;10;11;12;13;14;15;16;17;18;19;20;21;22;23;24,15,1,1
controlled-3551,controlled,hit_93.75,lead_1/rep_3,4,0,0,Oracle,1.0,0.0,128,10;11;12;13;14;15;16;17;18;19;20;21;22;23;24;25,10;11;12;13;14;15;16;17;18;19;20;21;22;23;24;25,16,0,0
controlled-3552,controlled,hit_93.75,lead_1/rep_4,5,0,0,No-Selected-Prefetch,1.0,0.0,128,10;11;12;13;14;15;16;17;18;19;20;21;22;23;24;25,,0,0,16
controlled-3553,controlled,hit_93.75,lead_1/rep_4,5,0,0,History-Last1,1.0,0.0,128,10;11;12;13;14;15;16;17;18;19;20;21;22;23;24;25,0;10;11;12;13;14;15;16;17;18;19;20;21;22;23;24,15,1,1
controlled-3554,controlled,hit_93.75,lead_1/rep_4,5,0,0,Oracle,1.0,0.0,128,10;11;12;13;14;15;16;17;18;19;20;21;22;23;24;25,10;11;12;13;14;15;16;17;18;19;20;21;22;23;24;25,16,0,0
controlled-3555,controlled,hit_93.75,lead_1/rep_5,6,0,0,No-Selected-Prefetch,1.0,0.0,128,10;11;12;13;14;15;16;17;18;19;20;21;22;23;24;25,,0,0,16
controlled-3556,controlled,hit_93.75,lead_1/rep_5,6,0,0,History-Last1,1.0,0.0,128,10;11;12;13;14;15;16;17;18;19;20;21;22;23;24;25,0;10;11;12;13;14;15;16;17;18;19;20;21;22;23;24,15,1,1
controlled-3557,controlled,hit_93.75,lead_1/rep_5,6,0,0,Oracle,1.0,0.0,128,10;11;12;13;14;15;16;17;18;19;20;21;22;23;24;25,10;11;12;13;14;15;16;17;18;19;20;21;22;23;24;25,16,0,0
controlled-3558,controlled,hit_93.75,lead_1/rep_6,7,0,0,No-Selected-Prefetch,1.0,0.0,128,10;11;12;13;14;15;16;17;18;19;20;21;22;23;24;25,,0,0,16
controlled-3559,controlled,hit_93.75,lead_1/rep_6,7,0,0,History-Last1,1.0,0.0,128,10;11;12;13;14;15;16;17;18;19;20;21;22;23;24;25,0;10;11;12;13;14;15;16;17;18;19;20;21;22;23;24,15,1,1
controlled-3560,controlled,hit_93.75,lead_1/rep_6,7,0,0,Oracle,1.0,0.0,128,10;11;12;13;14;15;16;17;18;19;20;21;22;23;24;25,10;11;12;13;14;15;16;17;18;19;20;21;22;23;24;25,16,0,0
controlled-3561,controlled,hit_93.75,lead_1/rep_7,8,0,0,No-Selected-Prefetch,1.0,0.0,128,10;11;12;13;14;15;16;17;18;19;20;21;22;23;24;25,,0,0,16
controlled-3562,controlled,hit_93.75,lead_1/rep_7,8,0,0,History-Last1,1.0,0.0,128,10;11;12;13;14;15;16;17;18;19;20;21;22;23;24;25,0;10;11;12;13;14;15;16;17;18;19;20;21;22;23;24,15,1,1
controlled-3563,controlled,hit_93.75,lead_1/rep_7,8,0,0,Oracle,1.0,0.0,128,10;11;12;13;14;15;16;17;18;19;20;21;22;23;24;25,10;11;12;13;14;15;16;17;18;19;20;21;22;23;24;25,16,0,0
controlled-3564,controlled,hit_93.75,lead_1/rep_8,9,0,0,No-Selected-Prefetch,1.0,0.0,128,10;11;12;13;14;15;16;17;18;19;20;21;22;23;24;25,,0,0,16
controlled-3565,controlled,hit_93.75,lead_1/rep_8,9,0,0,History-Last1,1.0,0.0,128,10;11;12;13;14;15;16;17;18;19;20;21;22;23;24;25,0;10;11;12;13;14;15;16;17;18;19;20;21;22;23;24,15,1,1
controlled-3566,controlled,hit_93.75,lead_1/rep_8,9,0,0,Oracle,1.0,0.0,128,10;11;12;13;14;15;16;17;18;19;20;21;22;23;24;25,10;11;12;13;14;15;16;17;18;19;20;21;22;23;24;25,16,0,0
controlled-3567,controlled,hit_93.75,lead_1/rep_9,10,0,0,No-Selected-Prefetch,1.0,0.0,128,10;11;12;13;14;15;16;17;18;19;20;21;22;23;24;25,,0,0,16
controlled-3568,controlled,hit_93.75,lead_1/rep_9,10,0,0,History-Last1,1.0,0.0,128,10;11;12;13;14;15;16;17;18;19;20;21;22;23;24;25,0;10;11;12;13;14;15;16;17;18;19;20;21;22;23;24,15,1,1
controlled-3569,controlled,hit_93.75,lead_1/rep_9,10,0,0,Oracle,1.0,0.0,128,10;11;12;13;14;15;16;17;18;19;20;21;22;23;24;25,10;11;12;13;14;15;16;17;18;19;20;21;22;23;24;25,16,0,0
controlled-3570,controlled,hit_93.75,lead_1/rep_10,11,0,0,No-Selected-Prefetch,1.0,0.0,128,10;11;12;13;14;15;16;17;18;19;20;21;22;23;24;25,,0,0,16
controlled-3571,controlled,hit_93.75,lead_1/rep_10,11,0,0,History-Last1,1.0,0.0,128,10;11;12;13;14;15;16;17;18;19;20;21;22;23;24;25,0;10;11;12;13;14;15;16;17;18;19;20;21;22;23;24,15,1,1
controlled-3572,controlled,hit_93.75,lead_1/rep_10,11,0,0,Oracle,1.0,0.0,128,10;11;12;13;14;15;16;17;18;19;20;21;22;23;24;25,10;11;12;13;14;15;16;17;18;19;20;21;22;23;24;25,16,0,0
controlled-3573,controlled,hit_93.75,lead_1/rep_11,12,0,0,No-Selected-Prefetch,1.0,0.0,128,10;11;12;13;14;15;16;17;18;19;20;21;22;23;24;25,,0,0,16
controlled-3574,controlled,hit_93.75,lead_1/rep_11,12,0,0,History-Last1,1.0,0.0,128,10;11;12;13;14;15;16;17;18;19;20;21;22;23;24;25,0;10;11;12;13;14;15;16;17;18;19;20;21;22;23;24,15,1,1
controlled-3575,controlled,hit_93.75,lead_1/rep_11,12,0,0,Oracle,1.0,0.0,128,10;11;12;13;14;15;16;17;18;19;20;21;22;23;24;25,10;11;12;13;14;15;16;17;18;19;20;21;22;23;24;25,16,0,0
controlled-3576,controlled,hit_93.75,lead_1/rep_12,13,0,0,No-Selected-Prefetch,1.0,0.0,128,10;11;12;13;14;15;16;17;18;19;20;21;22;23;24;25,,0,0,16
controlled-3577,controlled,hit_93.75,lead_1/rep_12,13,0,0,History-Last1,1.0,0.0,128,10;11;12;13;14;15;16;17;18;19;20;21;22;23;24;25,0;10;11;12;13;14;15;16;17;18;19;20;21;22;23;24,15,1,1
controlled-3578,controlled,hit_93.75,lead_1/rep_12,13,0,0,Oracle,1.0,0.0,128,10;11;12;13;14;15;16;17;18;19;20;21;22;23;24;25,10;11;12;13;14;15;16;17;18;19;20;21;22;23;24;25,16,0,0
controlled-3579,controlled,hit_93.75,lead_1/rep_13,14,0,0,No-Selected-Prefetch,1.0,0.0,128,10;11;12;13;14;15;16;17;18;19;20;21;22;23;24;25,,0,0,16
controlled-3580,controlled,hit_93.75,lead_1/rep_13,14,0,0,History-Last1,1.0,0.0,128,10;11;12;13;14;15;16;17;18;19;20;21;22;23;24;25,0;10;11;12;13;14;15;16;17;18;19;20;21;22;23;24,15,1,1
controlled-3581,controlled,hit_93.75,lead_1/rep_13,14,0,0,Oracle,1.0,0.0,128,10;11;12;13;14;15;16;17;18;19;20;21;22;23;24;25,10;11;12;13;14;15;16;17;18;19;20;21;22;23;24;25,16,0,0
controlled-3582,controlled,hit_93.75,lead_1/rep_14,15,0,0,No-Selected-Prefetch,1.0,0.0,128,10;11;12;13;14;15;16;17;18;19;20;21;22;23;24;25,,0,0,16
controlled-3583,controlled,hit_93.75,lead_1/rep_14,15,0,0,History-Last1,1.0,0.0,128,10;11;12;13;14;15;16;17;18;19;20;21;22;23;24;25,0;10;11;12;13;14;15;16;17;18;19;20;21;22;23;24,15,1,1
controlled-3584,controlled,hit_93.75,lead_1/rep_14,15,0,0,Oracle,1.0,0.0,128,10;11;12;13;14;15;16;17;18;19;20;21;22;23;24;25,10;11;12;13;14;15;16;17;18;19;20;21;22;23;24;25,16,0,0
controlled-3585,controlled,hit_93.75,lead_1/rep_15,16,0,0,No-Selected-Prefetch,1.0,0.0,128,10;11;12;13;14;15;16;17;18;19;20;21;22;23;24;25,,0,0,16
controlled-3586,controlled,hit_93.75,lead_1/rep_15,16,0,0,History-Last1,1.0,0.0,128,10;11;12;13;14;15;16;17;18;19;20;21;22;23;24;25,0;10;11;12;13;14;15;16;17;18;19;20;21;22;23;24,15,1,1
controlled-3587,controlled,hit_93.75,lead_1/rep_15,16,0,0,Oracle,1.0,0.0,128,10;11;12;13;14;15;16;17;18;19;20;21;22;23;24;25,10;11;12;13;14;15;16;17;18;19;20;21;22;23;24;25,16,0,0
controlled-3588,controlled,hit_93.75,lead_1/rep_16,17,0,0,No-Selected-Prefetch,1.0,0.0,128,10;11;12;13;14;15;16;17;18;19;20;21;22;23;24;25,,0,0,16
controlled-3589,controlled,hit_93.75,lead_1/rep_16,17,0,0,History-Last1,1.0,0.0,128,10;11;12;13;14;15;16;17;18;19;20;21;22;23;24;25,0;10;11;12;13;14;15;16;17;18;19;20;21;22;23;24,15,1,1
controlled-3590,controlled,hit_93.75,lead_1/rep_16,17,0,0,Oracle,1.0,0.0,128,10;11;12;13;14;15;16;17;18;19;20;21;22;23;24;25,10;11;12;13;14;15;16;17;18;19;20;21;22;23;24;25,16,0,0
controlled-3591,controlled,hit_93.75,lead_1/rep_17,18,0,0,No-Selected-Prefetch,1.0,0.0,128,10;11;12;13;14;15;16;17;18;19;20;21;22;23;24;25,,0,0,16
controlled-3592,controlled,hit_93.75,lead_1/rep_17,18,0,0,History-Last1,1.0,0.0,128,10;11;12;13;14;15;16;17;18;19;20;21;22;23;24;25,0;10;11;12;13;14;15;16;17;18;19;20;21;22;23;24,15,1,1
controlled-3593,controlled,hit_93.75,lead_1/rep_17,18,0,0,Oracle,1.0,0.0,128,10;11;12;13;14;15;16;17;18;19;20;21;22;23;24;25,10;11;12;13;14;15;16;17;18;19;20;21;22;23;24;25,16,0,0
controlled-3594,controlled,hit_93.75,lead_1/rep_18,19,0,0,No-Selected-Prefetch,1.0,0.0,128,10;11;12;13;14;15;16;17;18;19;20;21;22;23;24;25,,0,0,16
controlled-3595,controlled,hit_93.75,lead_1/rep_18,19,0,0,History-Last1,1.0,0.0,128,10;11;12;13;14;15;16;17;18;19;20;21;22;23;24;25,0;10;11;12;13;14;15;16;17;18;19;20;21;22;23;24,15,1,1
controlled-3596,controlled,hit_93.75,lead_1/rep_18,19,0,0,Oracle,1.0,0.0,128,10;11;12;13;14;15;16;17;18;19;20;21;22;23;24;25,10;11;12;13;14;15;16;17;18;19;20;21;22;23;24;25,16,0,0
controlled-3597,controlled,hit_93.75,lead_1/rep_19,20,0,0,No-Selected-Prefetch,1.0,0.0,128,10;11;12;13;14;15;16;17;18;19;20;21;22;23;24;25,,0,0,16
controlled-3598,controlled,hit_93.75,lead_1/rep_19,20,0,0,History-Last1,1.0,0.0,128,10;11;12;13;14;15;16;17;18;19;20;21;22;23;24;25,0;10;11;12;13;14;15;16;17;18;19;20;21;22;23;24,15,1,1
controlled-3599,controlled,hit_93.75,lead_1/rep_19,20,0,0,Oracle,1.0,0.0,128,10;11;12;13;14;15;16;17;18;19;20;21;22;23;24;25,10;11;12;13;14;15;16;17;18;19;20;21;22;23;24;25,16,0,0
controlled-3600,controlled,hit_93.75,lead_2/rep_0,1,0,0,No-Selected-Prefetch,2.0,0.0,128,10;11;12;13;14;15;16;17;18;19;20;21;22;23;24;25,,0,0,16
controlled-3601,controlled,hit_93.75,lead_2/rep_0,1,0,0,History-Last1,2.0,0.0,128,10;11;12;13;14;15;16;17;18;19;20;21;22;23;24;25,0;10;11;12;13;14;15;16;17;18;19;20;21;22;23;24,15,1,1
controlled-3602,controlled,hit_93.75,lead_2/rep_0,1,0,0,Oracle,2.0,0.0,128,10;11;12;13;14;15;16;17;18;19;20;21;22;23;24;25,10;11;12;13;14;15;16;17;18;19;20;21;22;23;24;25,16,0,0
controlled-3603,controlled,hit_93.75,lead_2/rep_1,2,0,0,No-Selected-Prefetch,2.0,0.0,128,10;11;12;13;14;15;16;17;18;19;20;21;22;23;24;25,,0,0,16
controlled-3604,controlled,hit_93.75,lead_2/rep_1,2,0,0,History-Last1,2.0,0.0,128,10;11;12;13;14;15;16;17;18;19;20;21;22;23;24;25,0;10;11;12;13;14;15;16;17;18;19;20;21;22;23;24,15,1,1
controlled-3605,controlled,hit_93.75,lead_2/rep_1,2,0,0,Oracle,2.0,0.0,128,10;11;12;13;14;15;16;17;18;19;20;21;22;23;24;25,10;11;12;13;14;15;16;17;18;19;20;21;22;23;24;25,16,0,0
controlled-3606,controlled,hit_93.75,lead_2/rep_2,3,0,0,No-Selected-Prefetch,2.0,0.0,128,10;11;12;13;14;15;16;17;18;19;20;21;22;23;24;25,,0,0,16
controlled-3607,controlled,hit_93.75,lead_2/rep_2,3,0,0,History-Last1,2.0,0.0,128,10;11;12;13;14;15;16;17;18;19;20;21;22;23;24;25,0;10;11;12;13;14;15;16;17;18;19;20;21;22;23;24,15,1,1
controlled-3608,controlled,hit_93.75,lead_2/rep_2,3,0,0,Oracle,2.0,0.0,128,10;11;12;13;14;15;16;17;18;19;20;21;22;23;24;25,10;11;12;13;14;15;16;17;18;19;20;21;22;23;24;25,16,0,0
controlled-3609,controlled,hit_93.75,lead_2/rep_3,4,0,0,No-Selected-Prefetch,2.0,0.0,128,10;11;12;13;14;15;16;17;18;19;20;21;22;23;24;25,,0,0,16
controlled-3610,controlled,hit_93.75,lead_2/rep_3,4,0,0,History-Last1,2.0,0.0,128,10;11;12;13;14;15;16;17;18;19;20;21;22;23;24;25,0;10;11;12;13;14;15;16;17;18;19;20;21;22;23;24,15,1,1
controlled-3611,controlled,hit_93.75,lead_2/rep_3,4,0,0,Oracle,2.0,0.0,128,10;11;12;13;14;15;16;17;18;19;20;21;22;23;24;25,10;11;12;13;14;15;16;17;18;19;20;21;22;23;24;25,16,0,0
controlled-3612,controlled,hit_93.75,lead_2/rep_4,5,0,0,No-Selected-Prefetch,2.0,0.0,128,10;11;12;13;14;15;16;17;18;19;20;21;22;23;24;25,,0,0,16
controlled-3613,controlled,hit_93.75,lead_2/rep_4,5,0,0,History-Last1,2.0,0.0,128,10;11;12;13;14;15;16;17;18;19;20;21;22;23;24;25,0;10;11;12;13;14;15;16;17;18;19;20;21;22;23;24,15,1,1
controlled-3614,controlled,hit_93.75,lead_2/rep_4,5,0,0,Oracle,2.0,0.0,128,10;11;12;13;14;15;16;17;18;19;20;21;22;23;24;25,10;11;12;13;14;15;16;17;18;19;20;21;22;23;24;25,16,0,0
controlled-3615,controlled,hit_93.75,lead_2/rep_5,6,0,0,No-Selected-Prefetch,2.0,0.0,128,10;11;12;13;14;15;16;17;18;19;20;21;22;23;24;25,,0,0,16
controlled-3616,controlled,hit_93.75,lead_2/rep_5,6,0,0,History-Last1,2.0,0.0,128,10;11;12;13;14;15;16;17;18;19;20;21;22;23;24;25,0;10;11;12;13;14;15;16;17;18;19;20;21;22;23;24,15,1,1
controlled-3617,controlled,hit_93.75,lead_2/rep_5,6,0,0,Oracle,2.0,0.0,128,10;11;12;13;14;15;16;17;18;19;20;21;22;23;24;25,10;11;12;13;14;15;16;17;18;19;20;21;22;23;24;25,16,0,0
controlled-3618,controlled,hit_93.75,lead_2/rep_6,7,0,0,No-Selected-Prefetch,2.0,0.0,128,10;11;12;13;14;15;16;17;18;19;20;21;22;23;24;25,,0,0,16
controlled-3619,controlled,hit_93.75,lead_2/rep_6,7,0,0,History-Last1,2.0,0.0,128,10;11;12;13;14;15;16;17;18;19;20;21;22;23;24;25,0;10;11;12;13;14;15;16;17;18;19;20;21;22;23;24,15,1,1
controlled-3620,controlled,hit_93.75,lead_2/rep_6,7,0,0,Oracle,2.0,0.0,128,10;11;12;13;14;15;16;17;18;19;20;21;22;23;24;25,10;11;12;13;14;15;16;17;18;19;20;21;22;23;24;25,16,0,0
controlled-3621,controlled,hit_93.75,lead_2/rep_7,8,0,0,No-Selected-Prefetch,2.0,0.0,128,10;11;12;13;14;15;16;17;18;19;20;21;22;23;24;25,,0,0,16
controlled-3622,controlled,hit_93.75,lead_2/rep_7,8,0,0,History-Last1,2.0,0.0,128,10;11;12;13;14;15;16;17;18;19;20;21;22;23;24;25,0;10;11;12;13;14;15;16;17;18;19;20;21;22;23;24,15,1,1
controlled-3623,controlled,hit_93.75,lead_2/rep_7,8,0,0,Oracle,2.0,0.0,128,10;11;12;13;14;15;16;17;18;19;20;21;22;23;24;25,10;11;12;13;14;15;16;17;18;19;20;21;22;23;24;25,16,0,0
controlled-3624,controlled,hit_93.75,lead_2/rep_8,9,0,0,No-Selected-Prefetch,2.0,0.0,128,10;11;12;13;14;15;16;17;18;19;20;21;22;23;24;25,,0,0,16
controlled-3625,controlled,hit_93.75,lead_2/rep_8,9,0,0,History-Last1,2.0,0.0,128,10;11;12;13;14;15;16;17;18;19;20;21;22;23;24;25,0;10;11;12;13;14;15;16;17;18;19;20;21;22;23;24,15,1,1
controlled-3626,controlled,hit_93.75,lead_2/rep_8,9,0,0,Oracle,2.0,0.0,128,10;11;12;13;14;15;16;17;18;19;20;21;22;23;24;25,10;11;12;13;14;15;16;17;18;19;20;21;22;23;24;25,16,0,0
controlled-3627,controlled,hit_93.75,lead_2/rep_9,10,0,0,No-Selected-Prefetch,2.0,0.0,128,10;11;12;13;14;15;16;17;18;19;20;21;22;23;24;25,,0,0,16
controlled-3628,controlled,hit_93.75,lead_2/rep_9,10,0,0,History-Last1,2.0,0.0,128,10;11;12;13;14;15;16;17;18;19;20;21;22;23;24;25,0;10;11;12;13;14;15;16;17;18;19;20;21;22;23;24,15,1,1
controlled-3629,controlled,hit_93.75,lead_2/rep_9,10,0,0,Oracle,2.0,0.0,128,10;11;12;13;14;15;16;17;18;19;20;21;22;23;24;25,10;11;12;13;14;15;16;17;18;19;20;21;22;23;24;25,16,0,0
controlled-3630,controlled,hit_93.75,lead_2/rep_10,11,0,0,No-Selected-Prefetch,2.0,0.0,128,10;11;12;13;14;15;16;17;18;19;20;21;22;23;24;25,,0,0,16
controlled-3631,controlled,hit_93.75,lead_2/rep_10,11,0,0,History-Last1,2.0,0.0,128,10;11;12;13;14;15;16;17;18;19;20;21;22;23;24;25,0;10;11;12;13;14;15;16;17;18;19;20;21;22;23;24,15,1,1
controlled-3632,controlled,hit_93.75,lead_2/rep_10,11,0,0,Oracle,2.0,0.0,128,10;11;12;13;14;15;16;17;18;19;20;21;22;23;24;25,10;11;12;13;14;15;16;17;18;19;20;21;22;23;24;25,16,0,0
controlled-3633,controlled,hit_93.75,lead_2/rep_11,12,0,0,No-Selected-Prefetch,2.0,0.0,128,10;11;12;13;14;15;16;17;18;19;20;21;22;23;24;25,,0,0,16
controlled-3634,controlled,hit_93.75,lead_2/rep_11,12,0,0,History-Last1,2.0,0.0,128,10;11;12;13;14;15;16;17;18;19;20;21;22;23;24;25,0;10;11;12;13;14;15;16;17;18;19;20;21;22;23;24,15,1,1
controlled-3635,controlled,hit_93.75,lead_2/rep_11,12,0,0,Oracle,2.0,0.0,128,10;11;12;13;14;15;16;17;18;19;20;21;22;23;24;25,10;11;12;13;14;15;16;17;18;19;20;21;22;23;24;25,16,0,0
controlled-3636,controlled,hit_93.75,lead_2/rep_12,13,0,0,No-Selected-Prefetch,2.0,0.0,128,10;11;12;13;14;15;16;17;18;19;20;21;22;23;24;25,,0,0,16
controlled-3637,controlled,hit_93.75,lead_2/rep_12,13,0,0,History-Last1,2.0,0.0,128,10;11;12;13;14;15;16;17;18;19;20;21;22;23;24;25,0;10;11;12;13;14;15;16;17;18;19;20;21;22;23;24,15,1,1
controlled-3638,controlled,hit_93.75,lead_2/rep_12,13,0,0,Oracle,2.0,0.0,128,10;11;12;13;14;15;16;17;18;19;20;21;22;23;24;25,10;11;12;13;14;15;16;17;18;19;20;21;22;23;24;25,16,0,0
controlled-3639,controlled,hit_93.75,lead_2/rep_13,14,0,0,No-Selected-Prefetch,2.0,0.0,128,10;11;12;13;14;15;16;17;18;19;20;21;22;23;24;25,,0,0,16
controlled-3640,controlled,hit_93.75,lead_2/rep_13,14,0,0,History-Last1,2.0,0.0,128,10;11;12;13;14;15;16;17;18;19;20;21;22;23;24;25,0;10;11;12;13;14;15;16;17;18;19;20;21;22;23;24,15,1,1
controlled-3641,controlled,hit_93.75,lead_2/rep_13,14,0,0,Oracle,2.0,0.0,128,10;11;12;13;14;15;16;17;18;19;20;21;22;23;24;25,10;11;12;13;14;15;16;17;18;19;20;21;22;23;24;25,16,0,0
controlled-3642,controlled,hit_93.75,lead_2/rep_14,15,0,0,No-Selected-Prefetch,2.0,0.0,128,10;11;12;13;14;15;16;17;18;19;20;21;22;23;24;25,,0,0,16
controlled-3643,controlled,hit_93.75,lead_2/rep_14,15,0,0,History-Last1,2.0,0.0,128,10;11;12;13;14;15;16;17;18;19;20;21;22;23;24;25,0;10;11;12;13;14;15;16;17;18;19;20;21;22;23;24,15,1,1
controlled-3644,controlled,hit_93.75,lead_2/rep_14,15,0,0,Oracle,2.0,0.0,128,10;11;12;13;14;15;16;17;18;19;20;21;22;23;24;25,10;11;12;13;14;15;16;17;18;19;20;21;22;23;24;25,16,0,0
controlled-3645,controlled,hit_93.75,lead_2/rep_15,16,0,0,No-Selected-Prefetch,2.0,0.0,128,10;11;12;13;14;15;16;17;18;19;20;21;22;23;24;25,,0,0,16
controlled-3646,controlled,hit_93.75,lead_2/rep_15,16,0,0,History-Last1,2.0,0.0,128,10;11;12;13;14;15;16;17;18;19;20;21;22;23;24;25,0;10;11;12;13;14;15;16;17;18;19;20;21;22;23;24,15,1,1
controlled-3647,controlled,hit_93.75,lead_2/rep_15,16,0,0,Oracle,2.0,0.0,128,10;11;12;13;14;15;16;17;18;19;20;21;22;23;24;25,10;11;12;13;14;15;16;17;18;19;20;21;22;23;24;25,16,0,0
controlled-3648,controlled,hit_93.75,lead_2/rep_16,17,0,0,No-Selected-Prefetch,2.0,0.0,128,10;11;12;13;14;15;16;17;18;19;20;21;22;23;24;25,,0,0,16
controlled-3649,controlled,hit_93.75,lead_2/rep_16,17,0,0,History-Last1,2.0,0.0,128,10;11;12;13;14;15;16;17;18;19;20;21;22;23;24;25,0;10;11;12;13;14;15;16;17;18;19;20;21;22;23;24,15,1,1
controlled-3650,controlled,hit_93.75,lead_2/rep_16,17,0,0,Oracle,2.0,0.0,128,10;11;12;13;14;15;16;17;18;19;20;21;22;23;24;25,10;11;12;13;14;15;16;17;18;19;20;21;22;23;24;25,16,0,0
controlled-3651,controlled,hit_93.75,lead_2/rep_17,18,0,0,No-Selected-Prefetch,2.0,0.0,128,10;11;12;13;14;15;16;17;18;19;20;21;22;23;24;25,,0,0,16
controlled-3652,controlled,hit_93.75,lead_2/rep_17,18,0,0,History-Last1,2.0,0.0,128,10;11;12;13;14;15;16;17;18;19;20;21;22;23;24;25,0;10;11;12;13;14;15;16;17;18;19;20;21;22;23;24,15,1,1
controlled-3653,controlled,hit_93.75,lead_2/rep_17,18,0,0,Oracle,2.0,0.0,128,10;11;12;13;14;15;16;17;18;19;20;21;22;23;24;25,10;11;12;13;14;15;16;17;18;19;20;21;22;23;24;25,16,0,0
controlled-3654,controlled,hit_93.75,lead_2/rep_18,19,0,0,No-Selected-Prefetch,2.0,0.0,128,10;11;12;13;14;15;16;17;18;19;20;21;22;23;24;25,,0,0,16
controlled-3655,controlled,hit_93.75,lead_2/rep_18,19,0,0,History-Last1,2.0,0.0,128,10;11;12;13;14;15;16;17;18;19;20;21;22;23;24;25,0;10;11;12;13;14;15;16;17;18;19;20;21;22;23;24,15,1,1
controlled-3656,controlled,hit_93.75,lead_2/rep_18,19,0,0,Oracle,2.0,0.0,128,10;11;12;13;14;15;16;17;18;19;20;21;22;23;24;25,10;11;12;13;14;15;16;17;18;19;20;21;22;23;24;25,16,0,0
controlled-3657,controlled,hit_93.75,lead_2/rep_19,20,0,0,No-Selected-Prefetch,2.0,0.0,128,10;11;12;13;14;15;16;17;18;19;20;21;22;23;24;25,,0,0,16
controlled-3658,controlled,hit_93.75,lead_2/rep_19,20,0,0,History-Last1,2.0,0.0,128,10;11;12;13;14;15;16;17;18;19;20;21;22;23;24;25,0;10;11;12;13;14;15;16;17;18;19;20;21;22;23;24,15,1,1
controlled-3659,controlled,hit_93.75,lead_2/rep_19,20,0,0,Oracle,2.0,0.0,128,10;11;12;13;14;15;16;17;18;19;20;21;22;23;24;25,10;11;12;13;14;15;16;17;18;19;20;21;22;23;24;25,16,0,0
controlled-3660,controlled,hit_93.75,lead_4/rep_0,1,0,0,No-Selected-Prefetch,4.0,0.0,128,10;11;12;13;14;15;16;17;18;19;20;21;22;23;24;25,,0,0,16
controlled-3661,controlled,hit_93.75,lead_4/rep_0,1,0,0,History-Last1,4.0,0.0,128,10;11;12;13;14;15;16;17;18;19;20;21;22;23;24;25,0;10;11;12;13;14;15;16;17;18;19;20;21;22;23;24,15,1,1
controlled-3662,controlled,hit_93.75,lead_4/rep_0,1,0,0,Oracle,4.0,0.0,128,10;11;12;13;14;15;16;17;18;19;20;21;22;23;24;25,10;11;12;13;14;15;16;17;18;19;20;21;22;23;24;25,16,0,0
controlled-3663,controlled,hit_93.75,lead_4/rep_1,2,0,0,No-Selected-Prefetch,4.0,0.0,128,10;11;12;13;14;15;16;17;18;19;20;21;22;23;24;25,,0,0,16
controlled-3664,controlled,hit_93.75,lead_4/rep_1,2,0,0,History-Last1,4.0,0.0,128,10;11;12;13;14;15;16;17;18;19;20;21;22;23;24;25,0;10;11;12;13;14;15;16;17;18;19;20;21;22;23;24,15,1,1
controlled-3665,controlled,hit_93.75,lead_4/rep_1,2,0,0,Oracle,4.0,0.0,128,10;11;12;13;14;15;16;17;18;19;20;21;22;23;24;25,10;11;12;13;14;15;16;17;18;19;20;21;22;23;24;25,16,0,0
controlled-3666,controlled,hit_93.75,lead_4/rep_2,3,0,0,No-Selected-Prefetch,4.0,0.0,128,10;11;12;13;14;15;16;17;18;19;20;21;22;23;24;25,,0,0,16
controlled-3667,controlled,hit_93.75,lead_4/rep_2,3,0,0,History-Last1,4.0,0.0,128,10;11;12;13;14;15;16;17;18;19;20;21;22;23;24;25,0;10;11;12;13;14;15;16;17;18;19;20;21;22;23;24,15,1,1
controlled-3668,controlled,hit_93.75,lead_4/rep_2,3,0,0,Oracle,4.0,0.0,128,10;11;12;13;14;15;16;17;18;19;20;21;22;23;24;25,10;11;12;13;14;15;16;17;18;19;20;21;22;23;24;25,16,0,0
controlled-3669,controlled,hit_93.75,lead_4/rep_3,4,0,0,No-Selected-Prefetch,4.0,0.0,128,10;11;12;13;14;15;16;17;18;19;20;21;22;23;24;25,,0,0,16
controlled-3670,controlled,hit_93.75,lead_4/rep_3,4,0,0,History-Last1,4.0,0.0,128,10;11;12;13;14;15;16;17;18;19;20;21;22;23;24;25,0;10;11;12;13;14;15;16;17;18;19;20;21;22;23;24,15,1,1
controlled-3671,controlled,hit_93.75,lead_4/rep_3,4,0,0,Oracle,4.0,0.0,128,10;11;12;13;14;15;16;17;18;19;20;21;22;23;24;25,10;11;12;13;14;15;16;17;18;19;20;21;22;23;24;25,16,0,0
controlled-3672,controlled,hit_93.75,lead_4/rep_4,5,0,0,No-Selected-Prefetch,4.0,0.0,128,10;11;12;13;14;15;16;17;18;19;20;21;22;23;24;25,,0,0,16
controlled-3673,controlled,hit_93.75,lead_4/rep_4,5,0,0,History-Last1,4.0,0.0,128,10;11;12;13;14;15;16;17;18;19;20;21;22;23;24;25,0;10;11;12;13;14;15;16;17;18;19;20;21;22;23;24,15,1,1
controlled-3674,controlled,hit_93.75,lead_4/rep_4,5,0,0,Oracle,4.0,0.0,128,10;11;12;13;14;15;16;17;18;19;20;21;22;23;24;25,10;11;12;13;14;15;16;17;18;19;20;21;22;23;24;25,16,0,0
controlled-3675,controlled,hit_93.75,lead_4/rep_5,6,0,0,No-Selected-Prefetch,4.0,0.0,128,10;11;12;13;14;15;16;17;18;19;20;21;22;23;24;25,,0,0,16
controlled-3676,controlled,hit_93.75,lead_4/rep_5,6,0,0,History-Last1,4.0,0.0,128,10;11;12;13;14;15;16;17;18;19;20;21;22;23;24;25,0;10;11;12;13;14;15;16;17;18;19;20;21;22;23;24,15,1,1
controlled-3677,controlled,hit_93.75,lead_4/rep_5,6,0,0,Oracle,4.0,0.0,128,10;11;12;13;14;15;16;17;18;19;20;21;22;23;24;25,10;11;12;13;14;15;16;17;18;19;20;21;22;23;24;25,16,0,0
controlled-3678,controlled,hit_93.75,lead_4/rep_6,7,0,0,No-Selected-Prefetch,4.0,0.0,128,10;11;12;13;14;15;16;17;18;19;20;21;22;23;24;25,,0,0,16
controlled-3679,controlled,hit_93.75,lead_4/rep_6,7,0,0,History-Last1,4.0,0.0,128,10;11;12;13;14;15;16;17;18;19;20;21;22;23;24;25,0;10;11;12;13;14;15;16;17;18;19;20;21;22;23;24,15,1,1
controlled-3680,controlled,hit_93.75,lead_4/rep_6,7,0,0,Oracle,4.0,0.0,128,10;11;12;13;14;15;16;17;18;19;20;21;22;23;24;25,10;11;12;13;14;15;16;17;18;19;20;21;22;23;24;25,16,0,0
controlled-3681,controlled,hit_93.75,lead_4/rep_7,8,0,0,No-Selected-Prefetch,4.0,0.0,128,10;11;12;13;14;15;16;17;18;19;20;21;22;23;24;25,,0,0,16
controlled-3682,controlled,hit_93.75,lead_4/rep_7,8,0,0,History-Last1,4.0,0.0,128,10;11;12;13;14;15;16;17;18;19;20;21;22;23;24;25,0;10;11;12;13;14;15;16;17;18;19;20;21;22;23;24,15,1,1
controlled-3683,controlled,hit_93.75,lead_4/rep_7,8,0,0,Oracle,4.0,0.0,128,10;11;12;13;14;15;16;17;18;19;20;21;22;23;24;25,10;11;12;13;14;15;16;17;18;19;20;21;22;23;24;25,16,0,0
controlled-3684,controlled,hit_93.75,lead_4/rep_8,9,0,0,No-Selected-Prefetch,4.0,0.0,128,10;11;12;13;14;15;16;17;18;19;20;21;22;23;24;25,,0,0,16
controlled-3685,controlled,hit_93.75,lead_4/rep_8,9,0,0,History-Last1,4.0,0.0,128,10;11;12;13;14;15;16;17;18;19;20;21;22;23;24;25,0;10;11;12;13;14;15;16;17;18;19;20;21;22;23;24,15,1,1
controlled-3686,controlled,hit_93.75,lead_4/rep_8,9,0,0,Oracle,4.0,0.0,128,10;11;12;13;14;15;16;17;18;19;20;21;22;23;24;25,10;11;12;13;14;15;16;17;18;19;20;21;22;23;24;25,16,0,0
controlled-3687,controlled,hit_93.75,lead_4/rep_9,10,0,0,No-Selected-Prefetch,4.0,0.0,128,10;11;12;13;14;15;16;17;18;19;20;21;22;23;24;25,,0,0,16
controlled-3688,controlled,hit_93.75,lead_4/rep_9,10,0,0,History-Last1,4.0,0.0,128,10;11;12;13;14;15;16;17;18;19;20;21;22;23;24;25,0;10;11;12;13;14;15;16;17;18;19;20;21;22;23;24,15,1,1
controlled-3689,controlled,hit_93.75,lead_4/rep_9,10,0,0,Oracle,4.0,0.0,128,10;11;12;13;14;15;16;17;18;19;20;21;22;23;24;25,10;11;12;13;14;15;16;17;18;19;20;21;22;23;24;25,16,0,0
controlled-3690,controlled,hit_93.75,lead_4/rep_10,11,0,0,No-Selected-Prefetch,4.0,0.0,128,10;11;12;13;14;15;16;17;18;19;20;21;22;23;24;25,,0,0,16
controlled-3691,controlled,hit_93.75,lead_4/rep_10,11,0,0,History-Last1,4.0,0.0,128,10;11;12;13;14;15;16;17;18;19;20;21;22;23;24;25,0;10;11;12;13;14;15;16;17;18;19;20;21;22;23;24,15,1,1
controlled-3692,controlled,hit_93.75,lead_4/rep_10,11,0,0,Oracle,4.0,0.0,128,10;11;12;13;14;15;16;17;18;19;20;21;22;23;24;25,10;11;12;13;14;15;16;17;18;19;20;21;22;23;24;25,16,0,0
controlled-3693,controlled,hit_93.75,lead_4/rep_11,12,0,0,No-Selected-Prefetch,4.0,0.0,128,10;11;12;13;14;15;16;17;18;19;20;21;22;23;24;25,,0,0,16
controlled-3694,controlled,hit_93.75,lead_4/rep_11,12,0,0,History-Last1,4.0,0.0,128,10;11;12;13;14;15;16;17;18;19;20;21;22;23;24;25,0;10;11;12;13;14;15;16;17;18;19;20;21;22;23;24,15,1,1
controlled-3695,controlled,hit_93.75,lead_4/rep_11,12,0,0,Oracle,4.0,0.0,128,10;11;12;13;14;15;16;17;18;19;20;21;22;23;24;25,10;11;12;13;14;15;16;17;18;19;20;21;22;23;24;25,16,0,0
controlled-3696,controlled,hit_93.75,lead_4/rep_12,13,0,0,No-Selected-Prefetch,4.0,0.0,128,10;11;12;13;14;15;16;17;18;19;20;21;22;23;24;25,,0,0,16
controlled-3697,controlled,hit_93.75,lead_4/rep_12,13,0,0,History-Last1,4.0,0.0,128,10;11;12;13;14;15;16;17;18;19;20;21;22;23;24;25,0;10;11;12;13;14;15;16;17;18;19;20;21;22;23;24,15,1,1
controlled-3698,controlled,hit_93.75,lead_4/rep_12,13,0,0,Oracle,4.0,0.0,128,10;11;12;13;14;15;16;17;18;19;20;21;22;23;24;25,10;11;12;13;14;15;16;17;18;19;20;21;22;23;24;25,16,0,0
controlled-3699,controlled,hit_93.75,lead_4/rep_13,14,0,0,No-Selected-Prefetch,4.0,0.0,128,10;11;12;13;14;15;16;17;18;19;20;21;22;23;24;25,,0,0,16
controlled-3700,controlled,hit_93.75,lead_4/rep_13,14,0,0,History-Last1,4.0,0.0,128,10;11;12;13;14;15;16;17;18;19;20;21;22;23;24;25,0;10;11;12;13;14;15;16;17;18;19;20;21;22;23;24,15,1,1
controlled-3701,controlled,hit_93.75,lead_4/rep_13,14,0,0,Oracle,4.0,0.0,128,10;11;12;13;14;15;16;17;18;19;20;21;22;23;24;25,10;11;12;13;14;15;16;17;18;19;20;21;22;23;24;25,16,0,0
controlled-3702,controlled,hit_93.75,lead_4/rep_14,15,0,0,No-Selected-Prefetch,4.0,0.0,128,10;11;12;13;14;15;16;17;18;19;20;21;22;23;24;25,,0,0,16
controlled-3703,controlled,hit_93.75,lead_4/rep_14,15,0,0,History-Last1,4.0,0.0,128,10;11;12;13;14;15;16;17;18;19;20;21;22;23;24;25,0;10;11;12;13;14;15;16;17;18;19;20;21;22;23;24,15,1,1
controlled-3704,controlled,hit_93.75,lead_4/rep_14,15,0,0,Oracle,4.0,0.0,128,10;11;12;13;14;15;16;17;18;19;20;21;22;23;24;25,10;11;12;13;14;15;16;17;18;19;20;21;22;23;24;25,16,0,0
controlled-3705,controlled,hit_93.75,lead_4/rep_15,16,0,0,No-Selected-Prefetch,4.0,0.0,128,10;11;12;13;14;15;16;17;18;19;20;21;22;23;24;25,,0,0,16
controlled-3706,controlled,hit_93.75,lead_4/rep_15,16,0,0,History-Last1,4.0,0.0,128,10;11;12;13;14;15;16;17;18;19;20;21;22;23;24;25,0;10;11;12;13;14;15;16;17;18;19;20;21;22;23;24,15,1,1
controlled-3707,controlled,hit_93.75,lead_4/rep_15,16,0,0,Oracle,4.0,0.0,128,10;11;12;13;14;15;16;17;18;19;20;21;22;23;24;25,10;11;12;13;14;15;16;17;18;19;20;21;22;23;24;25,16,0,0
controlled-3708,controlled,hit_93.75,lead_4/rep_16,17,0,0,No-Selected-Prefetch,4.0,0.0,128,10;11;12;13;14;15;16;17;18;19;20;21;22;23;24;25,,0,0,16
controlled-3709,controlled,hit_93.75,lead_4/rep_16,17,0,0,History-Last1,4.0,0.0,128,10;11;12;13;14;15;16;17;18;19;20;21;22;23;24;25,0;10;11;12;13;14;15;16;17;18;19;20;21;22;23;24,15,1,1
controlled-3710,controlled,hit_93.75,lead_4/rep_16,17,0,0,Oracle,4.0,0.0,128,10;11;12;13;14;15;16;17;18;19;20;21;22;23;24;25,10;11;12;13;14;15;16;17;18;19;20;21;22;23;24;25,16,0,0
controlled-3711,controlled,hit_93.75,lead_4/rep_17,18,0,0,No-Selected-Prefetch,4.0,0.0,128,10;11;12;13;14;15;16;17;18;19;20;21;22;23;24;25,,0,0,16
controlled-3712,controlled,hit_93.75,lead_4/rep_17,18,0,0,History-Last1,4.0,0.0,128,10;11;12;13;14;15;16;17;18;19;20;21;22;23;24;25,0;10;11;12;13;14;15;16;17;18;19;20;21;22;23;24,15,1,1
controlled-3713,controlled,hit_93.75,lead_4/rep_17,18,0,0,Oracle,4.0,0.0,128,10;11;12;13;14;15;16;17;18;19;20;21;22;23;24;25,10;11;12;13;14;15;16;17;18;19;20;21;22;23;24;25,16,0,0
controlled-3714,controlled,hit_93.75,lead_4/rep_18,19,0,0,No-Selected-Prefetch,4.0,0.0,128,10;11;12;13;14;15;16;17;18;19;20;21;22;23;24;25,,0,0,16
controlled-3715,controlled,hit_93.75,lead_4/rep_18,19,0,0,History-Last1,4.0,0.0,128,10;11;12;13;14;15;16;17;18;19;20;21;22;23;24;25,0;10;11;12;13;14;15;16;17;18;19;20;21;22;23;24,15,1,1
controlled-3716,controlled,hit_93.75,lead_4/rep_18,19,0,0,Oracle,4.0,0.0,128,10;11;12;13;14;15;16;17;18;19;20;21;22;23;24;25,10;11;12;13;14;15;16;17;18;19;20;21;22;23;24;25,16,0,0
controlled-3717,controlled,hit_93.75,lead_4/rep_19,20,0,0,No-Selected-Prefetch,4.0,0.0,128,10;11;12;13;14;15;16;17;18;19;20;21;22;23;24;25,,0,0,16
controlled-3718,controlled,hit_93.75,lead_4/rep_19,20,0,0,History-Last1,4.0,0.0,128,10;11;12;13;14;15;16;17;18;19;20;21;22;23;24;25,0;10;11;12;13;14;15;16;17;18;19;20;21;22;23;24,15,1,1
controlled-3719,controlled,hit_93.75,lead_4/rep_19,20,0,0,Oracle,4.0,0.0,128,10;11;12;13;14;15;16;17;18;19;20;21;22;23;24;25,10;11;12;13;14;15;16;17;18;19;20;21;22;23;24;25,16,0,0
controlled-3720,controlled,hit_93.75,lead_8/rep_0,1,0,0,No-Selected-Prefetch,8.0,0.0,128,10;11;12;13;14;15;16;17;18;19;20;21;22;23;24;25,,0,0,16
controlled-3721,controlled,hit_93.75,lead_8/rep_0,1,0,0,History-Last1,8.0,0.0,128,10;11;12;13;14;15;16;17;18;19;20;21;22;23;24;25,0;10;11;12;13;14;15;16;17;18;19;20;21;22;23;24,15,1,1
controlled-3722,controlled,hit_93.75,lead_8/rep_0,1,0,0,Oracle,8.0,0.0,128,10;11;12;13;14;15;16;17;18;19;20;21;22;23;24;25,10;11;12;13;14;15;16;17;18;19;20;21;22;23;24;25,16,0,0
controlled-3723,controlled,hit_93.75,lead_8/rep_1,2,0,0,No-Selected-Prefetch,8.0,0.0,128,10;11;12;13;14;15;16;17;18;19;20;21;22;23;24;25,,0,0,16
controlled-3724,controlled,hit_93.75,lead_8/rep_1,2,0,0,History-Last1,8.0,0.0,128,10;11;12;13;14;15;16;17;18;19;20;21;22;23;24;25,0;10;11;12;13;14;15;16;17;18;19;20;21;22;23;24,15,1,1
controlled-3725,controlled,hit_93.75,lead_8/rep_1,2,0,0,Oracle,8.0,0.0,128,10;11;12;13;14;15;16;17;18;19;20;21;22;23;24;25,10;11;12;13;14;15;16;17;18;19;20;21;22;23;24;25,16,0,0
controlled-3726,controlled,hit_93.75,lead_8/rep_2,3,0,0,No-Selected-Prefetch,8.0,0.0,128,10;11;12;13;14;15;16;17;18;19;20;21;22;23;24;25,,0,0,16
controlled-3727,controlled,hit_93.75,lead_8/rep_2,3,0,0,History-Last1,8.0,0.0,128,10;11;12;13;14;15;16;17;18;19;20;21;22;23;24;25,0;10;11;12;13;14;15;16;17;18;19;20;21;22;23;24,15,1,1
controlled-3728,controlled,hit_93.75,lead_8/rep_2,3,0,0,Oracle,8.0,0.0,128,10;11;12;13;14;15;16;17;18;19;20;21;22;23;24;25,10;11;12;13;14;15;16;17;18;19;20;21;22;23;24;25,16,0,0
controlled-3729,controlled,hit_93.75,lead_8/rep_3,4,0,0,No-Selected-Prefetch,8.0,0.0,128,10;11;12;13;14;15;16;17;18;19;20;21;22;23;24;25,,0,0,16
controlled-3730,controlled,hit_93.75,lead_8/rep_3,4,0,0,History-Last1,8.0,0.0,128,10;11;12;13;14;15;16;17;18;19;20;21;22;23;24;25,0;10;11;12;13;14;15;16;17;18;19;20;21;22;23;24,15,1,1
controlled-3731,controlled,hit_93.75,lead_8/rep_3,4,0,0,Oracle,8.0,0.0,128,10;11;12;13;14;15;16;17;18;19;20;21;22;23;24;25,10;11;12;13;14;15;16;17;18;19;20;21;22;23;24;25,16,0,0
controlled-3732,controlled,hit_93.75,lead_8/rep_4,5,0,0,No-Selected-Prefetch,8.0,0.0,128,10;11;12;13;14;15;16;17;18;19;20;21;22;23;24;25,,0,0,16
controlled-3733,controlled,hit_93.75,lead_8/rep_4,5,0,0,History-Last1,8.0,0.0,128,10;11;12;13;14;15;16;17;18;19;20;21;22;23;24;25,0;10;11;12;13;14;15;16;17;18;19;20;21;22;23;24,15,1,1
controlled-3734,controlled,hit_93.75,lead_8/rep_4,5,0,0,Oracle,8.0,0.0,128,10;11;12;13;14;15;16;17;18;19;20;21;22;23;24;25,10;11;12;13;14;15;16;17;18;19;20;21;22;23;24;25,16,0,0
controlled-3735,controlled,hit_93.75,lead_8/rep_5,6,0,0,No-Selected-Prefetch,8.0,0.0,128,10;11;12;13;14;15;16;17;18;19;20;21;22;23;24;25,,0,0,16
controlled-3736,controlled,hit_93.75,lead_8/rep_5,6,0,0,History-Last1,8.0,0.0,128,10;11;12;13;14;15;16;17;18;19;20;21;22;23;24;25,0;10;11;12;13;14;15;16;17;18;19;20;21;22;23;24,15,1,1
controlled-3737,controlled,hit_93.75,lead_8/rep_5,6,0,0,Oracle,8.0,0.0,128,10;11;12;13;14;15;16;17;18;19;20;21;22;23;24;25,10;11;12;13;14;15;16;17;18;19;20;21;22;23;24;25,16,0,0
controlled-3738,controlled,hit_93.75,lead_8/rep_6,7,0,0,No-Selected-Prefetch,8.0,0.0,128,10;11;12;13;14;15;16;17;18;19;20;21;22;23;24;25,,0,0,16
controlled-3739,controlled,hit_93.75,lead_8/rep_6,7,0,0,History-Last1,8.0,0.0,128,10;11;12;13;14;15;16;17;18;19;20;21;22;23;24;25,0;10;11;12;13;14;15;16;17;18;19;20;21;22;23;24,15,1,1
controlled-3740,controlled,hit_93.75,lead_8/rep_6,7,0,0,Oracle,8.0,0.0,128,10;11;12;13;14;15;16;17;18;19;20;21;22;23;24;25,10;11;12;13;14;15;16;17;18;19;20;21;22;23;24;25,16,0,0
controlled-3741,controlled,hit_93.75,lead_8/rep_7,8,0,0,No-Selected-Prefetch,8.0,0.0,128,10;11;12;13;14;15;16;17;18;19;20;21;22;23;24;25,,0,0,16
controlled-3742,controlled,hit_93.75,lead_8/rep_7,8,0,0,History-Last1,8.0,0.0,128,10;11;12;13;14;15;16;17;18;19;20;21;22;23;24;25,0;10;11;12;13;14;15;16;17;18;19;20;21;22;23;24,15,1,1
controlled-3743,controlled,hit_93.75,lead_8/rep_7,8,0,0,Oracle,8.0,0.0,128,10;11;12;13;14;15;16;17;18;19;20;21;22;23;24;25,10;11;12;13;14;15;16;17;18;19;20;21;22;23;24;25,16,0,0
controlled-3744,controlled,hit_93.75,lead_8/rep_8,9,0,0,No-Selected-Prefetch,8.0,0.0,128,10;11;12;13;14;15;16;17;18;19;20;21;22;23;24;25,,0,0,16
controlled-3745,controlled,hit_93.75,lead_8/rep_8,9,0,0,History-Last1,8.0,0.0,128,10;11;12;13;14;15;16;17;18;19;20;21;22;23;24;25,0;10;11;12;13;14;15;16;17;18;19;20;21;22;23;24,15,1,1
controlled-3746,controlled,hit_93.75,lead_8/rep_8,9,0,0,Oracle,8.0,0.0,128,10;11;12;13;14;15;16;17;18;19;20;21;22;23;24;25,10;11;12;13;14;15;16;17;18;19;20;21;22;23;24;25,16,0,0
controlled-3747,controlled,hit_93.75,lead_8/rep_9,10,0,0,No-Selected-Prefetch,8.0,0.0,128,10;11;12;13;14;15;16;17;18;19;20;21;22;23;24;25,,0,0,16
controlled-3748,controlled,hit_93.75,lead_8/rep_9,10,0,0,History-Last1,8.0,0.0,128,10;11;12;13;14;15;16;17;18;19;20;21;22;23;24;25,0;10;11;12;13;14;15;16;17;18;19;20;21;22;23;24,15,1,1
controlled-3749,controlled,hit_93.75,lead_8/rep_9,10,0,0,Oracle,8.0,0.0,128,10;11;12;13;14;15;16;17;18;19;20;21;22;23;24;25,10;11;12;13;14;15;16;17;18;19;20;21;22;23;24;25,16,0,0
controlled-3750,controlled,hit_93.75,lead_8/rep_10,11,0,0,No-Selected-Prefetch,8.0,0.0,128,10;11;12;13;14;15;16;17;18;19;20;21;22;23;24;25,,0,0,16
controlled-3751,controlled,hit_93.75,lead_8/rep_10,11,0,0,History-Last1,8.0,0.0,128,10;11;12;13;14;15;16;17;18;19;20;21;22;23;24;25,0;10;11;12;13;14;15;16;17;18;19;20;21;22;23;24,15,1,1
controlled-3752,controlled,hit_93.75,lead_8/rep_10,11,0,0,Oracle,8.0,0.0,128,10;11;12;13;14;15;16;17;18;19;20;21;22;23;24;25,10;11;12;13;14;15;16;17;18;19;20;21;22;23;24;25,16,0,0
controlled-3753,controlled,hit_93.75,lead_8/rep_11,12,0,0,No-Selected-Prefetch,8.0,0.0,128,10;11;12;13;14;15;16;17;18;19;20;21;22;23;24;25,,0,0,16
controlled-3754,controlled,hit_93.75,lead_8/rep_11,12,0,0,History-Last1,8.0,0.0,128,10;11;12;13;14;15;16;17;18;19;20;21;22;23;24;25,0;10;11;12;13;14;15;16;17;18;19;20;21;22;23;24,15,1,1
controlled-3755,controlled,hit_93.75,lead_8/rep_11,12,0,0,Oracle,8.0,0.0,128,10;11;12;13;14;15;16;17;18;19;20;21;22;23;24;25,10;11;12;13;14;15;16;17;18;19;20;21;22;23;24;25,16,0,0
controlled-3756,controlled,hit_93.75,lead_8/rep_12,13,0,0,No-Selected-Prefetch,8.0,0.0,128,10;11;12;13;14;15;16;17;18;19;20;21;22;23;24;25,,0,0,16
controlled-3757,controlled,hit_93.75,lead_8/rep_12,13,0,0,History-Last1,8.0,0.0,128,10;11;12;13;14;15;16;17;18;19;20;21;22;23;24;25,0;10;11;12;13;14;15;16;17;18;19;20;21;22;23;24,15,1,1
controlled-3758,controlled,hit_93.75,lead_8/rep_12,13,0,0,Oracle,8.0,0.0,128,10;11;12;13;14;15;16;17;18;19;20;21;22;23;24;25,10;11;12;13;14;15;16;17;18;19;20;21;22;23;24;25,16,0,0
controlled-3759,controlled,hit_93.75,lead_8/rep_13,14,0,0,No-Selected-Prefetch,8.0,0.0,128,10;11;12;13;14;15;16;17;18;19;20;21;22;23;24;25,,0,0,16
controlled-3760,controlled,hit_93.75,lead_8/rep_13,14,0,0,History-Last1,8.0,0.0,128,10;11;12;13;14;15;16;17;18;19;20;21;22;23;24;25,0;10;11;12;13;14;15;16;17;18;19;20;21;22;23;24,15,1,1
controlled-3761,controlled,hit_93.75,lead_8/rep_13,14,0,0,Oracle,8.0,0.0,128,10;11;12;13;14;15;16;17;18;19;20;21;22;23;24;25,10;11;12;13;14;15;16;17;18;19;20;21;22;23;24;25,16,0,0
controlled-3762,controlled,hit_93.75,lead_8/rep_14,15,0,0,No-Selected-Prefetch,8.0,0.0,128,10;11;12;13;14;15;16;17;18;19;20;21;22;23;24;25,,0,0,16
controlled-3763,controlled,hit_93.75,lead_8/rep_14,15,0,0,History-Last1,8.0,0.0,128,10;11;12;13;14;15;16;17;18;19;20;21;22;23;24;25,0;10;11;12;13;14;15;16;17;18;19;20;21;22;23;24,15,1,1
controlled-3764,controlled,hit_93.75,lead_8/rep_14,15,0,0,Oracle,8.0,0.0,128,10;11;12;13;14;15;16;17;18;19;20;21;22;23;24;25,10;11;12;13;14;15;16;17;18;19;20;21;22;23;24;25,16,0,0
controlled-3765,controlled,hit_93.75,lead_8/rep_15,16,0,0,No-Selected-Prefetch,8.0,0.0,128,10;11;12;13;14;15;16;17;18;19;20;21;22;23;24;25,,0,0,16
controlled-3766,controlled,hit_93.75,lead_8/rep_15,16,0,0,History-Last1,8.0,0.0,128,10;11;12;13;14;15;16;17;18;19;20;21;22;23;24;25,0;10;11;12;13;14;15;16;17;18;19;20;21;22;23;24,15,1,1
controlled-3767,controlled,hit_93.75,lead_8/rep_15,16,0,0,Oracle,8.0,0.0,128,10;11;12;13;14;15;16;17;18;19;20;21;22;23;24;25,10;11;12;13;14;15;16;17;18;19;20;21;22;23;24;25,16,0,0
controlled-3768,controlled,hit_93.75,lead_8/rep_16,17,0,0,No-Selected-Prefetch,8.0,0.0,128,10;11;12;13;14;15;16;17;18;19;20;21;22;23;24;25,,0,0,16
controlled-3769,controlled,hit_93.75,lead_8/rep_16,17,0,0,History-Last1,8.0,0.0,128,10;11;12;13;14;15;16;17;18;19;20;21;22;23;24;25,0;10;11;12;13;14;15;16;17;18;19;20;21;22;23;24,15,1,1
controlled-3770,controlled,hit_93.75,lead_8/rep_16,17,0,0,Oracle,8.0,0.0,128,10;11;12;13;14;15;16;17;18;19;20;21;22;23;24;25,10;11;12;13;14;15;16;17;18;19;20;21;22;23;24;25,16,0,0
controlled-3771,controlled,hit_93.75,lead_8/rep_17,18,0,0,No-Selected-Prefetch,8.0,0.0,128,10;11;12;13;14;15;16;17;18;19;20;21;22;23;24;25,,0,0,16
controlled-3772,controlled,hit_93.75,lead_8/rep_17,18,0,0,History-Last1,8.0,0.0,128,10;11;12;13;14;15;16;17;18;19;20;21;22;23;24;25,0;10;11;12;13;14;15;16;17;18;19;20;21;22;23;24,15,1,1
controlled-3773,controlled,hit_93.75,lead_8/rep_17,18,0,0,Oracle,8.0,0.0,128,10;11;12;13;14;15;16;17;18;19;20;21;22;23;24;25,10;11;12;13;14;15;16;17;18;19;20;21;22;23;24;25,16,0,0
controlled-3774,controlled,hit_93.75,lead_8/rep_18,19,0,0,No-Selected-Prefetch,8.0,0.0,128,10;11;12;13;14;15;16;17;18;19;20;21;22;23;24;25,,0,0,16
controlled-3775,controlled,hit_93.75,lead_8/rep_18,19,0,0,History-Last1,8.0,0.0,128,10;11;12;13;14;15;16;17;18;19;20;21;22;23;24;25,0;10;11;12;13;14;15;16;17;18;19;20;21;22;23;24,15,1,1
controlled-3776,controlled,hit_93.75,lead_8/rep_18,19,0,0,Oracle,8.0,0.0,128,10;11;12;13;14;15;16;17;18;19;20;21;22;23;24;25,10;11;12;13;14;15;16;17;18;19;20;21;22;23;24;25,16,0,0
controlled-3777,controlled,hit_93.75,lead_8/rep_19,20,0,0,No-Selected-Prefetch,8.0,0.0,128,10;11;12;13;14;15;16;17;18;19;20;21;22;23;24;25,,0,0,16
controlled-3778,controlled,hit_93.75,lead_8/rep_19,20,0,0,History-Last1,8.0,0.0,128,10;11;12;13;14;15;16;17;18;19;20;21;22;23;24;25,0;10;11;12;13;14;15;16;17;18;19;20;21;22;23;24,15,1,1
controlled-3779,controlled,hit_93.75,lead_8/rep_19,20,0,0,Oracle,8.0,0.0,128,10;11;12;13;14;15;16;17;18;19;20;21;22;23;24;25,10;11;12;13;14;15;16;17;18;19;20;21;22;23;24;25,16,0,0
controlled-3780,controlled,hit_100,lead_0/rep_0,1,0,0,No-Selected-Prefetch,0.0,0.0,128,10;11;12;13;14;15;16;17;18;19;20;21;22;23;24;25,,0,0,16
controlled-3781,controlled,hit_100,lead_0/rep_0,1,0,0,History-Last1,0.0,0.0,128,10;11;12;13;14;15;16;17;18;19;20;21;22;23;24;25,10;11;12;13;14;15;16;17;18;19;20;21;22;23;24;25,16,0,0
controlled-3782,controlled,hit_100,lead_0/rep_0,1,0,0,Oracle,0.0,0.0,128,10;11;12;13;14;15;16;17;18;19;20;21;22;23;24;25,10;11;12;13;14;15;16;17;18;19;20;21;22;23;24;25,16,0,0
controlled-3783,controlled,hit_100,lead_0/rep_1,2,0,0,No-Selected-Prefetch,0.0,0.0,128,10;11;12;13;14;15;16;17;18;19;20;21;22;23;24;25,,0,0,16
controlled-3784,controlled,hit_100,lead_0/rep_1,2,0,0,History-Last1,0.0,0.0,128,10;11;12;13;14;15;16;17;18;19;20;21;22;23;24;25,10;11;12;13;14;15;16;17;18;19;20;21;22;23;24;25,16,0,0
controlled-3785,controlled,hit_100,lead_0/rep_1,2,0,0,Oracle,0.0,0.0,128,10;11;12;13;14;15;16;17;18;19;20;21;22;23;24;25,10;11;12;13;14;15;16;17;18;19;20;21;22;23;24;25,16,0,0
controlled-3786,controlled,hit_100,lead_0/rep_2,3,0,0,No-Selected-Prefetch,0.0,0.0,128,10;11;12;13;14;15;16;17;18;19;20;21;22;23;24;25,,0,0,16
controlled-3787,controlled,hit_100,lead_0/rep_2,3,0,0,History-Last1,0.0,0.0,128,10;11;12;13;14;15;16;17;18;19;20;21;22;23;24;25,10;11;12;13;14;15;16;17;18;19;20;21;22;23;24;25,16,0,0
controlled-3788,controlled,hit_100,lead_0/rep_2,3,0,0,Oracle,0.0,0.0,128,10;11;12;13;14;15;16;17;18;19;20;21;22;23;24;25,10;11;12;13;14;15;16;17;18;19;20;21;22;23;24;25,16,0,0
controlled-3789,controlled,hit_100,lead_0/rep_3,4,0,0,No-Selected-Prefetch,0.0,0.0,128,10;11;12;13;14;15;16;17;18;19;20;21;22;23;24;25,,0,0,16
controlled-3790,controlled,hit_100,lead_0/rep_3,4,0,0,History-Last1,0.0,0.0,128,10;11;12;13;14;15;16;17;18;19;20;21;22;23;24;25,10;11;12;13;14;15;16;17;18;19;20;21;22;23;24;25,16,0,0
controlled-3791,controlled,hit_100,lead_0/rep_3,4,0,0,Oracle,0.0,0.0,128,10;11;12;13;14;15;16;17;18;19;20;21;22;23;24;25,10;11;12;13;14;15;16;17;18;19;20;21;22;23;24;25,16,0,0
controlled-3792,controlled,hit_100,lead_0/rep_4,5,0,0,No-Selected-Prefetch,0.0,0.0,128,10;11;12;13;14;15;16;17;18;19;20;21;22;23;24;25,,0,0,16
controlled-3793,controlled,hit_100,lead_0/rep_4,5,0,0,History-Last1,0.0,0.0,128,10;11;12;13;14;15;16;17;18;19;20;21;22;23;24;25,10;11;12;13;14;15;16;17;18;19;20;21;22;23;24;25,16,0,0
controlled-3794,controlled,hit_100,lead_0/rep_4,5,0,0,Oracle,0.0,0.0,128,10;11;12;13;14;15;16;17;18;19;20;21;22;23;24;25,10;11;12;13;14;15;16;17;18;19;20;21;22;23;24;25,16,0,0
controlled-3795,controlled,hit_100,lead_0/rep_5,6,0,0,No-Selected-Prefetch,0.0,0.0,128,10;11;12;13;14;15;16;17;18;19;20;21;22;23;24;25,,0,0,16
controlled-3796,controlled,hit_100,lead_0/rep_5,6,0,0,History-Last1,0.0,0.0,128,10;11;12;13;14;15;16;17;18;19;20;21;22;23;24;25,10;11;12;13;14;15;16;17;18;19;20;21;22;23;24;25,16,0,0
controlled-3797,controlled,hit_100,lead_0/rep_5,6,0,0,Oracle,0.0,0.0,128,10;11;12;13;14;15;16;17;18;19;20;21;22;23;24;25,10;11;12;13;14;15;16;17;18;19;20;21;22;23;24;25,16,0,0
controlled-3798,controlled,hit_100,lead_0/rep_6,7,0,0,No-Selected-Prefetch,0.0,0.0,128,10;11;12;13;14;15;16;17;18;19;20;21;22;23;24;25,,0,0,16
controlled-3799,controlled,hit_100,lead_0/rep_6,7,0,0,History-Last1,0.0,0.0,128,10;11;12;13;14;15;16;17;18;19;20;21;22;23;24;25,10;11;12;13;14;15;16;17;18;19;20;21;22;23;24;25,16,0,0
controlled-3800,controlled,hit_100,lead_0/rep_6,7,0,0,Oracle,0.0,0.0,128,10;11;12;13;14;15;16;17;18;19;20;21;22;23;24;25,10;11;12;13;14;15;16;17;18;19;20;21;22;23;24;25,16,0,0
controlled-3801,controlled,hit_100,lead_0/rep_7,8,0,0,No-Selected-Prefetch,0.0,0.0,128,10;11;12;13;14;15;16;17;18;19;20;21;22;23;24;25,,0,0,16
controlled-3802,controlled,hit_100,lead_0/rep_7,8,0,0,History-Last1,0.0,0.0,128,10;11;12;13;14;15;16;17;18;19;20;21;22;23;24;25,10;11;12;13;14;15;16;17;18;19;20;21;22;23;24;25,16,0,0
controlled-3803,controlled,hit_100,lead_0/rep_7,8,0,0,Oracle,0.0,0.0,128,10;11;12;13;14;15;16;17;18;19;20;21;22;23;24;25,10;11;12;13;14;15;16;17;18;19;20;21;22;23;24;25,16,0,0
controlled-3804,controlled,hit_100,lead_0/rep_8,9,0,0,No-Selected-Prefetch,0.0,0.0,128,10;11;12;13;14;15;16;17;18;19;20;21;22;23;24;25,,0,0,16
controlled-3805,controlled,hit_100,lead_0/rep_8,9,0,0,History-Last1,0.0,0.0,128,10;11;12;13;14;15;16;17;18;19;20;21;22;23;24;25,10;11;12;13;14;15;16;17;18;19;20;21;22;23;24;25,16,0,0
controlled-3806,controlled,hit_100,lead_0/rep_8,9,0,0,Oracle,0.0,0.0,128,10;11;12;13;14;15;16;17;18;19;20;21;22;23;24;25,10;11;12;13;14;15;16;17;18;19;20;21;22;23;24;25,16,0,0
controlled-3807,controlled,hit_100,lead_0/rep_9,10,0,0,No-Selected-Prefetch,0.0,0.0,128,10;11;12;13;14;15;16;17;18;19;20;21;22;23;24;25,,0,0,16
controlled-3808,controlled,hit_100,lead_0/rep_9,10,0,0,History-Last1,0.0,0.0,128,10;11;12;13;14;15;16;17;18;19;20;21;22;23;24;25,10;11;12;13;14;15;16;17;18;19;20;21;22;23;24;25,16,0,0
controlled-3809,controlled,hit_100,lead_0/rep_9,10,0,0,Oracle,0.0,0.0,128,10;11;12;13;14;15;16;17;18;19;20;21;22;23;24;25,10;11;12;13;14;15;16;17;18;19;20;21;22;23;24;25,16,0,0
controlled-3810,controlled,hit_100,lead_0/rep_10,11,0,0,No-Selected-Prefetch,0.0,0.0,128,10;11;12;13;14;15;16;17;18;19;20;21;22;23;24;25,,0,0,16
controlled-3811,controlled,hit_100,lead_0/rep_10,11,0,0,History-Last1,0.0,0.0,128,10;11;12;13;14;15;16;17;18;19;20;21;22;23;24;25,10;11;12;13;14;15;16;17;18;19;20;21;22;23;24;25,16,0,0
controlled-3812,controlled,hit_100,lead_0/rep_10,11,0,0,Oracle,0.0,0.0,128,10;11;12;13;14;15;16;17;18;19;20;21;22;23;24;25,10;11;12;13;14;15;16;17;18;19;20;21;22;23;24;25,16,0,0
controlled-3813,controlled,hit_100,lead_0/rep_11,12,0,0,No-Selected-Prefetch,0.0,0.0,128,10;11;12;13;14;15;16;17;18;19;20;21;22;23;24;25,,0,0,16
controlled-3814,controlled,hit_100,lead_0/rep_11,12,0,0,History-Last1,0.0,0.0,128,10;11;12;13;14;15;16;17;18;19;20;21;22;23;24;25,10;11;12;13;14;15;16;17;18;19;20;21;22;23;24;25,16,0,0
controlled-3815,controlled,hit_100,lead_0/rep_11,12,0,0,Oracle,0.0,0.0,128,10;11;12;13;14;15;16;17;18;19;20;21;22;23;24;25,10;11;12;13;14;15;16;17;18;19;20;21;22;23;24;25,16,0,0
controlled-3816,controlled,hit_100,lead_0/rep_12,13,0,0,No-Selected-Prefetch,0.0,0.0,128,10;11;12;13;14;15;16;17;18;19;20;21;22;23;24;25,,0,0,16
controlled-3817,controlled,hit_100,lead_0/rep_12,13,0,0,History-Last1,0.0,0.0,128,10;11;12;13;14;15;16;17;18;19;20;21;22;23;24;25,10;11;12;13;14;15;16;17;18;19;20;21;22;23;24;25,16,0,0
controlled-3818,controlled,hit_100,lead_0/rep_12,13,0,0,Oracle,0.0,0.0,128,10;11;12;13;14;15;16;17;18;19;20;21;22;23;24;25,10;11;12;13;14;15;16;17;18;19;20;21;22;23;24;25,16,0,0
controlled-3819,controlled,hit_100,lead_0/rep_13,14,0,0,No-Selected-Prefetch,0.0,0.0,128,10;11;12;13;14;15;16;17;18;19;20;21;22;23;24;25,,0,0,16
controlled-3820,controlled,hit_100,lead_0/rep_13,14,0,0,History-Last1,0.0,0.0,128,10;11;12;13;14;15;16;17;18;19;20;21;22;23;24;25,10;11;12;13;14;15;16;17;18;19;20;21;22;23;24;25,16,0,0
controlled-3821,controlled,hit_100,lead_0/rep_13,14,0,0,Oracle,0.0,0.0,128,10;11;12;13;14;15;16;17;18;19;20;21;22;23;24;25,10;11;12;13;14;15;16;17;18;19;20;21;22;23;24;25,16,0,0
controlled-3822,controlled,hit_100,lead_0/rep_14,15,0,0,No-Selected-Prefetch,0.0,0.0,128,10;11;12;13;14;15;16;17;18;19;20;21;22;23;24;25,,0,0,16
controlled-3823,controlled,hit_100,lead_0/rep_14,15,0,0,History-Last1,0.0,0.0,128,10;11;12;13;14;15;16;17;18;19;20;21;22;23;24;25,10;11;12;13;14;15;16;17;18;19;20;21;22;23;24;25,16,0,0
controlled-3824,controlled,hit_100,lead_0/rep_14,15,0,0,Oracle,0.0,0.0,128,10;11;12;13;14;15;16;17;18;19;20;21;22;23;24;25,10;11;12;13;14;15;16;17;18;19;20;21;22;23;24;25,16,0,0
controlled-3825,controlled,hit_100,lead_0/rep_15,16,0,0,No-Selected-Prefetch,0.0,0.0,128,10;11;12;13;14;15;16;17;18;19;20;21;22;23;24;25,,0,0,16
controlled-3826,controlled,hit_100,lead_0/rep_15,16,0,0,History-Last1,0.0,0.0,128,10;11;12;13;14;15;16;17;18;19;20;21;22;23;24;25,10;11;12;13;14;15;16;17;18;19;20;21;22;23;24;25,16,0,0
controlled-3827,controlled,hit_100,lead_0/rep_15,16,0,0,Oracle,0.0,0.0,128,10;11;12;13;14;15;16;17;18;19;20;21;22;23;24;25,10;11;12;13;14;15;16;17;18;19;20;21;22;23;24;25,16,0,0
controlled-3828,controlled,hit_100,lead_0/rep_16,17,0,0,No-Selected-Prefetch,0.0,0.0,128,10;11;12;13;14;15;16;17;18;19;20;21;22;23;24;25,,0,0,16
controlled-3829,controlled,hit_100,lead_0/rep_16,17,0,0,History-Last1,0.0,0.0,128,10;11;12;13;14;15;16;17;18;19;20;21;22;23;24;25,10;11;12;13;14;15;16;17;18;19;20;21;22;23;24;25,16,0,0
controlled-3830,controlled,hit_100,lead_0/rep_16,17,0,0,Oracle,0.0,0.0,128,10;11;12;13;14;15;16;17;18;19;20;21;22;23;24;25,10;11;12;13;14;15;16;17;18;19;20;21;22;23;24;25,16,0,0
controlled-3831,controlled,hit_100,lead_0/rep_17,18,0,0,No-Selected-Prefetch,0.0,0.0,128,10;11;12;13;14;15;16;17;18;19;20;21;22;23;24;25,,0,0,16
controlled-3832,controlled,hit_100,lead_0/rep_17,18,0,0,History-Last1,0.0,0.0,128,10;11;12;13;14;15;16;17;18;19;20;21;22;23;24;25,10;11;12;13;14;15;16;17;18;19;20;21;22;23;24;25,16,0,0
controlled-3833,controlled,hit_100,lead_0/rep_17,18,0,0,Oracle,0.0,0.0,128,10;11;12;13;14;15;16;17;18;19;20;21;22;23;24;25,10;11;12;13;14;15;16;17;18;19;20;21;22;23;24;25,16,0,0
controlled-3834,controlled,hit_100,lead_0/rep_18,19,0,0,No-Selected-Prefetch,0.0,0.0,128,10;11;12;13;14;15;16;17;18;19;20;21;22;23;24;25,,0,0,16
controlled-3835,controlled,hit_100,lead_0/rep_18,19,0,0,History-Last1,0.0,0.0,128,10;11;12;13;14;15;16;17;18;19;20;21;22;23;24;25,10;11;12;13;14;15;16;17;18;19;20;21;22;23;24;25,16,0,0
controlled-3836,controlled,hit_100,lead_0/rep_18,19,0,0,Oracle,0.0,0.0,128,10;11;12;13;14;15;16;17;18;19;20;21;22;23;24;25,10;11;12;13;14;15;16;17;18;19;20;21;22;23;24;25,16,0,0
controlled-3837,controlled,hit_100,lead_0/rep_19,20,0,0,No-Selected-Prefetch,0.0,0.0,128,10;11;12;13;14;15;16;17;18;19;20;21;22;23;24;25,,0,0,16
controlled-3838,controlled,hit_100,lead_0/rep_19,20,0,0,History-Last1,0.0,0.0,128,10;11;12;13;14;15;16;17;18;19;20;21;22;23;24;25,10;11;12;13;14;15;16;17;18;19;20;21;22;23;24;25,16,0,0
controlled-3839,controlled,hit_100,lead_0/rep_19,20,0,0,Oracle,0.0,0.0,128,10;11;12;13;14;15;16;17;18;19;20;21;22;23;24;25,10;11;12;13;14;15;16;17;18;19;20;21;22;23;24;25,16,0,0
controlled-3840,controlled,hit_100,lead_0.25/rep_0,1,0,0,No-Selected-Prefetch,0.25,0.0,128,10;11;12;13;14;15;16;17;18;19;20;21;22;23;24;25,,0,0,16
controlled-3841,controlled,hit_100,lead_0.25/rep_0,1,0,0,History-Last1,0.25,0.0,128,10;11;12;13;14;15;16;17;18;19;20;21;22;23;24;25,10;11;12;13;14;15;16;17;18;19;20;21;22;23;24;25,16,0,0
controlled-3842,controlled,hit_100,lead_0.25/rep_0,1,0,0,Oracle,0.25,0.0,128,10;11;12;13;14;15;16;17;18;19;20;21;22;23;24;25,10;11;12;13;14;15;16;17;18;19;20;21;22;23;24;25,16,0,0
controlled-3843,controlled,hit_100,lead_0.25/rep_1,2,0,0,No-Selected-Prefetch,0.25,0.0,128,10;11;12;13;14;15;16;17;18;19;20;21;22;23;24;25,,0,0,16
controlled-3844,controlled,hit_100,lead_0.25/rep_1,2,0,0,History-Last1,0.25,0.0,128,10;11;12;13;14;15;16;17;18;19;20;21;22;23;24;25,10;11;12;13;14;15;16;17;18;19;20;21;22;23;24;25,16,0,0
controlled-3845,controlled,hit_100,lead_0.25/rep_1,2,0,0,Oracle,0.25,0.0,128,10;11;12;13;14;15;16;17;18;19;20;21;22;23;24;25,10;11;12;13;14;15;16;17;18;19;20;21;22;23;24;25,16,0,0
controlled-3846,controlled,hit_100,lead_0.25/rep_2,3,0,0,No-Selected-Prefetch,0.25,0.0,128,10;11;12;13;14;15;16;17;18;19;20;21;22;23;24;25,,0,0,16
controlled-3847,controlled,hit_100,lead_0.25/rep_2,3,0,0,History-Last1,0.25,0.0,128,10;11;12;13;14;15;16;17;18;19;20;21;22;23;24;25,10;11;12;13;14;15;16;17;18;19;20;21;22;23;24;25,16,0,0
controlled-3848,controlled,hit_100,lead_0.25/rep_2,3,0,0,Oracle,0.25,0.0,128,10;11;12;13;14;15;16;17;18;19;20;21;22;23;24;25,10;11;12;13;14;15;16;17;18;19;20;21;22;23;24;25,16,0,0
controlled-3849,controlled,hit_100,lead_0.25/rep_3,4,0,0,No-Selected-Prefetch,0.25,0.0,128,10;11;12;13;14;15;16;17;18;19;20;21;22;23;24;25,,0,0,16
controlled-3850,controlled,hit_100,lead_0.25/rep_3,4,0,0,History-Last1,0.25,0.0,128,10;11;12;13;14;15;16;17;18;19;20;21;22;23;24;25,10;11;12;13;14;15;16;17;18;19;20;21;22;23;24;25,16,0,0
controlled-3851,controlled,hit_100,lead_0.25/rep_3,4,0,0,Oracle,0.25,0.0,128,10;11;12;13;14;15;16;17;18;19;20;21;22;23;24;25,10;11;12;13;14;15;16;17;18;19;20;21;22;23;24;25,16,0,0
controlled-3852,controlled,hit_100,lead_0.25/rep_4,5,0,0,No-Selected-Prefetch,0.25,0.0,128,10;11;12;13;14;15;16;17;18;19;20;21;22;23;24;25,,0,0,16
controlled-3853,controlled,hit_100,lead_0.25/rep_4,5,0,0,History-Last1,0.25,0.0,128,10;11;12;13;14;15;16;17;18;19;20;21;22;23;24;25,10;11;12;13;14;15;16;17;18;19;20;21;22;23;24;25,16,0,0
controlled-3854,controlled,hit_100,lead_0.25/rep_4,5,0,0,Oracle,0.25,0.0,128,10;11;12;13;14;15;16;17;18;19;20;21;22;23;24;25,10;11;12;13;14;15;16;17;18;19;20;21;22;23;24;25,16,0,0
controlled-3855,controlled,hit_100,lead_0.25/rep_5,6,0,0,No-Selected-Prefetch,0.25,0.0,128,10;11;12;13;14;15;16;17;18;19;20;21;22;23;24;25,,0,0,16
controlled-3856,controlled,hit_100,lead_0.25/rep_5,6,0,0,History-Last1,0.25,0.0,128,10;11;12;13;14;15;16;17;18;19;20;21;22;23;24;25,10;11;12;13;14;15;16;17;18;19;20;21;22;23;24;25,16,0,0
controlled-3857,controlled,hit_100,lead_0.25/rep_5,6,0,0,Oracle,0.25,0.0,128,10;11;12;13;14;15;16;17;18;19;20;21;22;23;24;25,10;11;12;13;14;15;16;17;18;19;20;21;22;23;24;25,16,0,0
controlled-3858,controlled,hit_100,lead_0.25/rep_6,7,0,0,No-Selected-Prefetch,0.25,0.0,128,10;11;12;13;14;15;16;17;18;19;20;21;22;23;24;25,,0,0,16
controlled-3859,controlled,hit_100,lead_0.25/rep_6,7,0,0,History-Last1,0.25,0.0,128,10;11;12;13;14;15;16;17;18;19;20;21;22;23;24;25,10;11;12;13;14;15;16;17;18;19;20;21;22;23;24;25,16,0,0
controlled-3860,controlled,hit_100,lead_0.25/rep_6,7,0,0,Oracle,0.25,0.0,128,10;11;12;13;14;15;16;17;18;19;20;21;22;23;24;25,10;11;12;13;14;15;16;17;18;19;20;21;22;23;24;25,16,0,0
controlled-3861,controlled,hit_100,lead_0.25/rep_7,8,0,0,No-Selected-Prefetch,0.25,0.0,128,10;11;12;13;14;15;16;17;18;19;20;21;22;23;24;25,,0,0,16
controlled-3862,controlled,hit_100,lead_0.25/rep_7,8,0,0,History-Last1,0.25,0.0,128,10;11;12;13;14;15;16;17;18;19;20;21;22;23;24;25,10;11;12;13;14;15;16;17;18;19;20;21;22;23;24;25,16,0,0
controlled-3863,controlled,hit_100,lead_0.25/rep_7,8,0,0,Oracle,0.25,0.0,128,10;11;12;13;14;15;16;17;18;19;20;21;22;23;24;25,10;11;12;13;14;15;16;17;18;19;20;21;22;23;24;25,16,0,0
controlled-3864,controlled,hit_100,lead_0.25/rep_8,9,0,0,No-Selected-Prefetch,0.25,0.0,128,10;11;12;13;14;15;16;17;18;19;20;21;22;23;24;25,,0,0,16
controlled-3865,controlled,hit_100,lead_0.25/rep_8,9,0,0,History-Last1,0.25,0.0,128,10;11;12;13;14;15;16;17;18;19;20;21;22;23;24;25,10;11;12;13;14;15;16;17;18;19;20;21;22;23;24;25,16,0,0
controlled-3866,controlled,hit_100,lead_0.25/rep_8,9,0,0,Oracle,0.25,0.0,128,10;11;12;13;14;15;16;17;18;19;20;21;22;23;24;25,10;11;12;13;14;15;16;17;18;19;20;21;22;23;24;25,16,0,0
controlled-3867,controlled,hit_100,lead_0.25/rep_9,10,0,0,No-Selected-Prefetch,0.25,0.0,128,10;11;12;13;14;15;16;17;18;19;20;21;22;23;24;25,,0,0,16
controlled-3868,controlled,hit_100,lead_0.25/rep_9,10,0,0,History-Last1,0.25,0.0,128,10;11;12;13;14;15;16;17;18;19;20;21;22;23;24;25,10;11;12;13;14;15;16;17;18;19;20;21;22;23;24;25,16,0,0
controlled-3869,controlled,hit_100,lead_0.25/rep_9,10,0,0,Oracle,0.25,0.0,128,10;11;12;13;14;15;16;17;18;19;20;21;22;23;24;25,10;11;12;13;14;15;16;17;18;19;20;21;22;23;24;25,16,0,0
controlled-3870,controlled,hit_100,lead_0.25/rep_10,11,0,0,No-Selected-Prefetch,0.25,0.0,128,10;11;12;13;14;15;16;17;18;19;20;21;22;23;24;25,,0,0,16
controlled-3871,controlled,hit_100,lead_0.25/rep_10,11,0,0,History-Last1,0.25,0.0,128,10;11;12;13;14;15;16;17;18;19;20;21;22;23;24;25,10;11;12;13;14;15;16;17;18;19;20;21;22;23;24;25,16,0,0
controlled-3872,controlled,hit_100,lead_0.25/rep_10,11,0,0,Oracle,0.25,0.0,128,10;11;12;13;14;15;16;17;18;19;20;21;22;23;24;25,10;11;12;13;14;15;16;17;18;19;20;21;22;23;24;25,16,0,0
controlled-3873,controlled,hit_100,lead_0.25/rep_11,12,0,0,No-Selected-Prefetch,0.25,0.0,128,10;11;12;13;14;15;16;17;18;19;20;21;22;23;24;25,,0,0,16
controlled-3874,controlled,hit_100,lead_0.25/rep_11,12,0,0,History-Last1,0.25,0.0,128,10;11;12;13;14;15;16;17;18;19;20;21;22;23;24;25,10;11;12;13;14;15;16;17;18;19;20;21;22;23;24;25,16,0,0
controlled-3875,controlled,hit_100,lead_0.25/rep_11,12,0,0,Oracle,0.25,0.0,128,10;11;12;13;14;15;16;17;18;19;20;21;22;23;24;25,10;11;12;13;14;15;16;17;18;19;20;21;22;23;24;25,16,0,0
controlled-3876,controlled,hit_100,lead_0.25/rep_12,13,0,0,No-Selected-Prefetch,0.25,0.0,128,10;11;12;13;14;15;16;17;18;19;20;21;22;23;24;25,,0,0,16
controlled-3877,controlled,hit_100,lead_0.25/rep_12,13,0,0,History-Last1,0.25,0.0,128,10;11;12;13;14;15;16;17;18;19;20;21;22;23;24;25,10;11;12;13;14;15;16;17;18;19;20;21;22;23;24;25,16,0,0
controlled-3878,controlled,hit_100,lead_0.25/rep_12,13,0,0,Oracle,0.25,0.0,128,10;11;12;13;14;15;16;17;18;19;20;21;22;23;24;25,10;11;12;13;14;15;16;17;18;19;20;21;22;23;24;25,16,0,0
controlled-3879,controlled,hit_100,lead_0.25/rep_13,14,0,0,No-Selected-Prefetch,0.25,0.0,128,10;11;12;13;14;15;16;17;18;19;20;21;22;23;24;25,,0,0,16
controlled-3880,controlled,hit_100,lead_0.25/rep_13,14,0,0,History-Last1,0.25,0.0,128,10;11;12;13;14;15;16;17;18;19;20;21;22;23;24;25,10;11;12;13;14;15;16;17;18;19;20;21;22;23;24;25,16,0,0
controlled-3881,controlled,hit_100,lead_0.25/rep_13,14,0,0,Oracle,0.25,0.0,128,10;11;12;13;14;15;16;17;18;19;20;21;22;23;24;25,10;11;12;13;14;15;16;17;18;19;20;21;22;23;24;25,16,0,0
controlled-3882,controlled,hit_100,lead_0.25/rep_14,15,0,0,No-Selected-Prefetch,0.25,0.0,128,10;11;12;13;14;15;16;17;18;19;20;21;22;23;24;25,,0,0,16
controlled-3883,controlled,hit_100,lead_0.25/rep_14,15,0,0,History-Last1,0.25,0.0,128,10;11;12;13;14;15;16;17;18;19;20;21;22;23;24;25,10;11;12;13;14;15;16;17;18;19;20;21;22;23;24;25,16,0,0
controlled-3884,controlled,hit_100,lead_0.25/rep_14,15,0,0,Oracle,0.25,0.0,128,10;11;12;13;14;15;16;17;18;19;20;21;22;23;24;25,10;11;12;13;14;15;16;17;18;19;20;21;22;23;24;25,16,0,0
controlled-3885,controlled,hit_100,lead_0.25/rep_15,16,0,0,No-Selected-Prefetch,0.25,0.0,128,10;11;12;13;14;15;16;17;18;19;20;21;22;23;24;25,,0,0,16
controlled-3886,controlled,hit_100,lead_0.25/rep_15,16,0,0,History-Last1,0.25,0.0,128,10;11;12;13;14;15;16;17;18;19;20;21;22;23;24;25,10;11;12;13;14;15;16;17;18;19;20;21;22;23;24;25,16,0,0
controlled-3887,controlled,hit_100,lead_0.25/rep_15,16,0,0,Oracle,0.25,0.0,128,10;11;12;13;14;15;16;17;18;19;20;21;22;23;24;25,10;11;12;13;14;15;16;17;18;19;20;21;22;23;24;25,16,0,0
controlled-3888,controlled,hit_100,lead_0.25/rep_16,17,0,0,No-Selected-Prefetch,0.25,0.0,128,10;11;12;13;14;15;16;17;18;19;20;21;22;23;24;25,,0,0,16
controlled-3889,controlled,hit_100,lead_0.25/rep_16,17,0,0,History-Last1,0.25,0.0,128,10;11;12;13;14;15;16;17;18;19;20;21;22;23;24;25,10;11;12;13;14;15;16;17;18;19;20;21;22;23;24;25,16,0,0
controlled-3890,controlled,hit_100,lead_0.25/rep_16,17,0,0,Oracle,0.25,0.0,128,10;11;12;13;14;15;16;17;18;19;20;21;22;23;24;25,10;11;12;13;14;15;16;17;18;19;20;21;22;23;24;25,16,0,0
controlled-3891,controlled,hit_100,lead_0.25/rep_17,18,0,0,No-Selected-Prefetch,0.25,0.0,128,10;11;12;13;14;15;16;17;18;19;20;21;22;23;24;25,,0,0,16
controlled-3892,controlled,hit_100,lead_0.25/rep_17,18,0,0,History-Last1,0.25,0.0,128,10;11;12;13;14;15;16;17;18;19;20;21;22;23;24;25,10;11;12;13;14;15;16;17;18;19;20;21;22;23;24;25,16,0,0
controlled-3893,controlled,hit_100,lead_0.25/rep_17,18,0,0,Oracle,0.25,0.0,128,10;11;12;13;14;15;16;17;18;19;20;21;22;23;24;25,10;11;12;13;14;15;16;17;18;19;20;21;22;23;24;25,16,0,0
controlled-3894,controlled,hit_100,lead_0.25/rep_18,19,0,0,No-Selected-Prefetch,0.25,0.0,128,10;11;12;13;14;15;16;17;18;19;20;21;22;23;24;25,,0,0,16
controlled-3895,controlled,hit_100,lead_0.25/rep_18,19,0,0,History-Last1,0.25,0.0,128,10;11;12;13;14;15;16;17;18;19;20;21;22;23;24;25,10;11;12;13;14;15;16;17;18;19;20;21;22;23;24;25,16,0,0
controlled-3896,controlled,hit_100,lead_0.25/rep_18,19,0,0,Oracle,0.25,0.0,128,10;11;12;13;14;15;16;17;18;19;20;21;22;23;24;25,10;11;12;13;14;15;16;17;18;19;20;21;22;23;24;25,16,0,0
controlled-3897,controlled,hit_100,lead_0.25/rep_19,20,0,0,No-Selected-Prefetch,0.25,0.0,128,10;11;12;13;14;15;16;17;18;19;20;21;22;23;24;25,,0,0,16
controlled-3898,controlled,hit_100,lead_0.25/rep_19,20,0,0,History-Last1,0.25,0.0,128,10;11;12;13;14;15;16;17;18;19;20;21;22;23;24;25,10;11;12;13;14;15;16;17;18;19;20;21;22;23;24;25,16,0,0
controlled-3899,controlled,hit_100,lead_0.25/rep_19,20,0,0,Oracle,0.25,0.0,128,10;11;12;13;14;15;16;17;18;19;20;21;22;23;24;25,10;11;12;13;14;15;16;17;18;19;20;21;22;23;24;25,16,0,0
controlled-3900,controlled,hit_100,lead_0.5/rep_0,1,0,0,No-Selected-Prefetch,0.5,0.0,128,10;11;12;13;14;15;16;17;18;19;20;21;22;23;24;25,,0,0,16
controlled-3901,controlled,hit_100,lead_0.5/rep_0,1,0,0,History-Last1,0.5,0.0,128,10;11;12;13;14;15;16;17;18;19;20;21;22;23;24;25,10;11;12;13;14;15;16;17;18;19;20;21;22;23;24;25,16,0,0
controlled-3902,controlled,hit_100,lead_0.5/rep_0,1,0,0,Oracle,0.5,0.0,128,10;11;12;13;14;15;16;17;18;19;20;21;22;23;24;25,10;11;12;13;14;15;16;17;18;19;20;21;22;23;24;25,16,0,0
controlled-3903,controlled,hit_100,lead_0.5/rep_1,2,0,0,No-Selected-Prefetch,0.5,0.0,128,10;11;12;13;14;15;16;17;18;19;20;21;22;23;24;25,,0,0,16
controlled-3904,controlled,hit_100,lead_0.5/rep_1,2,0,0,History-Last1,0.5,0.0,128,10;11;12;13;14;15;16;17;18;19;20;21;22;23;24;25,10;11;12;13;14;15;16;17;18;19;20;21;22;23;24;25,16,0,0
controlled-3905,controlled,hit_100,lead_0.5/rep_1,2,0,0,Oracle,0.5,0.0,128,10;11;12;13;14;15;16;17;18;19;20;21;22;23;24;25,10;11;12;13;14;15;16;17;18;19;20;21;22;23;24;25,16,0,0
controlled-3906,controlled,hit_100,lead_0.5/rep_2,3,0,0,No-Selected-Prefetch,0.5,0.0,128,10;11;12;13;14;15;16;17;18;19;20;21;22;23;24;25,,0,0,16
controlled-3907,controlled,hit_100,lead_0.5/rep_2,3,0,0,History-Last1,0.5,0.0,128,10;11;12;13;14;15;16;17;18;19;20;21;22;23;24;25,10;11;12;13;14;15;16;17;18;19;20;21;22;23;24;25,16,0,0
controlled-3908,controlled,hit_100,lead_0.5/rep_2,3,0,0,Oracle,0.5,0.0,128,10;11;12;13;14;15;16;17;18;19;20;21;22;23;24;25,10;11;12;13;14;15;16;17;18;19;20;21;22;23;24;25,16,0,0
controlled-3909,controlled,hit_100,lead_0.5/rep_3,4,0,0,No-Selected-Prefetch,0.5,0.0,128,10;11;12;13;14;15;16;17;18;19;20;21;22;23;24;25,,0,0,16
controlled-3910,controlled,hit_100,lead_0.5/rep_3,4,0,0,History-Last1,0.5,0.0,128,10;11;12;13;14;15;16;17;18;19;20;21;22;23;24;25,10;11;12;13;14;15;16;17;18;19;20;21;22;23;24;25,16,0,0
controlled-3911,controlled,hit_100,lead_0.5/rep_3,4,0,0,Oracle,0.5,0.0,128,10;11;12;13;14;15;16;17;18;19;20;21;22;23;24;25,10;11;12;13;14;15;16;17;18;19;20;21;22;23;24;25,16,0,0
controlled-3912,controlled,hit_100,lead_0.5/rep_4,5,0,0,No-Selected-Prefetch,0.5,0.0,128,10;11;12;13;14;15;16;17;18;19;20;21;22;23;24;25,,0,0,16
controlled-3913,controlled,hit_100,lead_0.5/rep_4,5,0,0,History-Last1,0.5,0.0,128,10;11;12;13;14;15;16;17;18;19;20;21;22;23;24;25,10;11;12;13;14;15;16;17;18;19;20;21;22;23;24;25,16,0,0
controlled-3914,controlled,hit_100,lead_0.5/rep_4,5,0,0,Oracle,0.5,0.0,128,10;11;12;13;14;15;16;17;18;19;20;21;22;23;24;25,10;11;12;13;14;15;16;17;18;19;20;21;22;23;24;25,16,0,0
controlled-3915,controlled,hit_100,lead_0.5/rep_5,6,0,0,No-Selected-Prefetch,0.5,0.0,128,10;11;12;13;14;15;16;17;18;19;20;21;22;23;24;25,,0,0,16
controlled-3916,controlled,hit_100,lead_0.5/rep_5,6,0,0,History-Last1,0.5,0.0,128,10;11;12;13;14;15;16;17;18;19;20;21;22;23;24;25,10;11;12;13;14;15;16;17;18;19;20;21;22;23;24;25,16,0,0
controlled-3917,controlled,hit_100,lead_0.5/rep_5,6,0,0,Oracle,0.5,0.0,128,10;11;12;13;14;15;16;17;18;19;20;21;22;23;24;25,10;11;12;13;14;15;16;17;18;19;20;21;22;23;24;25,16,0,0
controlled-3918,controlled,hit_100,lead_0.5/rep_6,7,0,0,No-Selected-Prefetch,0.5,0.0,128,10;11;12;13;14;15;16;17;18;19;20;21;22;23;24;25,,0,0,16
controlled-3919,controlled,hit_100,lead_0.5/rep_6,7,0,0,History-Last1,0.5,0.0,128,10;11;12;13;14;15;16;17;18;19;20;21;22;23;24;25,10;11;12;13;14;15;16;17;18;19;20;21;22;23;24;25,16,0,0
controlled-3920,controlled,hit_100,lead_0.5/rep_6,7,0,0,Oracle,0.5,0.0,128,10;11;12;13;14;15;16;17;18;19;20;21;22;23;24;25,10;11;12;13;14;15;16;17;18;19;20;21;22;23;24;25,16,0,0
controlled-3921,controlled,hit_100,lead_0.5/rep_7,8,0,0,No-Selected-Prefetch,0.5,0.0,128,10;11;12;13;14;15;16;17;18;19;20;21;22;23;24;25,,0,0,16
controlled-3922,controlled,hit_100,lead_0.5/rep_7,8,0,0,History-Last1,0.5,0.0,128,10;11;12;13;14;15;16;17;18;19;20;21;22;23;24;25,10;11;12;13;14;15;16;17;18;19;20;21;22;23;24;25,16,0,0
controlled-3923,controlled,hit_100,lead_0.5/rep_7,8,0,0,Oracle,0.5,0.0,128,10;11;12;13;14;15;16;17;18;19;20;21;22;23;24;25,10;11;12;13;14;15;16;17;18;19;20;21;22;23;24;25,16,0,0
controlled-3924,controlled,hit_100,lead_0.5/rep_8,9,0,0,No-Selected-Prefetch,0.5,0.0,128,10;11;12;13;14;15;16;17;18;19;20;21;22;23;24;25,,0,0,16
controlled-3925,controlled,hit_100,lead_0.5/rep_8,9,0,0,History-Last1,0.5,0.0,128,10;11;12;13;14;15;16;17;18;19;20;21;22;23;24;25,10;11;12;13;14;15;16;17;18;19;20;21;22;23;24;25,16,0,0
controlled-3926,controlled,hit_100,lead_0.5/rep_8,9,0,0,Oracle,0.5,0.0,128,10;11;12;13;14;15;16;17;18;19;20;21;22;23;24;25,10;11;12;13;14;15;16;17;18;19;20;21;22;23;24;25,16,0,0
controlled-3927,controlled,hit_100,lead_0.5/rep_9,10,0,0,No-Selected-Prefetch,0.5,0.0,128,10;11;12;13;14;15;16;17;18;19;20;21;22;23;24;25,,0,0,16
controlled-3928,controlled,hit_100,lead_0.5/rep_9,10,0,0,History-Last1,0.5,0.0,128,10;11;12;13;14;15;16;17;18;19;20;21;22;23;24;25,10;11;12;13;14;15;16;17;18;19;20;21;22;23;24;25,16,0,0
controlled-3929,controlled,hit_100,lead_0.5/rep_9,10,0,0,Oracle,0.5,0.0,128,10;11;12;13;14;15;16;17;18;19;20;21;22;23;24;25,10;11;12;13;14;15;16;17;18;19;20;21;22;23;24;25,16,0,0
controlled-3930,controlled,hit_100,lead_0.5/rep_10,11,0,0,No-Selected-Prefetch,0.5,0.0,128,10;11;12;13;14;15;16;17;18;19;20;21;22;23;24;25,,0,0,16
controlled-3931,controlled,hit_100,lead_0.5/rep_10,11,0,0,History-Last1,0.5,0.0,128,10;11;12;13;14;15;16;17;18;19;20;21;22;23;24;25,10;11;12;13;14;15;16;17;18;19;20;21;22;23;24;25,16,0,0
controlled-3932,controlled,hit_100,lead_0.5/rep_10,11,0,0,Oracle,0.5,0.0,128,10;11;12;13;14;15;16;17;18;19;20;21;22;23;24;25,10;11;12;13;14;15;16;17;18;19;20;21;22;23;24;25,16,0,0
controlled-3933,controlled,hit_100,lead_0.5/rep_11,12,0,0,No-Selected-Prefetch,0.5,0.0,128,10;11;12;13;14;15;16;17;18;19;20;21;22;23;24;25,,0,0,16
controlled-3934,controlled,hit_100,lead_0.5/rep_11,12,0,0,History-Last1,0.5,0.0,128,10;11;12;13;14;15;16;17;18;19;20;21;22;23;24;25,10;11;12;13;14;15;16;17;18;19;20;21;22;23;24;25,16,0,0
controlled-3935,controlled,hit_100,lead_0.5/rep_11,12,0,0,Oracle,0.5,0.0,128,10;11;12;13;14;15;16;17;18;19;20;21;22;23;24;25,10;11;12;13;14;15;16;17;18;19;20;21;22;23;24;25,16,0,0
controlled-3936,controlled,hit_100,lead_0.5/rep_12,13,0,0,No-Selected-Prefetch,0.5,0.0,128,10;11;12;13;14;15;16;17;18;19;20;21;22;23;24;25,,0,0,16
controlled-3937,controlled,hit_100,lead_0.5/rep_12,13,0,0,History-Last1,0.5,0.0,128,10;11;12;13;14;15;16;17;18;19;20;21;22;23;24;25,10;11;12;13;14;15;16;17;18;19;20;21;22;23;24;25,16,0,0
controlled-3938,controlled,hit_100,lead_0.5/rep_12,13,0,0,Oracle,0.5,0.0,128,10;11;12;13;14;15;16;17;18;19;20;21;22;23;24;25,10;11;12;13;14;15;16;17;18;19;20;21;22;23;24;25,16,0,0
controlled-3939,controlled,hit_100,lead_0.5/rep_13,14,0,0,No-Selected-Prefetch,0.5,0.0,128,10;11;12;13;14;15;16;17;18;19;20;21;22;23;24;25,,0,0,16
controlled-3940,controlled,hit_100,lead_0.5/rep_13,14,0,0,History-Last1,0.5,0.0,128,10;11;12;13;14;15;16;17;18;19;20;21;22;23;24;25,10;11;12;13;14;15;16;17;18;19;20;21;22;23;24;25,16,0,0
controlled-3941,controlled,hit_100,lead_0.5/rep_13,14,0,0,Oracle,0.5,0.0,128,10;11;12;13;14;15;16;17;18;19;20;21;22;23;24;25,10;11;12;13;14;15;16;17;18;19;20;21;22;23;24;25,16,0,0
controlled-3942,controlled,hit_100,lead_0.5/rep_14,15,0,0,No-Selected-Prefetch,0.5,0.0,128,10;11;12;13;14;15;16;17;18;19;20;21;22;23;24;25,,0,0,16
controlled-3943,controlled,hit_100,lead_0.5/rep_14,15,0,0,History-Last1,0.5,0.0,128,10;11;12;13;14;15;16;17;18;19;20;21;22;23;24;25,10;11;12;13;14;15;16;17;18;19;20;21;22;23;24;25,16,0,0
controlled-3944,controlled,hit_100,lead_0.5/rep_14,15,0,0,Oracle,0.5,0.0,128,10;11;12;13;14;15;16;17;18;19;20;21;22;23;24;25,10;11;12;13;14;15;16;17;18;19;20;21;22;23;24;25,16,0,0
controlled-3945,controlled,hit_100,lead_0.5/rep_15,16,0,0,No-Selected-Prefetch,0.5,0.0,128,10;11;12;13;14;15;16;17;18;19;20;21;22;23;24;25,,0,0,16
controlled-3946,controlled,hit_100,lead_0.5/rep_15,16,0,0,History-Last1,0.5,0.0,128,10;11;12;13;14;15;16;17;18;19;20;21;22;23;24;25,10;11;12;13;14;15;16;17;18;19;20;21;22;23;24;25,16,0,0
controlled-3947,controlled,hit_100,lead_0.5/rep_15,16,0,0,Oracle,0.5,0.0,128,10;11;12;13;14;15;16;17;18;19;20;21;22;23;24;25,10;11;12;13;14;15;16;17;18;19;20;21;22;23;24;25,16,0,0
controlled-3948,controlled,hit_100,lead_0.5/rep_16,17,0,0,No-Selected-Prefetch,0.5,0.0,128,10;11;12;13;14;15;16;17;18;19;20;21;22;23;24;25,,0,0,16
controlled-3949,controlled,hit_100,lead_0.5/rep_16,17,0,0,History-Last1,0.5,0.0,128,10;11;12;13;14;15;16;17;18;19;20;21;22;23;24;25,10;11;12;13;14;15;16;17;18;19;20;21;22;23;24;25,16,0,0
controlled-3950,controlled,hit_100,lead_0.5/rep_16,17,0,0,Oracle,0.5,0.0,128,10;11;12;13;14;15;16;17;18;19;20;21;22;23;24;25,10;11;12;13;14;15;16;17;18;19;20;21;22;23;24;25,16,0,0
controlled-3951,controlled,hit_100,lead_0.5/rep_17,18,0,0,No-Selected-Prefetch,0.5,0.0,128,10;11;12;13;14;15;16;17;18;19;20;21;22;23;24;25,,0,0,16
controlled-3952,controlled,hit_100,lead_0.5/rep_17,18,0,0,History-Last1,0.5,0.0,128,10;11;12;13;14;15;16;17;18;19;20;21;22;23;24;25,10;11;12;13;14;15;16;17;18;19;20;21;22;23;24;25,16,0,0
controlled-3953,controlled,hit_100,lead_0.5/rep_17,18,0,0,Oracle,0.5,0.0,128,10;11;12;13;14;15;16;17;18;19;20;21;22;23;24;25,10;11;12;13;14;15;16;17;18;19;20;21;22;23;24;25,16,0,0
controlled-3954,controlled,hit_100,lead_0.5/rep_18,19,0,0,No-Selected-Prefetch,0.5,0.0,128,10;11;12;13;14;15;16;17;18;19;20;21;22;23;24;25,,0,0,16
controlled-3955,controlled,hit_100,lead_0.5/rep_18,19,0,0,History-Last1,0.5,0.0,128,10;11;12;13;14;15;16;17;18;19;20;21;22;23;24;25,10;11;12;13;14;15;16;17;18;19;20;21;22;23;24;25,16,0,0
controlled-3956,controlled,hit_100,lead_0.5/rep_18,19,0,0,Oracle,0.5,0.0,128,10;11;12;13;14;15;16;17;18;19;20;21;22;23;24;25,10;11;12;13;14;15;16;17;18;19;20;21;22;23;24;25,16,0,0
controlled-3957,controlled,hit_100,lead_0.5/rep_19,20,0,0,No-Selected-Prefetch,0.5,0.0,128,10;11;12;13;14;15;16;17;18;19;20;21;22;23;24;25,,0,0,16
controlled-3958,controlled,hit_100,lead_0.5/rep_19,20,0,0,History-Last1,0.5,0.0,128,10;11;12;13;14;15;16;17;18;19;20;21;22;23;24;25,10;11;12;13;14;15;16;17;18;19;20;21;22;23;24;25,16,0,0
controlled-3959,controlled,hit_100,lead_0.5/rep_19,20,0,0,Oracle,0.5,0.0,128,10;11;12;13;14;15;16;17;18;19;20;21;22;23;24;25,10;11;12;13;14;15;16;17;18;19;20;21;22;23;24;25,16,0,0
controlled-3960,controlled,hit_100,lead_1/rep_0,1,0,0,No-Selected-Prefetch,1.0,0.0,128,10;11;12;13;14;15;16;17;18;19;20;21;22;23;24;25,,0,0,16
controlled-3961,controlled,hit_100,lead_1/rep_0,1,0,0,History-Last1,1.0,0.0,128,10;11;12;13;14;15;16;17;18;19;20;21;22;23;24;25,10;11;12;13;14;15;16;17;18;19;20;21;22;23;24;25,16,0,0
controlled-3962,controlled,hit_100,lead_1/rep_0,1,0,0,Oracle,1.0,0.0,128,10;11;12;13;14;15;16;17;18;19;20;21;22;23;24;25,10;11;12;13;14;15;16;17;18;19;20;21;22;23;24;25,16,0,0
controlled-3963,controlled,hit_100,lead_1/rep_1,2,0,0,No-Selected-Prefetch,1.0,0.0,128,10;11;12;13;14;15;16;17;18;19;20;21;22;23;24;25,,0,0,16
controlled-3964,controlled,hit_100,lead_1/rep_1,2,0,0,History-Last1,1.0,0.0,128,10;11;12;13;14;15;16;17;18;19;20;21;22;23;24;25,10;11;12;13;14;15;16;17;18;19;20;21;22;23;24;25,16,0,0
controlled-3965,controlled,hit_100,lead_1/rep_1,2,0,0,Oracle,1.0,0.0,128,10;11;12;13;14;15;16;17;18;19;20;21;22;23;24;25,10;11;12;13;14;15;16;17;18;19;20;21;22;23;24;25,16,0,0
controlled-3966,controlled,hit_100,lead_1/rep_2,3,0,0,No-Selected-Prefetch,1.0,0.0,128,10;11;12;13;14;15;16;17;18;19;20;21;22;23;24;25,,0,0,16
controlled-3967,controlled,hit_100,lead_1/rep_2,3,0,0,History-Last1,1.0,0.0,128,10;11;12;13;14;15;16;17;18;19;20;21;22;23;24;25,10;11;12;13;14;15;16;17;18;19;20;21;22;23;24;25,16,0,0
controlled-3968,controlled,hit_100,lead_1/rep_2,3,0,0,Oracle,1.0,0.0,128,10;11;12;13;14;15;16;17;18;19;20;21;22;23;24;25,10;11;12;13;14;15;16;17;18;19;20;21;22;23;24;25,16,0,0
controlled-3969,controlled,hit_100,lead_1/rep_3,4,0,0,No-Selected-Prefetch,1.0,0.0,128,10;11;12;13;14;15;16;17;18;19;20;21;22;23;24;25,,0,0,16
controlled-3970,controlled,hit_100,lead_1/rep_3,4,0,0,History-Last1,1.0,0.0,128,10;11;12;13;14;15;16;17;18;19;20;21;22;23;24;25,10;11;12;13;14;15;16;17;18;19;20;21;22;23;24;25,16,0,0
controlled-3971,controlled,hit_100,lead_1/rep_3,4,0,0,Oracle,1.0,0.0,128,10;11;12;13;14;15;16;17;18;19;20;21;22;23;24;25,10;11;12;13;14;15;16;17;18;19;20;21;22;23;24;25,16,0,0
controlled-3972,controlled,hit_100,lead_1/rep_4,5,0,0,No-Selected-Prefetch,1.0,0.0,128,10;11;12;13;14;15;16;17;18;19;20;21;22;23;24;25,,0,0,16
controlled-3973,controlled,hit_100,lead_1/rep_4,5,0,0,History-Last1,1.0,0.0,128,10;11;12;13;14;15;16;17;18;19;20;21;22;23;24;25,10;11;12;13;14;15;16;17;18;19;20;21;22;23;24;25,16,0,0
controlled-3974,controlled,hit_100,lead_1/rep_4,5,0,0,Oracle,1.0,0.0,128,10;11;12;13;14;15;16;17;18;19;20;21;22;23;24;25,10;11;12;13;14;15;16;17;18;19;20;21;22;23;24;25,16,0,0
controlled-3975,controlled,hit_100,lead_1/rep_5,6,0,0,No-Selected-Prefetch,1.0,0.0,128,10;11;12;13;14;15;16;17;18;19;20;21;22;23;24;25,,0,0,16
controlled-3976,controlled,hit_100,lead_1/rep_5,6,0,0,History-Last1,1.0,0.0,128,10;11;12;13;14;15;16;17;18;19;20;21;22;23;24;25,10;11;12;13;14;15;16;17;18;19;20;21;22;23;24;25,16,0,0
controlled-3977,controlled,hit_100,lead_1/rep_5,6,0,0,Oracle,1.0,0.0,128,10;11;12;13;14;15;16;17;18;19;20;21;22;23;24;25,10;11;12;13;14;15;16;17;18;19;20;21;22;23;24;25,16,0,0
controlled-3978,controlled,hit_100,lead_1/rep_6,7,0,0,No-Selected-Prefetch,1.0,0.0,128,10;11;12;13;14;15;16;17;18;19;20;21;22;23;24;25,,0,0,16
controlled-3979,controlled,hit_100,lead_1/rep_6,7,0,0,History-Last1,1.0,0.0,128,10;11;12;13;14;15;16;17;18;19;20;21;22;23;24;25,10;11;12;13;14;15;16;17;18;19;20;21;22;23;24;25,16,0,0
controlled-3980,controlled,hit_100,lead_1/rep_6,7,0,0,Oracle,1.0,0.0,128,10;11;12;13;14;15;16;17;18;19;20;21;22;23;24;25,10;11;12;13;14;15;16;17;18;19;20;21;22;23;24;25,16,0,0
controlled-3981,controlled,hit_100,lead_1/rep_7,8,0,0,No-Selected-Prefetch,1.0,0.0,128,10;11;12;13;14;15;16;17;18;19;20;21;22;23;24;25,,0,0,16
controlled-3982,controlled,hit_100,lead_1/rep_7,8,0,0,History-Last1,1.0,0.0,128,10;11;12;13;14;15;16;17;18;19;20;21;22;23;24;25,10;11;12;13;14;15;16;17;18;19;20;21;22;23;24;25,16,0,0
controlled-3983,controlled,hit_100,lead_1/rep_7,8,0,0,Oracle,1.0,0.0,128,10;11;12;13;14;15;16;17;18;19;20;21;22;23;24;25,10;11;12;13;14;15;16;17;18;19;20;21;22;23;24;25,16,0,0
controlled-3984,controlled,hit_100,lead_1/rep_8,9,0,0,No-Selected-Prefetch,1.0,0.0,128,10;11;12;13;14;15;16;17;18;19;20;21;22;23;24;25,,0,0,16
controlled-3985,controlled,hit_100,lead_1/rep_8,9,0,0,History-Last1,1.0,0.0,128,10;11;12;13;14;15;16;17;18;19;20;21;22;23;24;25,10;11;12;13;14;15;16;17;18;19;20;21;22;23;24;25,16,0,0
controlled-3986,controlled,hit_100,lead_1/rep_8,9,0,0,Oracle,1.0,0.0,128,10;11;12;13;14;15;16;17;18;19;20;21;22;23;24;25,10;11;12;13;14;15;16;17;18;19;20;21;22;23;24;25,16,0,0
controlled-3987,controlled,hit_100,lead_1/rep_9,10,0,0,No-Selected-Prefetch,1.0,0.0,128,10;11;12;13;14;15;16;17;18;19;20;21;22;23;24;25,,0,0,16
controlled-3988,controlled,hit_100,lead_1/rep_9,10,0,0,History-Last1,1.0,0.0,128,10;11;12;13;14;15;16;17;18;19;20;21;22;23;24;25,10;11;12;13;14;15;16;17;18;19;20;21;22;23;24;25,16,0,0
controlled-3989,controlled,hit_100,lead_1/rep_9,10,0,0,Oracle,1.0,0.0,128,10;11;12;13;14;15;16;17;18;19;20;21;22;23;24;25,10;11;12;13;14;15;16;17;18;19;20;21;22;23;24;25,16,0,0
controlled-3990,controlled,hit_100,lead_1/rep_10,11,0,0,No-Selected-Prefetch,1.0,0.0,128,10;11;12;13;14;15;16;17;18;19;20;21;22;23;24;25,,0,0,16
controlled-3991,controlled,hit_100,lead_1/rep_10,11,0,0,History-Last1,1.0,0.0,128,10;11;12;13;14;15;16;17;18;19;20;21;22;23;24;25,10;11;12;13;14;15;16;17;18;19;20;21;22;23;24;25,16,0,0
controlled-3992,controlled,hit_100,lead_1/rep_10,11,0,0,Oracle,1.0,0.0,128,10;11;12;13;14;15;16;17;18;19;20;21;22;23;24;25,10;11;12;13;14;15;16;17;18;19;20;21;22;23;24;25,16,0,0
controlled-3993,controlled,hit_100,lead_1/rep_11,12,0,0,No-Selected-Prefetch,1.0,0.0,128,10;11;12;13;14;15;16;17;18;19;20;21;22;23;24;25,,0,0,16
controlled-3994,controlled,hit_100,lead_1/rep_11,12,0,0,History-Last1,1.0,0.0,128,10;11;12;13;14;15;16;17;18;19;20;21;22;23;24;25,10;11;12;13;14;15;16;17;18;19;20;21;22;23;24;25,16,0,0
controlled-3995,controlled,hit_100,lead_1/rep_11,12,0,0,Oracle,1.0,0.0,128,10;11;12;13;14;15;16;17;18;19;20;21;22;23;24;25,10;11;12;13;14;15;16;17;18;19;20;21;22;23;24;25,16,0,0
controlled-3996,controlled,hit_100,lead_1/rep_12,13,0,0,No-Selected-Prefetch,1.0,0.0,128,10;11;12;13;14;15;16;17;18;19;20;21;22;23;24;25,,0,0,16
controlled-3997,controlled,hit_100,lead_1/rep_12,13,0,0,History-Last1,1.0,0.0,128,10;11;12;13;14;15;16;17;18;19;20;21;22;23;24;25,10;11;12;13;14;15;16;17;18;19;20;21;22;23;24;25,16,0,0
controlled-3998,controlled,hit_100,lead_1/rep_12,13,0,0,Oracle,1.0,0.0,128,10;11;12;13;14;15;16;17;18;19;20;21;22;23;24;25,10;11;12;13;14;15;16;17;18;19;20;21;22;23;24;25,16,0,0
controlled-3999,controlled,hit_100,lead_1/rep_13,14,0,0,No-Selected-Prefetch,1.0,0.0,128,10;11;12;13;14;15;16;17;18;19;20;21;22;23;24;25,,0,0,16
controlled-4000,controlled,hit_100,lead_1/rep_13,14,0,0,History-Last1,1.0,0.0,128,10;11;12;13;14;15;16;17;18;19;20;21;22;23;24;25,10;11;12;13;14;15;16;17;18;19;20;21;22;23;24;25,16,0,0
controlled-4001,controlled,hit_100,lead_1/rep_13,14,0,0,Oracle,1.0,0.0,128,10;11;12;13;14;15;16;17;18;19;20;21;22;23;24;25,10;11;12;13;14;15;16;17;18;19;20;21;22;23;24;25,16,0,0
controlled-4002,controlled,hit_100,lead_1/rep_14,15,0,0,No-Selected-Prefetch,1.0,0.0,128,10;11;12;13;14;15;16;17;18;19;20;21;22;23;24;25,,0,0,16
controlled-4003,controlled,hit_100,lead_1/rep_14,15,0,0,History-Last1,1.0,0.0,128,10;11;12;13;14;15;16;17;18;19;20;21;22;23;24;25,10;11;12;13;14;15;16;17;18;19;20;21;22;23;24;25,16,0,0
controlled-4004,controlled,hit_100,lead_1/rep_14,15,0,0,Oracle,1.0,0.0,128,10;11;12;13;14;15;16;17;18;19;20;21;22;23;24;25,10;11;12;13;14;15;16;17;18;19;20;21;22;23;24;25,16,0,0
controlled-4005,controlled,hit_100,lead_1/rep_15,16,0,0,No-Selected-Prefetch,1.0,0.0,128,10;11;12;13;14;15;16;17;18;19;20;21;22;23;24;25,,0,0,16
controlled-4006,controlled,hit_100,lead_1/rep_15,16,0,0,History-Last1,1.0,0.0,128,10;11;12;13;14;15;16;17;18;19;20;21;22;23;24;25,10;11;12;13;14;15;16;17;18;19;20;21;22;23;24;25,16,0,0
controlled-4007,controlled,hit_100,lead_1/rep_15,16,0,0,Oracle,1.0,0.0,128,10;11;12;13;14;15;16;17;18;19;20;21;22;23;24;25,10;11;12;13;14;15;16;17;18;19;20;21;22;23;24;25,16,0,0
controlled-4008,controlled,hit_100,lead_1/rep_16,17,0,0,No-Selected-Prefetch,1.0,0.0,128,10;11;12;13;14;15;16;17;18;19;20;21;22;23;24;25,,0,0,16
controlled-4009,controlled,hit_100,lead_1/rep_16,17,0,0,History-Last1,1.0,0.0,128,10;11;12;13;14;15;16;17;18;19;20;21;22;23;24;25,10;11;12;13;14;15;16;17;18;19;20;21;22;23;24;25,16,0,0
controlled-4010,controlled,hit_100,lead_1/rep_16,17,0,0,Oracle,1.0,0.0,128,10;11;12;13;14;15;16;17;18;19;20;21;22;23;24;25,10;11;12;13;14;15;16;17;18;19;20;21;22;23;24;25,16,0,0
controlled-4011,controlled,hit_100,lead_1/rep_17,18,0,0,No-Selected-Prefetch,1.0,0.0,128,10;11;12;13;14;15;16;17;18;19;20;21;22;23;24;25,,0,0,16
controlled-4012,controlled,hit_100,lead_1/rep_17,18,0,0,History-Last1,1.0,0.0,128,10;11;12;13;14;15;16;17;18;19;20;21;22;23;24;25,10;11;12;13;14;15;16;17;18;19;20;21;22;23;24;25,16,0,0
controlled-4013,controlled,hit_100,lead_1/rep_17,18,0,0,Oracle,1.0,0.0,128,10;11;12;13;14;15;16;17;18;19;20;21;22;23;24;25,10;11;12;13;14;15;16;17;18;19;20;21;22;23;24;25,16,0,0
controlled-4014,controlled,hit_100,lead_1/rep_18,19,0,0,No-Selected-Prefetch,1.0,0.0,128,10;11;12;13;14;15;16;17;18;19;20;21;22;23;24;25,,0,0,16
controlled-4015,controlled,hit_100,lead_1/rep_18,19,0,0,History-Last1,1.0,0.0,128,10;11;12;13;14;15;16;17;18;19;20;21;22;23;24;25,10;11;12;13;14;15;16;17;18;19;20;21;22;23;24;25,16,0,0
controlled-4016,controlled,hit_100,lead_1/rep_18,19,0,0,Oracle,1.0,0.0,128,10;11;12;13;14;15;16;17;18;19;20;21;22;23;24;25,10;11;12;13;14;15;16;17;18;19;20;21;22;23;24;25,16,0,0
controlled-4017,controlled,hit_100,lead_1/rep_19,20,0,0,No-Selected-Prefetch,1.0,0.0,128,10;11;12;13;14;15;16;17;18;19;20;21;22;23;24;25,,0,0,16
controlled-4018,controlled,hit_100,lead_1/rep_19,20,0,0,History-Last1,1.0,0.0,128,10;11;12;13;14;15;16;17;18;19;20;21;22;23;24;25,10;11;12;13;14;15;16;17;18;19;20;21;22;23;24;25,16,0,0
controlled-4019,controlled,hit_100,lead_1/rep_19,20,0,0,Oracle,1.0,0.0,128,10;11;12;13;14;15;16;17;18;19;20;21;22;23;24;25,10;11;12;13;14;15;16;17;18;19;20;21;22;23;24;25,16,0,0
controlled-4020,controlled,hit_100,lead_2/rep_0,1,0,0,No-Selected-Prefetch,2.0,0.0,128,10;11;12;13;14;15;16;17;18;19;20;21;22;23;24;25,,0,0,16
controlled-4021,controlled,hit_100,lead_2/rep_0,1,0,0,History-Last1,2.0,0.0,128,10;11;12;13;14;15;16;17;18;19;20;21;22;23;24;25,10;11;12;13;14;15;16;17;18;19;20;21;22;23;24;25,16,0,0
controlled-4022,controlled,hit_100,lead_2/rep_0,1,0,0,Oracle,2.0,0.0,128,10;11;12;13;14;15;16;17;18;19;20;21;22;23;24;25,10;11;12;13;14;15;16;17;18;19;20;21;22;23;24;25,16,0,0
controlled-4023,controlled,hit_100,lead_2/rep_1,2,0,0,No-Selected-Prefetch,2.0,0.0,128,10;11;12;13;14;15;16;17;18;19;20;21;22;23;24;25,,0,0,16
controlled-4024,controlled,hit_100,lead_2/rep_1,2,0,0,History-Last1,2.0,0.0,128,10;11;12;13;14;15;16;17;18;19;20;21;22;23;24;25,10;11;12;13;14;15;16;17;18;19;20;21;22;23;24;25,16,0,0
controlled-4025,controlled,hit_100,lead_2/rep_1,2,0,0,Oracle,2.0,0.0,128,10;11;12;13;14;15;16;17;18;19;20;21;22;23;24;25,10;11;12;13;14;15;16;17;18;19;20;21;22;23;24;25,16,0,0
controlled-4026,controlled,hit_100,lead_2/rep_2,3,0,0,No-Selected-Prefetch,2.0,0.0,128,10;11;12;13;14;15;16;17;18;19;20;21;22;23;24;25,,0,0,16
controlled-4027,controlled,hit_100,lead_2/rep_2,3,0,0,History-Last1,2.0,0.0,128,10;11;12;13;14;15;16;17;18;19;20;21;22;23;24;25,10;11;12;13;14;15;16;17;18;19;20;21;22;23;24;25,16,0,0
controlled-4028,controlled,hit_100,lead_2/rep_2,3,0,0,Oracle,2.0,0.0,128,10;11;12;13;14;15;16;17;18;19;20;21;22;23;24;25,10;11;12;13;14;15;16;17;18;19;20;21;22;23;24;25,16,0,0
controlled-4029,controlled,hit_100,lead_2/rep_3,4,0,0,No-Selected-Prefetch,2.0,0.0,128,10;11;12;13;14;15;16;17;18;19;20;21;22;23;24;25,,0,0,16
controlled-4030,controlled,hit_100,lead_2/rep_3,4,0,0,History-Last1,2.0,0.0,128,10;11;12;13;14;15;16;17;18;19;20;21;22;23;24;25,10;11;12;13;14;15;16;17;18;19;20;21;22;23;24;25,16,0,0
controlled-4031,controlled,hit_100,lead_2/rep_3,4,0,0,Oracle,2.0,0.0,128,10;11;12;13;14;15;16;17;18;19;20;21;22;23;24;25,10;11;12;13;14;15;16;17;18;19;20;21;22;23;24;25,16,0,0
controlled-4032,controlled,hit_100,lead_2/rep_4,5,0,0,No-Selected-Prefetch,2.0,0.0,128,10;11;12;13;14;15;16;17;18;19;20;21;22;23;24;25,,0,0,16
controlled-4033,controlled,hit_100,lead_2/rep_4,5,0,0,History-Last1,2.0,0.0,128,10;11;12;13;14;15;16;17;18;19;20;21;22;23;24;25,10;11;12;13;14;15;16;17;18;19;20;21;22;23;24;25,16,0,0
controlled-4034,controlled,hit_100,lead_2/rep_4,5,0,0,Oracle,2.0,0.0,128,10;11;12;13;14;15;16;17;18;19;20;21;22;23;24;25,10;11;12;13;14;15;16;17;18;19;20;21;22;23;24;25,16,0,0
controlled-4035,controlled,hit_100,lead_2/rep_5,6,0,0,No-Selected-Prefetch,2.0,0.0,128,10;11;12;13;14;15;16;17;18;19;20;21;22;23;24;25,,0,0,16
controlled-4036,controlled,hit_100,lead_2/rep_5,6,0,0,History-Last1,2.0,0.0,128,10;11;12;13;14;15;16;17;18;19;20;21;22;23;24;25,10;11;12;13;14;15;16;17;18;19;20;21;22;23;24;25,16,0,0
controlled-4037,controlled,hit_100,lead_2/rep_5,6,0,0,Oracle,2.0,0.0,128,10;11;12;13;14;15;16;17;18;19;20;21;22;23;24;25,10;11;12;13;14;15;16;17;18;19;20;21;22;23;24;25,16,0,0
controlled-4038,controlled,hit_100,lead_2/rep_6,7,0,0,No-Selected-Prefetch,2.0,0.0,128,10;11;12;13;14;15;16;17;18;19;20;21;22;23;24;25,,0,0,16
controlled-4039,controlled,hit_100,lead_2/rep_6,7,0,0,History-Last1,2.0,0.0,128,10;11;12;13;14;15;16;17;18;19;20;21;22;23;24;25,10;11;12;13;14;15;16;17;18;19;20;21;22;23;24;25,16,0,0
controlled-4040,controlled,hit_100,lead_2/rep_6,7,0,0,Oracle,2.0,0.0,128,10;11;12;13;14;15;16;17;18;19;20;21;22;23;24;25,10;11;12;13;14;15;16;17;18;19;20;21;22;23;24;25,16,0,0
controlled-4041,controlled,hit_100,lead_2/rep_7,8,0,0,No-Selected-Prefetch,2.0,0.0,128,10;11;12;13;14;15;16;17;18;19;20;21;22;23;24;25,,0,0,16
controlled-4042,controlled,hit_100,lead_2/rep_7,8,0,0,History-Last1,2.0,0.0,128,10;11;12;13;14;15;16;17;18;19;20;21;22;23;24;25,10;11;12;13;14;15;16;17;18;19;20;21;22;23;24;25,16,0,0
controlled-4043,controlled,hit_100,lead_2/rep_7,8,0,0,Oracle,2.0,0.0,128,10;11;12;13;14;15;16;17;18;19;20;21;22;23;24;25,10;11;12;13;14;15;16;17;18;19;20;21;22;23;24;25,16,0,0
controlled-4044,controlled,hit_100,lead_2/rep_8,9,0,0,No-Selected-Prefetch,2.0,0.0,128,10;11;12;13;14;15;16;17;18;19;20;21;22;23;24;25,,0,0,16
controlled-4045,controlled,hit_100,lead_2/rep_8,9,0,0,History-Last1,2.0,0.0,128,10;11;12;13;14;15;16;17;18;19;20;21;22;23;24;25,10;11;12;13;14;15;16;17;18;19;20;21;22;23;24;25,16,0,0
controlled-4046,controlled,hit_100,lead_2/rep_8,9,0,0,Oracle,2.0,0.0,128,10;11;12;13;14;15;16;17;18;19;20;21;22;23;24;25,10;11;12;13;14;15;16;17;18;19;20;21;22;23;24;25,16,0,0
controlled-4047,controlled,hit_100,lead_2/rep_9,10,0,0,No-Selected-Prefetch,2.0,0.0,128,10;11;12;13;14;15;16;17;18;19;20;21;22;23;24;25,,0,0,16
controlled-4048,controlled,hit_100,lead_2/rep_9,10,0,0,History-Last1,2.0,0.0,128,10;11;12;13;14;15;16;17;18;19;20;21;22;23;24;25,10;11;12;13;14;15;16;17;18;19;20;21;22;23;24;25,16,0,0
controlled-4049,controlled,hit_100,lead_2/rep_9,10,0,0,Oracle,2.0,0.0,128,10;11;12;13;14;15;16;17;18;19;20;21;22;23;24;25,10;11;12;13;14;15;16;17;18;19;20;21;22;23;24;25,16,0,0
controlled-4050,controlled,hit_100,lead_2/rep_10,11,0,0,No-Selected-Prefetch,2.0,0.0,128,10;11;12;13;14;15;16;17;18;19;20;21;22;23;24;25,,0,0,16
controlled-4051,controlled,hit_100,lead_2/rep_10,11,0,0,History-Last1,2.0,0.0,128,10;11;12;13;14;15;16;17;18;19;20;21;22;23;24;25,10;11;12;13;14;15;16;17;18;19;20;21;22;23;24;25,16,0,0
controlled-4052,controlled,hit_100,lead_2/rep_10,11,0,0,Oracle,2.0,0.0,128,10;11;12;13;14;15;16;17;18;19;20;21;22;23;24;25,10;11;12;13;14;15;16;17;18;19;20;21;22;23;24;25,16,0,0
controlled-4053,controlled,hit_100,lead_2/rep_11,12,0,0,No-Selected-Prefetch,2.0,0.0,128,10;11;12;13;14;15;16;17;18;19;20;21;22;23;24;25,,0,0,16
controlled-4054,controlled,hit_100,lead_2/rep_11,12,0,0,History-Last1,2.0,0.0,128,10;11;12;13;14;15;16;17;18;19;20;21;22;23;24;25,10;11;12;13;14;15;16;17;18;19;20;21;22;23;24;25,16,0,0
controlled-4055,controlled,hit_100,lead_2/rep_11,12,0,0,Oracle,2.0,0.0,128,10;11;12;13;14;15;16;17;18;19;20;21;22;23;24;25,10;11;12;13;14;15;16;17;18;19;20;21;22;23;24;25,16,0,0
controlled-4056,controlled,hit_100,lead_2/rep_12,13,0,0,No-Selected-Prefetch,2.0,0.0,128,10;11;12;13;14;15;16;17;18;19;20;21;22;23;24;25,,0,0,16
controlled-4057,controlled,hit_100,lead_2/rep_12,13,0,0,History-Last1,2.0,0.0,128,10;11;12;13;14;15;16;17;18;19;20;21;22;23;24;25,10;11;12;13;14;15;16;17;18;19;20;21;22;23;24;25,16,0,0
controlled-4058,controlled,hit_100,lead_2/rep_12,13,0,0,Oracle,2.0,0.0,128,10;11;12;13;14;15;16;17;18;19;20;21;22;23;24;25,10;11;12;13;14;15;16;17;18;19;20;21;22;23;24;25,16,0,0
controlled-4059,controlled,hit_100,lead_2/rep_13,14,0,0,No-Selected-Prefetch,2.0,0.0,128,10;11;12;13;14;15;16;17;18;19;20;21;22;23;24;25,,0,0,16
controlled-4060,controlled,hit_100,lead_2/rep_13,14,0,0,History-Last1,2.0,0.0,128,10;11;12;13;14;15;16;17;18;19;20;21;22;23;24;25,10;11;12;13;14;15;16;17;18;19;20;21;22;23;24;25,16,0,0
controlled-4061,controlled,hit_100,lead_2/rep_13,14,0,0,Oracle,2.0,0.0,128,10;11;12;13;14;15;16;17;18;19;20;21;22;23;24;25,10;11;12;13;14;15;16;17;18;19;20;21;22;23;24;25,16,0,0
controlled-4062,controlled,hit_100,lead_2/rep_14,15,0,0,No-Selected-Prefetch,2.0,0.0,128,10;11;12;13;14;15;16;17;18;19;20;21;22;23;24;25,,0,0,16
controlled-4063,controlled,hit_100,lead_2/rep_14,15,0,0,History-Last1,2.0,0.0,128,10;11;12;13;14;15;16;17;18;19;20;21;22;23;24;25,10;11;12;13;14;15;16;17;18;19;20;21;22;23;24;25,16,0,0
controlled-4064,controlled,hit_100,lead_2/rep_14,15,0,0,Oracle,2.0,0.0,128,10;11;12;13;14;15;16;17;18;19;20;21;22;23;24;25,10;11;12;13;14;15;16;17;18;19;20;21;22;23;24;25,16,0,0
controlled-4065,controlled,hit_100,lead_2/rep_15,16,0,0,No-Selected-Prefetch,2.0,0.0,128,10;11;12;13;14;15;16;17;18;19;20;21;22;23;24;25,,0,0,16
controlled-4066,controlled,hit_100,lead_2/rep_15,16,0,0,History-Last1,2.0,0.0,128,10;11;12;13;14;15;16;17;18;19;20;21;22;23;24;25,10;11;12;13;14;15;16;17;18;19;20;21;22;23;24;25,16,0,0
controlled-4067,controlled,hit_100,lead_2/rep_15,16,0,0,Oracle,2.0,0.0,128,10;11;12;13;14;15;16;17;18;19;20;21;22;23;24;25,10;11;12;13;14;15;16;17;18;19;20;21;22;23;24;25,16,0,0
controlled-4068,controlled,hit_100,lead_2/rep_16,17,0,0,No-Selected-Prefetch,2.0,0.0,128,10;11;12;13;14;15;16;17;18;19;20;21;22;23;24;25,,0,0,16
controlled-4069,controlled,hit_100,lead_2/rep_16,17,0,0,History-Last1,2.0,0.0,128,10;11;12;13;14;15;16;17;18;19;20;21;22;23;24;25,10;11;12;13;14;15;16;17;18;19;20;21;22;23;24;25,16,0,0
controlled-4070,controlled,hit_100,lead_2/rep_16,17,0,0,Oracle,2.0,0.0,128,10;11;12;13;14;15;16;17;18;19;20;21;22;23;24;25,10;11;12;13;14;15;16;17;18;19;20;21;22;23;24;25,16,0,0
controlled-4071,controlled,hit_100,lead_2/rep_17,18,0,0,No-Selected-Prefetch,2.0,0.0,128,10;11;12;13;14;15;16;17;18;19;20;21;22;23;24;25,,0,0,16
controlled-4072,controlled,hit_100,lead_2/rep_17,18,0,0,History-Last1,2.0,0.0,128,10;11;12;13;14;15;16;17;18;19;20;21;22;23;24;25,10;11;12;13;14;15;16;17;18;19;20;21;22;23;24;25,16,0,0
controlled-4073,controlled,hit_100,lead_2/rep_17,18,0,0,Oracle,2.0,0.0,128,10;11;12;13;14;15;16;17;18;19;20;21;22;23;24;25,10;11;12;13;14;15;16;17;18;19;20;21;22;23;24;25,16,0,0
controlled-4074,controlled,hit_100,lead_2/rep_18,19,0,0,No-Selected-Prefetch,2.0,0.0,128,10;11;12;13;14;15;16;17;18;19;20;21;22;23;24;25,,0,0,16
controlled-4075,controlled,hit_100,lead_2/rep_18,19,0,0,History-Last1,2.0,0.0,128,10;11;12;13;14;15;16;17;18;19;20;21;22;23;24;25,10;11;12;13;14;15;16;17;18;19;20;21;22;23;24;25,16,0,0
controlled-4076,controlled,hit_100,lead_2/rep_18,19,0,0,Oracle,2.0,0.0,128,10;11;12;13;14;15;16;17;18;19;20;21;22;23;24;25,10;11;12;13;14;15;16;17;18;19;20;21;22;23;24;25,16,0,0
controlled-4077,controlled,hit_100,lead_2/rep_19,20,0,0,No-Selected-Prefetch,2.0,0.0,128,10;11;12;13;14;15;16;17;18;19;20;21;22;23;24;25,,0,0,16
controlled-4078,controlled,hit_100,lead_2/rep_19,20,0,0,History-Last1,2.0,0.0,128,10;11;12;13;14;15;16;17;18;19;20;21;22;23;24;25,10;11;12;13;14;15;16;17;18;19;20;21;22;23;24;25,16,0,0
controlled-4079,controlled,hit_100,lead_2/rep_19,20,0,0,Oracle,2.0,0.0,128,10;11;12;13;14;15;16;17;18;19;20;21;22;23;24;25,10;11;12;13;14;15;16;17;18;19;20;21;22;23;24;25,16,0,0
controlled-4080,controlled,hit_100,lead_4/rep_0,1,0,0,No-Selected-Prefetch,4.0,0.0,128,10;11;12;13;14;15;16;17;18;19;20;21;22;23;24;25,,0,0,16
controlled-4081,controlled,hit_100,lead_4/rep_0,1,0,0,History-Last1,4.0,0.0,128,10;11;12;13;14;15;16;17;18;19;20;21;22;23;24;25,10;11;12;13;14;15;16;17;18;19;20;21;22;23;24;25,16,0,0
controlled-4082,controlled,hit_100,lead_4/rep_0,1,0,0,Oracle,4.0,0.0,128,10;11;12;13;14;15;16;17;18;19;20;21;22;23;24;25,10;11;12;13;14;15;16;17;18;19;20;21;22;23;24;25,16,0,0
controlled-4083,controlled,hit_100,lead_4/rep_1,2,0,0,No-Selected-Prefetch,4.0,0.0,128,10;11;12;13;14;15;16;17;18;19;20;21;22;23;24;25,,0,0,16
controlled-4084,controlled,hit_100,lead_4/rep_1,2,0,0,History-Last1,4.0,0.0,128,10;11;12;13;14;15;16;17;18;19;20;21;22;23;24;25,10;11;12;13;14;15;16;17;18;19;20;21;22;23;24;25,16,0,0
controlled-4085,controlled,hit_100,lead_4/rep_1,2,0,0,Oracle,4.0,0.0,128,10;11;12;13;14;15;16;17;18;19;20;21;22;23;24;25,10;11;12;13;14;15;16;17;18;19;20;21;22;23;24;25,16,0,0
controlled-4086,controlled,hit_100,lead_4/rep_2,3,0,0,No-Selected-Prefetch,4.0,0.0,128,10;11;12;13;14;15;16;17;18;19;20;21;22;23;24;25,,0,0,16
controlled-4087,controlled,hit_100,lead_4/rep_2,3,0,0,History-Last1,4.0,0.0,128,10;11;12;13;14;15;16;17;18;19;20;21;22;23;24;25,10;11;12;13;14;15;16;17;18;19;20;21;22;23;24;25,16,0,0
controlled-4088,controlled,hit_100,lead_4/rep_2,3,0,0,Oracle,4.0,0.0,128,10;11;12;13;14;15;16;17;18;19;20;21;22;23;24;25,10;11;12;13;14;15;16;17;18;19;20;21;22;23;24;25,16,0,0
controlled-4089,controlled,hit_100,lead_4/rep_3,4,0,0,No-Selected-Prefetch,4.0,0.0,128,10;11;12;13;14;15;16;17;18;19;20;21;22;23;24;25,,0,0,16
controlled-4090,controlled,hit_100,lead_4/rep_3,4,0,0,History-Last1,4.0,0.0,128,10;11;12;13;14;15;16;17;18;19;20;21;22;23;24;25,10;11;12;13;14;15;16;17;18;19;20;21;22;23;24;25,16,0,0
controlled-4091,controlled,hit_100,lead_4/rep_3,4,0,0,Oracle,4.0,0.0,128,10;11;12;13;14;15;16;17;18;19;20;21;22;23;24;25,10;11;12;13;14;15;16;17;18;19;20;21;22;23;24;25,16,0,0
controlled-4092,controlled,hit_100,lead_4/rep_4,5,0,0,No-Selected-Prefetch,4.0,0.0,128,10;11;12;13;14;15;16;17;18;19;20;21;22;23;24;25,,0,0,16
controlled-4093,controlled,hit_100,lead_4/rep_4,5,0,0,History-Last1,4.0,0.0,128,10;11;12;13;14;15;16;17;18;19;20;21;22;23;24;25,10;11;12;13;14;15;16;17;18;19;20;21;22;23;24;25,16,0,0
controlled-4094,controlled,hit_100,lead_4/rep_4,5,0,0,Oracle,4.0,0.0,128,10;11;12;13;14;15;16;17;18;19;20;21;22;23;24;25,10;11;12;13;14;15;16;17;18;19;20;21;22;23;24;25,16,0,0
controlled-4095,controlled,hit_100,lead_4/rep_5,6,0,0,No-Selected-Prefetch,4.0,0.0,128,10;11;12;13;14;15;16;17;18;19;20;21;22;23;24;25,,0,0,16
controlled-4096,controlled,hit_100,lead_4/rep_5,6,0,0,History-Last1,4.0,0.0,128,10;11;12;13;14;15;16;17;18;19;20;21;22;23;24;25,10;11;12;13;14;15;16;17;18;19;20;21;22;23;24;25,16,0,0
controlled-4097,controlled,hit_100,lead_4/rep_5,6,0,0,Oracle,4.0,0.0,128,10;11;12;13;14;15;16;17;18;19;20;21;22;23;24;25,10;11;12;13;14;15;16;17;18;19;20;21;22;23;24;25,16,0,0
controlled-4098,controlled,hit_100,lead_4/rep_6,7,0,0,No-Selected-Prefetch,4.0,0.0,128,10;11;12;13;14;15;16;17;18;19;20;21;22;23;24;25,,0,0,16
controlled-4099,controlled,hit_100,lead_4/rep_6,7,0,0,History-Last1,4.0,0.0,128,10;11;12;13;14;15;16;17;18;19;20;21;22;23;24;25,10;11;12;13;14;15;16;17;18;19;20;21;22;23;24;25,16,0,0
controlled-4100,controlled,hit_100,lead_4/rep_6,7,0,0,Oracle,4.0,0.0,128,10;11;12;13;14;15;16;17;18;19;20;21;22;23;24;25,10;11;12;13;14;15;16;17;18;19;20;21;22;23;24;25,16,0,0
controlled-4101,controlled,hit_100,lead_4/rep_7,8,0,0,No-Selected-Prefetch,4.0,0.0,128,10;11;12;13;14;15;16;17;18;19;20;21;22;23;24;25,,0,0,16
controlled-4102,controlled,hit_100,lead_4/rep_7,8,0,0,History-Last1,4.0,0.0,128,10;11;12;13;14;15;16;17;18;19;20;21;22;23;24;25,10;11;12;13;14;15;16;17;18;19;20;21;22;23;24;25,16,0,0
controlled-4103,controlled,hit_100,lead_4/rep_7,8,0,0,Oracle,4.0,0.0,128,10;11;12;13;14;15;16;17;18;19;20;21;22;23;24;25,10;11;12;13;14;15;16;17;18;19;20;21;22;23;24;25,16,0,0
controlled-4104,controlled,hit_100,lead_4/rep_8,9,0,0,No-Selected-Prefetch,4.0,0.0,128,10;11;12;13;14;15;16;17;18;19;20;21;22;23;24;25,,0,0,16
controlled-4105,controlled,hit_100,lead_4/rep_8,9,0,0,History-Last1,4.0,0.0,128,10;11;12;13;14;15;16;17;18;19;20;21;22;23;24;25,10;11;12;13;14;15;16;17;18;19;20;21;22;23;24;25,16,0,0
controlled-4106,controlled,hit_100,lead_4/rep_8,9,0,0,Oracle,4.0,0.0,128,10;11;12;13;14;15;16;17;18;19;20;21;22;23;24;25,10;11;12;13;14;15;16;17;18;19;20;21;22;23;24;25,16,0,0
controlled-4107,controlled,hit_100,lead_4/rep_9,10,0,0,No-Selected-Prefetch,4.0,0.0,128,10;11;12;13;14;15;16;17;18;19;20;21;22;23;24;25,,0,0,16
controlled-4108,controlled,hit_100,lead_4/rep_9,10,0,0,History-Last1,4.0,0.0,128,10;11;12;13;14;15;16;17;18;19;20;21;22;23;24;25,10;11;12;13;14;15;16;17;18;19;20;21;22;23;24;25,16,0,0
controlled-4109,controlled,hit_100,lead_4/rep_9,10,0,0,Oracle,4.0,0.0,128,10;11;12;13;14;15;16;17;18;19;20;21;22;23;24;25,10;11;12;13;14;15;16;17;18;19;20;21;22;23;24;25,16,0,0
controlled-4110,controlled,hit_100,lead_4/rep_10,11,0,0,No-Selected-Prefetch,4.0,0.0,128,10;11;12;13;14;15;16;17;18;19;20;21;22;23;24;25,,0,0,16
controlled-4111,controlled,hit_100,lead_4/rep_10,11,0,0,History-Last1,4.0,0.0,128,10;11;12;13;14;15;16;17;18;19;20;21;22;23;24;25,10;11;12;13;14;15;16;17;18;19;20;21;22;23;24;25,16,0,0
controlled-4112,controlled,hit_100,lead_4/rep_10,11,0,0,Oracle,4.0,0.0,128,10;11;12;13;14;15;16;17;18;19;20;21;22;23;24;25,10;11;12;13;14;15;16;17;18;19;20;21;22;23;24;25,16,0,0
controlled-4113,controlled,hit_100,lead_4/rep_11,12,0,0,No-Selected-Prefetch,4.0,0.0,128,10;11;12;13;14;15;16;17;18;19;20;21;22;23;24;25,,0,0,16
controlled-4114,controlled,hit_100,lead_4/rep_11,12,0,0,History-Last1,4.0,0.0,128,10;11;12;13;14;15;16;17;18;19;20;21;22;23;24;25,10;11;12;13;14;15;16;17;18;19;20;21;22;23;24;25,16,0,0
controlled-4115,controlled,hit_100,lead_4/rep_11,12,0,0,Oracle,4.0,0.0,128,10;11;12;13;14;15;16;17;18;19;20;21;22;23;24;25,10;11;12;13;14;15;16;17;18;19;20;21;22;23;24;25,16,0,0
controlled-4116,controlled,hit_100,lead_4/rep_12,13,0,0,No-Selected-Prefetch,4.0,0.0,128,10;11;12;13;14;15;16;17;18;19;20;21;22;23;24;25,,0,0,16
controlled-4117,controlled,hit_100,lead_4/rep_12,13,0,0,History-Last1,4.0,0.0,128,10;11;12;13;14;15;16;17;18;19;20;21;22;23;24;25,10;11;12;13;14;15;16;17;18;19;20;21;22;23;24;25,16,0,0
controlled-4118,controlled,hit_100,lead_4/rep_12,13,0,0,Oracle,4.0,0.0,128,10;11;12;13;14;15;16;17;18;19;20;21;22;23;24;25,10;11;12;13;14;15;16;17;18;19;20;21;22;23;24;25,16,0,0
controlled-4119,controlled,hit_100,lead_4/rep_13,14,0,0,No-Selected-Prefetch,4.0,0.0,128,10;11;12;13;14;15;16;17;18;19;20;21;22;23;24;25,,0,0,16
controlled-4120,controlled,hit_100,lead_4/rep_13,14,0,0,History-Last1,4.0,0.0,128,10;11;12;13;14;15;16;17;18;19;20;21;22;23;24;25,10;11;12;13;14;15;16;17;18;19;20;21;22;23;24;25,16,0,0
controlled-4121,controlled,hit_100,lead_4/rep_13,14,0,0,Oracle,4.0,0.0,128,10;11;12;13;14;15;16;17;18;19;20;21;22;23;24;25,10;11;12;13;14;15;16;17;18;19;20;21;22;23;24;25,16,0,0
controlled-4122,controlled,hit_100,lead_4/rep_14,15,0,0,No-Selected-Prefetch,4.0,0.0,128,10;11;12;13;14;15;16;17;18;19;20;21;22;23;24;25,,0,0,16
controlled-4123,controlled,hit_100,lead_4/rep_14,15,0,0,History-Last1,4.0,0.0,128,10;11;12;13;14;15;16;17;18;19;20;21;22;23;24;25,10;11;12;13;14;15;16;17;18;19;20;21;22;23;24;25,16,0,0
controlled-4124,controlled,hit_100,lead_4/rep_14,15,0,0,Oracle,4.0,0.0,128,10;11;12;13;14;15;16;17;18;19;20;21;22;23;24;25,10;11;12;13;14;15;16;17;18;19;20;21;22;23;24;25,16,0,0
controlled-4125,controlled,hit_100,lead_4/rep_15,16,0,0,No-Selected-Prefetch,4.0,0.0,128,10;11;12;13;14;15;16;17;18;19;20;21;22;23;24;25,,0,0,16
controlled-4126,controlled,hit_100,lead_4/rep_15,16,0,0,History-Last1,4.0,0.0,128,10;11;12;13;14;15;16;17;18;19;20;21;22;23;24;25,10;11;12;13;14;15;16;17;18;19;20;21;22;23;24;25,16,0,0
controlled-4127,controlled,hit_100,lead_4/rep_15,16,0,0,Oracle,4.0,0.0,128,10;11;12;13;14;15;16;17;18;19;20;21;22;23;24;25,10;11;12;13;14;15;16;17;18;19;20;21;22;23;24;25,16,0,0
controlled-4128,controlled,hit_100,lead_4/rep_16,17,0,0,No-Selected-Prefetch,4.0,0.0,128,10;11;12;13;14;15;16;17;18;19;20;21;22;23;24;25,,0,0,16
controlled-4129,controlled,hit_100,lead_4/rep_16,17,0,0,History-Last1,4.0,0.0,128,10;11;12;13;14;15;16;17;18;19;20;21;22;23;24;25,10;11;12;13;14;15;16;17;18;19;20;21;22;23;24;25,16,0,0
controlled-4130,controlled,hit_100,lead_4/rep_16,17,0,0,Oracle,4.0,0.0,128,10;11;12;13;14;15;16;17;18;19;20;21;22;23;24;25,10;11;12;13;14;15;16;17;18;19;20;21;22;23;24;25,16,0,0
controlled-4131,controlled,hit_100,lead_4/rep_17,18,0,0,No-Selected-Prefetch,4.0,0.0,128,10;11;12;13;14;15;16;17;18;19;20;21;22;23;24;25,,0,0,16
controlled-4132,controlled,hit_100,lead_4/rep_17,18,0,0,History-Last1,4.0,0.0,128,10;11;12;13;14;15;16;17;18;19;20;21;22;23;24;25,10;11;12;13;14;15;16;17;18;19;20;21;22;23;24;25,16,0,0
controlled-4133,controlled,hit_100,lead_4/rep_17,18,0,0,Oracle,4.0,0.0,128,10;11;12;13;14;15;16;17;18;19;20;21;22;23;24;25,10;11;12;13;14;15;16;17;18;19;20;21;22;23;24;25,16,0,0
controlled-4134,controlled,hit_100,lead_4/rep_18,19,0,0,No-Selected-Prefetch,4.0,0.0,128,10;11;12;13;14;15;16;17;18;19;20;21;22;23;24;25,,0,0,16
controlled-4135,controlled,hit_100,lead_4/rep_18,19,0,0,History-Last1,4.0,0.0,128,10;11;12;13;14;15;16;17;18;19;20;21;22;23;24;25,10;11;12;13;14;15;16;17;18;19;20;21;22;23;24;25,16,0,0
controlled-4136,controlled,hit_100,lead_4/rep_18,19,0,0,Oracle,4.0,0.0,128,10;11;12;13;14;15;16;17;18;19;20;21;22;23;24;25,10;11;12;13;14;15;16;17;18;19;20;21;22;23;24;25,16,0,0
controlled-4137,controlled,hit_100,lead_4/rep_19,20,0,0,No-Selected-Prefetch,4.0,0.0,128,10;11;12;13;14;15;16;17;18;19;20;21;22;23;24;25,,0,0,16
controlled-4138,controlled,hit_100,lead_4/rep_19,20,0,0,History-Last1,4.0,0.0,128,10;11;12;13;14;15;16;17;18;19;20;21;22;23;24;25,10;11;12;13;14;15;16;17;18;19;20;21;22;23;24;25,16,0,0
controlled-4139,controlled,hit_100,lead_4/rep_19,20,0,0,Oracle,4.0,0.0,128,10;11;12;13;14;15;16;17;18;19;20;21;22;23;24;25,10;11;12;13;14;15;16;17;18;19;20;21;22;23;24;25,16,0,0
controlled-4140,controlled,hit_100,lead_8/rep_0,1,0,0,No-Selected-Prefetch,8.0,0.0,128,10;11;12;13;14;15;16;17;18;19;20;21;22;23;24;25,,0,0,16
controlled-4141,controlled,hit_100,lead_8/rep_0,1,0,0,History-Last1,8.0,0.0,128,10;11;12;13;14;15;16;17;18;19;20;21;22;23;24;25,10;11;12;13;14;15;16;17;18;19;20;21;22;23;24;25,16,0,0
controlled-4142,controlled,hit_100,lead_8/rep_0,1,0,0,Oracle,8.0,0.0,128,10;11;12;13;14;15;16;17;18;19;20;21;22;23;24;25,10;11;12;13;14;15;16;17;18;19;20;21;22;23;24;25,16,0,0
controlled-4143,controlled,hit_100,lead_8/rep_1,2,0,0,No-Selected-Prefetch,8.0,0.0,128,10;11;12;13;14;15;16;17;18;19;20;21;22;23;24;25,,0,0,16
controlled-4144,controlled,hit_100,lead_8/rep_1,2,0,0,History-Last1,8.0,0.0,128,10;11;12;13;14;15;16;17;18;19;20;21;22;23;24;25,10;11;12;13;14;15;16;17;18;19;20;21;22;23;24;25,16,0,0
controlled-4145,controlled,hit_100,lead_8/rep_1,2,0,0,Oracle,8.0,0.0,128,10;11;12;13;14;15;16;17;18;19;20;21;22;23;24;25,10;11;12;13;14;15;16;17;18;19;20;21;22;23;24;25,16,0,0
controlled-4146,controlled,hit_100,lead_8/rep_2,3,0,0,No-Selected-Prefetch,8.0,0.0,128,10;11;12;13;14;15;16;17;18;19;20;21;22;23;24;25,,0,0,16
controlled-4147,controlled,hit_100,lead_8/rep_2,3,0,0,History-Last1,8.0,0.0,128,10;11;12;13;14;15;16;17;18;19;20;21;22;23;24;25,10;11;12;13;14;15;16;17;18;19;20;21;22;23;24;25,16,0,0
controlled-4148,controlled,hit_100,lead_8/rep_2,3,0,0,Oracle,8.0,0.0,128,10;11;12;13;14;15;16;17;18;19;20;21;22;23;24;25,10;11;12;13;14;15;16;17;18;19;20;21;22;23;24;25,16,0,0
controlled-4149,controlled,hit_100,lead_8/rep_3,4,0,0,No-Selected-Prefetch,8.0,0.0,128,10;11;12;13;14;15;16;17;18;19;20;21;22;23;24;25,,0,0,16
controlled-4150,controlled,hit_100,lead_8/rep_3,4,0,0,History-Last1,8.0,0.0,128,10;11;12;13;14;15;16;17;18;19;20;21;22;23;24;25,10;11;12;13;14;15;16;17;18;19;20;21;22;23;24;25,16,0,0
controlled-4151,controlled,hit_100,lead_8/rep_3,4,0,0,Oracle,8.0,0.0,128,10;11;12;13;14;15;16;17;18;19;20;21;22;23;24;25,10;11;12;13;14;15;16;17;18;19;20;21;22;23;24;25,16,0,0
controlled-4152,controlled,hit_100,lead_8/rep_4,5,0,0,No-Selected-Prefetch,8.0,0.0,128,10;11;12;13;14;15;16;17;18;19;20;21;22;23;24;25,,0,0,16
controlled-4153,controlled,hit_100,lead_8/rep_4,5,0,0,History-Last1,8.0,0.0,128,10;11;12;13;14;15;16;17;18;19;20;21;22;23;24;25,10;11;12;13;14;15;16;17;18;19;20;21;22;23;24;25,16,0,0
controlled-4154,controlled,hit_100,lead_8/rep_4,5,0,0,Oracle,8.0,0.0,128,10;11;12;13;14;15;16;17;18;19;20;21;22;23;24;25,10;11;12;13;14;15;16;17;18;19;20;21;22;23;24;25,16,0,0
controlled-4155,controlled,hit_100,lead_8/rep_5,6,0,0,No-Selected-Prefetch,8.0,0.0,128,10;11;12;13;14;15;16;17;18;19;20;21;22;23;24;25,,0,0,16
controlled-4156,controlled,hit_100,lead_8/rep_5,6,0,0,History-Last1,8.0,0.0,128,10;11;12;13;14;15;16;17;18;19;20;21;22;23;24;25,10;11;12;13;14;15;16;17;18;19;20;21;22;23;24;25,16,0,0
controlled-4157,controlled,hit_100,lead_8/rep_5,6,0,0,Oracle,8.0,0.0,128,10;11;12;13;14;15;16;17;18;19;20;21;22;23;24;25,10;11;12;13;14;15;16;17;18;19;20;21;22;23;24;25,16,0,0
controlled-4158,controlled,hit_100,lead_8/rep_6,7,0,0,No-Selected-Prefetch,8.0,0.0,128,10;11;12;13;14;15;16;17;18;19;20;21;22;23;24;25,,0,0,16
controlled-4159,controlled,hit_100,lead_8/rep_6,7,0,0,History-Last1,8.0,0.0,128,10;11;12;13;14;15;16;17;18;19;20;21;22;23;24;25,10;11;12;13;14;15;16;17;18;19;20;21;22;23;24;25,16,0,0
controlled-4160,controlled,hit_100,lead_8/rep_6,7,0,0,Oracle,8.0,0.0,128,10;11;12;13;14;15;16;17;18;19;20;21;22;23;24;25,10;11;12;13;14;15;16;17;18;19;20;21;22;23;24;25,16,0,0
controlled-4161,controlled,hit_100,lead_8/rep_7,8,0,0,No-Selected-Prefetch,8.0,0.0,128,10;11;12;13;14;15;16;17;18;19;20;21;22;23;24;25,,0,0,16
controlled-4162,controlled,hit_100,lead_8/rep_7,8,0,0,History-Last1,8.0,0.0,128,10;11;12;13;14;15;16;17;18;19;20;21;22;23;24;25,10;11;12;13;14;15;16;17;18;19;20;21;22;23;24;25,16,0,0
controlled-4163,controlled,hit_100,lead_8/rep_7,8,0,0,Oracle,8.0,0.0,128,10;11;12;13;14;15;16;17;18;19;20;21;22;23;24;25,10;11;12;13;14;15;16;17;18;19;20;21;22;23;24;25,16,0,0
controlled-4164,controlled,hit_100,lead_8/rep_8,9,0,0,No-Selected-Prefetch,8.0,0.0,128,10;11;12;13;14;15;16;17;18;19;20;21;22;23;24;25,,0,0,16
controlled-4165,controlled,hit_100,lead_8/rep_8,9,0,0,History-Last1,8.0,0.0,128,10;11;12;13;14;15;16;17;18;19;20;21;22;23;24;25,10;11;12;13;14;15;16;17;18;19;20;21;22;23;24;25,16,0,0
controlled-4166,controlled,hit_100,lead_8/rep_8,9,0,0,Oracle,8.0,0.0,128,10;11;12;13;14;15;16;17;18;19;20;21;22;23;24;25,10;11;12;13;14;15;16;17;18;19;20;21;22;23;24;25,16,0,0
controlled-4167,controlled,hit_100,lead_8/rep_9,10,0,0,No-Selected-Prefetch,8.0,0.0,128,10;11;12;13;14;15;16;17;18;19;20;21;22;23;24;25,,0,0,16
controlled-4168,controlled,hit_100,lead_8/rep_9,10,0,0,History-Last1,8.0,0.0,128,10;11;12;13;14;15;16;17;18;19;20;21;22;23;24;25,10;11;12;13;14;15;16;17;18;19;20;21;22;23;24;25,16,0,0
controlled-4169,controlled,hit_100,lead_8/rep_9,10,0,0,Oracle,8.0,0.0,128,10;11;12;13;14;15;16;17;18;19;20;21;22;23;24;25,10;11;12;13;14;15;16;17;18;19;20;21;22;23;24;25,16,0,0
controlled-4170,controlled,hit_100,lead_8/rep_10,11,0,0,No-Selected-Prefetch,8.0,0.0,128,10;11;12;13;14;15;16;17;18;19;20;21;22;23;24;25,,0,0,16
controlled-4171,controlled,hit_100,lead_8/rep_10,11,0,0,History-Last1,8.0,0.0,128,10;11;12;13;14;15;16;17;18;19;20;21;22;23;24;25,10;11;12;13;14;15;16;17;18;19;20;21;22;23;24;25,16,0,0
controlled-4172,controlled,hit_100,lead_8/rep_10,11,0,0,Oracle,8.0,0.0,128,10;11;12;13;14;15;16;17;18;19;20;21;22;23;24;25,10;11;12;13;14;15;16;17;18;19;20;21;22;23;24;25,16,0,0
controlled-4173,controlled,hit_100,lead_8/rep_11,12,0,0,No-Selected-Prefetch,8.0,0.0,128,10;11;12;13;14;15;16;17;18;19;20;21;22;23;24;25,,0,0,16
controlled-4174,controlled,hit_100,lead_8/rep_11,12,0,0,History-Last1,8.0,0.0,128,10;11;12;13;14;15;16;17;18;19;20;21;22;23;24;25,10;11;12;13;14;15;16;17;18;19;20;21;22;23;24;25,16,0,0
controlled-4175,controlled,hit_100,lead_8/rep_11,12,0,0,Oracle,8.0,0.0,128,10;11;12;13;14;15;16;17;18;19;20;21;22;23;24;25,10;11;12;13;14;15;16;17;18;19;20;21;22;23;24;25,16,0,0
controlled-4176,controlled,hit_100,lead_8/rep_12,13,0,0,No-Selected-Prefetch,8.0,0.0,128,10;11;12;13;14;15;16;17;18;19;20;21;22;23;24;25,,0,0,16
controlled-4177,controlled,hit_100,lead_8/rep_12,13,0,0,History-Last1,8.0,0.0,128,10;11;12;13;14;15;16;17;18;19;20;21;22;23;24;25,10;11;12;13;14;15;16;17;18;19;20;21;22;23;24;25,16,0,0
controlled-4178,controlled,hit_100,lead_8/rep_12,13,0,0,Oracle,8.0,0.0,128,10;11;12;13;14;15;16;17;18;19;20;21;22;23;24;25,10;11;12;13;14;15;16;17;18;19;20;21;22;23;24;25,16,0,0
controlled-4179,controlled,hit_100,lead_8/rep_13,14,0,0,No-Selected-Prefetch,8.0,0.0,128,10;11;12;13;14;15;16;17;18;19;20;21;22;23;24;25,,0,0,16
controlled-4180,controlled,hit_100,lead_8/rep_13,14,0,0,History-Last1,8.0,0.0,128,10;11;12;13;14;15;16;17;18;19;20;21;22;23;24;25,10;11;12;13;14;15;16;17;18;19;20;21;22;23;24;25,16,0,0
controlled-4181,controlled,hit_100,lead_8/rep_13,14,0,0,Oracle,8.0,0.0,128,10;11;12;13;14;15;16;17;18;19;20;21;22;23;24;25,10;11;12;13;14;15;16;17;18;19;20;21;22;23;24;25,16,0,0
controlled-4182,controlled,hit_100,lead_8/rep_14,15,0,0,No-Selected-Prefetch,8.0,0.0,128,10;11;12;13;14;15;16;17;18;19;20;21;22;23;24;25,,0,0,16
controlled-4183,controlled,hit_100,lead_8/rep_14,15,0,0,History-Last1,8.0,0.0,128,10;11;12;13;14;15;16;17;18;19;20;21;22;23;24;25,10;11;12;13;14;15;16;17;18;19;20;21;22;23;24;25,16,0,0
controlled-4184,controlled,hit_100,lead_8/rep_14,15,0,0,Oracle,8.0,0.0,128,10;11;12;13;14;15;16;17;18;19;20;21;22;23;24;25,10;11;12;13;14;15;16;17;18;19;20;21;22;23;24;25,16,0,0
controlled-4185,controlled,hit_100,lead_8/rep_15,16,0,0,No-Selected-Prefetch,8.0,0.0,128,10;11;12;13;14;15;16;17;18;19;20;21;22;23;24;25,,0,0,16
controlled-4186,controlled,hit_100,lead_8/rep_15,16,0,0,History-Last1,8.0,0.0,128,10;11;12;13;14;15;16;17;18;19;20;21;22;23;24;25,10;11;12;13;14;15;16;17;18;19;20;21;22;23;24;25,16,0,0
controlled-4187,controlled,hit_100,lead_8/rep_15,16,0,0,Oracle,8.0,0.0,128,10;11;12;13;14;15;16;17;18;19;20;21;22;23;24;25,10;11;12;13;14;15;16;17;18;19;20;21;22;23;24;25,16,0,0
controlled-4188,controlled,hit_100,lead_8/rep_16,17,0,0,No-Selected-Prefetch,8.0,0.0,128,10;11;12;13;14;15;16;17;18;19;20;21;22;23;24;25,,0,0,16
controlled-4189,controlled,hit_100,lead_8/rep_16,17,0,0,History-Last1,8.0,0.0,128,10;11;12;13;14;15;16;17;18;19;20;21;22;23;24;25,10;11;12;13;14;15;16;17;18;19;20;21;22;23;24;25,16,0,0
controlled-4190,controlled,hit_100,lead_8/rep_16,17,0,0,Oracle,8.0,0.0,128,10;11;12;13;14;15;16;17;18;19;20;21;22;23;24;25,10;11;12;13;14;15;16;17;18;19;20;21;22;23;24;25,16,0,0
controlled-4191,controlled,hit_100,lead_8/rep_17,18,0,0,No-Selected-Prefetch,8.0,0.0,128,10;11;12;13;14;15;16;17;18;19;20;21;22;23;24;25,,0,0,16
controlled-4192,controlled,hit_100,lead_8/rep_17,18,0,0,History-Last1,8.0,0.0,128,10;11;12;13;14;15;16;17;18;19;20;21;22;23;24;25,10;11;12;13;14;15;16;17;18;19;20;21;22;23;24;25,16,0,0
controlled-4193,controlled,hit_100,lead_8/rep_17,18,0,0,Oracle,8.0,0.0,128,10;11;12;13;14;15;16;17;18;19;20;21;22;23;24;25,10;11;12;13;14;15;16;17;18;19;20;21;22;23;24;25,16,0,0
controlled-4194,controlled,hit_100,lead_8/rep_18,19,0,0,No-Selected-Prefetch,8.0,0.0,128,10;11;12;13;14;15;16;17;18;19;20;21;22;23;24;25,,0,0,16
controlled-4195,controlled,hit_100,lead_8/rep_18,19,0,0,History-Last1,8.0,0.0,128,10;11;12;13;14;15;16;17;18;19;20;21;22;23;24;25,10;11;12;13;14;15;16;17;18;19;20;21;22;23;24;25,16,0,0
controlled-4196,controlled,hit_100,lead_8/rep_18,19,0,0,Oracle,8.0,0.0,128,10;11;12;13;14;15;16;17;18;19;20;21;22;23;24;25,10;11;12;13;14;15;16;17;18;19;20;21;22;23;24;25,16,0,0
controlled-4197,controlled,hit_100,lead_8/rep_19,20,0,0,No-Selected-Prefetch,8.0,0.0,128,10;11;12;13;14;15;16;17;18;19;20;21;22;23;24;25,,0,0,16
controlled-4198,controlled,hit_100,lead_8/rep_19,20,0,0,History-Last1,8.0,0.0,128,10;11;12;13;14;15;16;17;18;19;20;21;22;23;24;25,10;11;12;13;14;15;16;17;18;19;20;21;22;23;24;25,16,0,0
controlled-4199,controlled,hit_100,lead_8/rep_19,20,0,0,Oracle,8.0,0.0,128,10;11;12;13;14;15;16;17;18;19;20;21;22;23;24;25,10;11;12;13;14;15;16;17;18;19;20;21;22;23;24;25,16,0,0
workload-0,workload,gov_report,gov_report/0,13,10,15,No-Selected-Prefetch,1.0,0.0,32,2;3;11;12;13;14;15;16;17;18;22;23;27;28;30,,0,0,15
workload-1,workload,gov_report,gov_report/0,13,10,15,Random-Same-Volume,1.0,0.0,32,2;3;11;12;13;14;15;16;17;18;22;23;27;28;30,2;3;5;6;7;8;10;15;17;18;19;21;23;25;26;29,6,10,9
workload-2,workload,gov_report,gov_report/0,13,10,15,History-Last1,1.0,0.0,32,2;3;11;12;13;14;15;16;17;18;22;23;27;28;30,2;3;12;13;14;15;16;17;22;23;24;26;27;28;30,13,2,2
workload-3,workload,gov_report,gov_report/0,13,10,15,Past-Frequency,1.0,0.0,32,2;3;11;12;13;14;15;16;17;18;22;23;27;28;30,2;3;12;13;14;15;16;17;18;22;23;24;27;28;29;30,14,2,1
workload-4,workload,gov_report,gov_report/0,13,10,15,Oracle,1.0,0.0,32,2;3;11;12;13;14;15;16;17;18;22;23;27;28;30,2;3;11;12;13;14;15;16;17;18;22;23;27;28;30,15,0,0
workload-5,workload,gov_report,gov_report/0,8,12,27,No-Selected-Prefetch,1.0,0.0,32,1;2;3;4;5;7;8;9;10;13;14;15;25;29;30,,0,0,15
workload-6,workload,gov_report,gov_report/0,8,12,27,Random-Same-Volume,1.0,0.0,32,1;2;3;4;5;7;8;9;10;13;14;15;25;29;30,1;2;5;6;11;12;14;15;20;22;24;25;27;28;29;30,8,8,7
workload-7,workload,gov_report,gov_report/0,8,12,27,History-Last1,1.0,0.0,32,1;2;3;4;5;7;8;9;10;13;14;15;25;29;30,2;3;4;5;7;8;9;10;11;13;14;15;28;29;30,13,2,2
workload-8,workload,gov_report,gov_report/0,8,12,27,Past-Frequency,1.0,0.0,32,1;2;3;4;5;7;8;9;10;13;14;15;25;29;30,2;3;4;5;7;8;9;10;11;13;14;15;27;28;29;30,13,3,2
workload-9,workload,gov_report,gov_report/0,8,12,27,Oracle,1.0,0.0,32,1;2;3;4;5;7;8;9;10;13;14;15;25;29;30,1;2;3;4;5;7;8;9;10;13;14;15;25;29;30,15,0,0
workload-10,workload,gov_report,gov_report/1,15,15,9,No-Selected-Prefetch,1.0,0.0,32,2;3;4;11;12;13;17;22;23;25;26;27;28;29;30,,0,0,15
workload-11,workload,gov_report,gov_report/1,15,15,9,Random-Same-Volume,1.0,0.0,32,2;3;4;11;12;13;17;22;23;25;26;27;28;29;30,3;8;10;11;12;13;14;16;18;19;20;22;23;28;29;30,9,7,6
workload-12,workload,gov_report,gov_report/1,15,15,9,History-Last1,1.0,0.0,32,2;3;4;11;12;13;17;22;23;25;26;27;28;29;30,2;3;4;7;11;12;13;17;22;23;25;26;27;28;30,14,1,1
workload-13,workload,gov_report,gov_report/1,15,15,9,Past-Frequency,1.0,0.0,32,2;3;4;11;12;13;17;22;23;25;26;27;28;29;30,2;3;4;7;11;12;13;17;21;22;23;25;27;28;29;30,14,2,1
workload-14,workload,gov_report,gov_report/1,15,15,9,Oracle,1.0,0.0,32,2;3;4;11;12;13;17;22;23;25;26;27;28;29;30,2;3;4;11;12;13;17;22;23;25;26;27;28;29;30,15,0,0
workload-15,workload,gov_report,gov_report/0,22,7,13,No-Selected-Prefetch,1.0,0.0,32,3;12;13;14;16;17;18;21;22;23;24;27;28;29;30,,0,0,15
workload-16,workload,gov_report,gov_report/0,22,7,13,Random-Same-Volume,1.0,0.0,32,3;12;13;14;16;17;18;21;22;23;24;27;28;29;30,4;8;9;10;11;12;14;15;16;18;20;25;26;27;28;30,7,9,8
workload-17,workload,gov_report,gov_report/0,22,7,13,History-Last1,1.0,0.0,32,3;12;13;14;16;17;18;21;22;23;24;27;28;29;30,3;11;12;13;14;16;17;18;21;22;23;27;28;29;30,14,1,1
workload-18,workload,gov_report,gov_report/0,22,7,13,Past-Frequency,1.0,0.0,32,3;12;13;14;16;17;18;21;22;23;24;27;28;29;30,3;11;12;13;14;16;17;18;21;22;23;24;27;28;29;30,15,1,0
workload-19,workload,gov_report,gov_report/0,22,7,13,Oracle,1.0,0.0,32,3;12;13;14;16;17;18;21;22;23;24;27;28;29;30,3;12;13;14;16;17;18;21;22;23;24;27;28;29;30,15,0,0
workload-20,workload,gov_report,gov_report/1,29,26,23,No-Selected-Prefetch,1.0,0.0,32,1;2;3;7;8;9;10;12;13;18;19;24;26;29;30,,0,0,15
workload-21,workload,gov_report,gov_report/1,29,26,23,Random-Same-Volume,1.0,0.0,32,1;2;3;7;8;9;10;12;13;18;19;24;26;29;30,1;2;4;5;7;11;13;14;15;17;18;21;22;24;25;27,6,10,9
workload-22,workload,gov_report,gov_report/1,29,26,23,History-Last1,1.0,0.0,32,1;2;3;7;8;9;10;12;13;18;19;24;26;29;30,1;2;3;7;8;9;10;12;16;18;19;24;26;29;30,14,1,1
workload-23,workload,gov_report,gov_report/1,29,26,23,Past-Frequency,1.0,0.0,32,1;2;3;7;8;9;10;12;13;18;19;24;26;29;30,1;2;3;4;7;8;9;10;12;18;19;24;26;27;29;30,14,2,1
workload-24,workload,gov_report,gov_report/1,29,26,23,Oracle,1.0,0.0,32,1;2;3;7;8;9;10;12;13;18;19;24;26;29;30,1;2;3;7;8;9;10;12;13;18;19;24;26;29;30,15,0,0
workload-25,workload,gov_report,gov_report/1,4,0,6,No-Selected-Prefetch,1.0,0.0,32,6;8;9;10;11;12;13;14;22;24;26;27;28;29;30,,0,0,15
workload-26,workload,gov_report,gov_report/1,4,0,6,Random-Same-Volume,1.0,0.0,32,6;8;9;10;11;12;13;14;22;24;26;27;28;29;30,1;2;3;5;6;8;10;11;12;16;21;23;25;26;27;30,8,8,7
workload-27,workload,gov_report,gov_report/1,4,0,6,History-Last1,1.0,0.0,32,6;8;9;10;11;12;13;14;22;24;26;27;28;29;30,6;8;9;10;11;12;13;14;15;19;26;27;28;29;30,13,2,2
workload-28,workload,gov_report,gov_report/1,4,0,6,Past-Frequency,1.0,0.0,32,6;8;9;10;11;12;13;14;22;24;26;27;28;29;30,6;8;9;10;11;12;13;14;15;19;21;26;27;28;29;30,13,3,2
workload-29,workload,gov_report,gov_report/1,4,0,6,Oracle,1.0,0.0,32,6;8;9;10;11;12;13;14;22;24;26;27;28;29;30,6;8;9;10;11;12;13;14;22;24;26;27;28;29;30,15,0,0
workload-30,workload,gov_report,gov_report/2,3,14,14,No-Selected-Prefetch,1.0,0.0,32,1;2;3;4;5;6;9;10;12;16;17;18;19;20;21;29,,0,0,16
workload-31,workload,gov_report,gov_report/2,3,14,14,Random-Same-Volume,1.0,0.0,32,1;2;3;4;5;6;9;10;12;16;17;18;19;20;21;29,1;3;5;11;12;13;15;16;18;21;22;23;26;27;28;29,8,8,8
workload-32,workload,gov_report,gov_report/2,3,14,14,History-Last1,1.0,0.0,32,1;2;3;4;5;6;9;10;12;16;17;18;19;20;21;29,1;2;3;4;5;6;10;16;17;18;19;21;28;29;30,13,2,3
workload-33,workload,gov_report,gov_report/2,3,14,14,Past-Frequency,1.0,0.0,32,1;2;3;4;5;6;9;10;12;16;17;18;19;20;21;29,1;2;3;4;5;6;10;16;17;18;19;20;21;28;29;30,14,2,2
workload-34,workload,gov_report,gov_report/2,3,14,14,Oracle,1.0,0.0,32,1;2;3;4;5;6;9;10;12;16;17;18;19;20;21;29,1;2;3;4;5;6;9;10;12;16;17;18;19;20;21;29,16,0,0
workload-35,workload,gov_report,gov_report/0,19,7,26,No-Selected-Prefetch,1.0,0.0,32,1;2;3;4;5;6;7;8;9;10;12;14;15;16;17;29,,0,0,16
workload-36,workload,gov_report,gov_report/0,19,7,26,Random-Same-Volume,1.0,0.0,32,1;2;3;4;5;6;7;8;9;10;12;14;15;16;17;29,1;4;5;9;12;14;17;18;21;23;24;25;26;28;29;30,8,8,8
workload-37,workload,gov_report,gov_report/0,19,7,26,History-Last1,1.0,0.0,32,1;2;3;4;5;6;7;8;9;10;12;14;15;16;17;29,1;2;3;4;5;6;7;8;9;10;11;12;16;29;30,13,2,3
workload-38,workload,gov_report,gov_report/0,19,7,26,Past-Frequency,1.0,0.0,32,1;2;3;4;5;6;7;8;9;10;12;14;15;16;17;29,1;2;3;4;5;6;7;8;9;10;11;12;15;16;29;30,14,2,2
workload-39,workload,gov_report,gov_report/0,19,7,26,Oracle,1.0,0.0,32,1;2;3;4;5;6;7;8;9;10;12;14;15;16;17;29,1;2;3;4;5;6;7;8;9;10;12;14;15;16;17;29,16,0,0
workload-40,workload,gov_report,gov_report/0,28,5,13,No-Selected-Prefetch,1.0,0.0,32,9;10;12;13;14;15;22;23;24;25;26;27;28;29;30,,0,0,15
workload-41,workload,gov_report,gov_report/0,28,5,13,Random-Same-Volume,1.0,0.0,32,9;10;12;13;14;15;22;23;24;25;26;27;28;29;30,2;3;4;5;6;8;10;13;14;20;21;22;23;26;27;30,8,8,7
workload-42,workload,gov_report,gov_report/0,28,5,13,History-Last1,1.0,0.0,32,9;10;12;13;14;15;22;23;24;25;26;27;28;29;30,9;10;12;13;14;15;22;23;24;25;26;27;28;29;30,15,0,0
workload-43,workload,gov_report,gov_report/0,28,5,13,Past-Frequency,1.0,0.0,32,9;10;12;13;14;15;22;23;24;25;26;27;28;29;30,7;9;10;12;13;14;15;22;23;24;25;26;27;28;29;30,15,1,0
workload-44,workload,gov_report,gov_report/0,28,5,13,Oracle,1.0,0.0,32,9;10;12;13;14;15;22;23;24;25;26;27;28;29;30,9;10;12;13;14;15;22;23;24;25;26;27;28;29;30,15,0,0
workload-45,workload,gov_report,gov_report/0,16,22,25,No-Selected-Prefetch,1.0,0.0,32,1;2;3;4;6;7;8;9;11;12;13;15;17;19;29;30,,0,0,16
workload-46,workload,gov_report,gov_report/0,16,22,25,Random-Same-Volume,1.0,0.0,32,1;2;3;4;6;7;8;9;11;12;13;15;17;19;29;30,1;2;3;5;6;8;10;11;12;15;17;21;22;28;29;30,11,5,5
workload-47,workload,gov_report,gov_report/0,16,22,25,History-Last1,1.0,0.0,32,1;2;3;4;6;7;8;9;11;12;13;15;17;19;29;30,1;2;3;4;6;7;8;9;11;13;14;15;17;19;29;30,15,1,1
workload-48,workload,gov_report,gov_report/0,16,22,25,Past-Frequency,1.0,0.0,32,1;2;3;4;6;7;8;9;11;12;13;15;17;19;29;30,1;2;3;4;6;7;8;9;11;12;13;14;15;17;29;30,15,1,1
workload-49,workload,gov_report,gov_report/0,16,22,25,Oracle,1.0,0.0,32,1;2;3;4;6;7;8;9;11;12;13;15;17;19;29;30,1;2;3;4;6;7;8;9;11;12;13;15;17;19;29;30,16,0,0
workload-50,workload,multi_news,multi_news/0,17,14,22,No-Selected-Prefetch,1.0,0.0,32,1;2;3;4;8;13;14;15;16;24;25;26;27;28;29,,0,0,15
workload-51,workload,multi_news,multi_news/0,17,14,22,Random-Same-Volume,1.0,0.0,32,1;2;3;4;8;13;14;15;16;24;25;26;27;28;29,2;3;9;10;13;14;15;18;19;20;21;22;23;27;28;30,7,9,8
workload-52,workload,multi_news,multi_news/0,17,14,22,History-Last1,1.0,0.0,32,1;2;3;4;8;13;14;15;16;24;25;26;27;28;29,1;2;3;4;8;13;14;15;16;18;24;25;26;27;28;29,15,1,0
workload-53,workload,multi_news,multi_news/0,17,14,22,Past-Frequency,1.0,0.0,32,1;2;3;4;8;13;14;15;16;24;25;26;27;28;29,1;2;3;4;7;8;13;15;16;18;24;25;26;27;28;29,14,2,1
workload-54,workload,multi_news,multi_news/0,17,14,22,Oracle,1.0,0.0,32,1;2;3;4;8;13;14;15;16;24;25;26;27;28;29,1;2;3;4;8;13;14;15;16;24;25;26;27;28;29,15,0,0
workload-55,workload,multi_news,multi_news/1,18,22,24,No-Selected-Prefetch,1.0,0.0,32,3;4;5;6;9;10;12;13;15;16;17;18;19;20;25;30,,0,0,16
workload-56,workload,multi_news,multi_news/1,18,22,24,Random-Same-Volume,1.0,0.0,32,3;4;5;6;9;10;12;13;15;16;17;18;19;20;25;30,2;4;5;7;8;9;11;14;17;18;21;22;23;25;26;30,7,9,9
workload-57,workload,multi_news,multi_news/1,18,22,24,History-Last1,1.0,0.0,32,3;4;5;6;9;10;12;13;15;16;17;18;19;20;25;30,2;3;4;5;7;9;10;13;14;16;17;18;20;24;25;30,12,4,4
workload-58,workload,multi_news,multi_news/1,18,22,24,Past-Frequency,1.0,0.0,32,3;4;5;6;9;10;12;13;15;16;17;18;19;20;25;30,1;2;3;4;5;6;7;8;9;10;13;14;16;22;23;24,8,8,8
workload-59,workload,multi_news,multi_news/1,18,22,24,Oracle,1.0,0.0,32,3;4;5;6;9;10;12;13;15;16;17;18;19;20;25;30,3;4;5;6;9;10;12;13;15;16;17;18;19;20;25;30,16,0,0
workload-60,workload,multi_news,multi_news/2,31,25,23,No-Selected-Prefetch,1.0,0.0,32,1;7;8;9;10;11;13;15;16;17;18;20;22;23;28;30,,0,0,16
workload-61,workload,multi_news,multi_news/2,31,25,23,Random-Same-Volume,1.0,0.0,32,1;7;8;9;10;11;13;15;16;17;18;20;22;23;28;30,1;2;3;5;7;9;12;17;18;19;22;23;24;25;27;29,7,9,9
workload-62,workload,multi_news,multi_news/2,31,25,23,History-Last1,1.0,0.0,32,1;7;8;9;10;11;13;15;16;17;18;20;22;23;28;30,1;7;8;9;10;11;12;13;15;16;18;20;22;23;27;28,14,2,2
workload-63,workload,multi_news,multi_news/2,31,25,23,Past-Frequency,1.0,0.0,32,1;7;8;9;10;11;13;15;16;17;18;20;22;23;28;30,1;7;8;9;10;11;12;13;15;16;17;18;20;22;23;27,14,2,2
workload-64,workload,multi_news,multi_news/2,31,25,23,Oracle,1.0,0.0,32,1;7;8;9;10;11;13;15;16;17;18;20;22;23;28;30,1;7;8;9;10;11;13;15;16;17;18;20;22;23;28;30,16,0,0
workload-65,workload,multi_news,multi_news/0,17,11,21,No-Selected-Prefetch,1.0,0.0,32,1;2;3;4;5;6;8;9;13;25;26;27;28;29;30,,0,0,15
workload-66,workload,multi_news,multi_news/0,17,11,21,Random-Same-Volume,1.0,0.0,32,1;2;3;4;5;6;8;9;13;25;26;27;28;29;30,1;3;5;6;8;10;11;12;14;19;22;24;25;26;29;30,9,7,6
workload-67,workload,multi_news,multi_news/0,17,11,21,History-Last1,1.0,0.0,32,1;2;3;4;5;6;8;9;13;25;26;27;28;29;30,1;2;3;4;5;6;8;9;13;18;19;25;26;29;30,13,2,2
workload-68,workload,multi_news,multi_news/0,17,11,21,Past-Frequency,1.0,0.0,32,1;2;3;4;5;6;8;9;13;25;26;27;28;29;30,1;2;3;4;5;6;8;9;16;18;19;25;26;28;29;30,13,3,2
workload-69,workload,multi_news,multi_news/0,17,11,21,Oracle,1.0,0.0,32,1;2;3;4;5;6;8;9;13;25;26;27;28;29;30,1;2;3;4;5;6;8;9;13;25;26;27;28;29;30,15,0,0
workload-70,workload,multi_news,multi_news/0,24,3,11,No-Selected-Prefetch,1.0,0.0,32,2;6;10;11;12;13;18;19;21;22;25;27;28;29;30,,0,0,15
workload-71,workload,multi_news,multi_news/0,24,3,11,Random-Same-Volume,1.0,0.0,32,2;6;10;11;12;13;18;19;21;22;25;27;28;29;30,2;5;6;7;8;12;15;16;18;21;22;23;24;25;27;29,9,7,6
workload-72,workload,multi_news,multi_news/0,24,3,11,History-Last1,1.0,0.0,32,2;6;10;11;12;13;18;19;21;22;25;27;28;29;30,2;10;11;12;18;19;21;22;23;25;26;27;28;29;30,13,2,2
workload-73,workload,multi_news,multi_news/0,24,3,11,Past-Frequency,1.0,0.0,32,2;6;10;11;12;13;18;19;21;22;25;27;28;29;30,2;6;10;11;12;18;19;21;22;23;25;26;27;28;29;30,14,2,1
workload-74,workload,multi_news,multi_news/0,24,3,11,Oracle,1.0,0.0,32,2;6;10;11;12;13;18;19;21;22;25;27;28;29;30,2;6;10;11;12;13;18;19;21;22;25;27;28;29;30,15,0,0
workload-75,workload,multi_news,multi_news/0,14,26,17,No-Selected-Prefetch,1.0,0.0,32,1;2;3;4;5;8;9;10;11;13;14;15;17;18;19;27,,0,0,16
workload-76,workload,multi_news,multi_news/0,14,26,17,Random-Same-Volume,1.0,0.0,32,1;2;3;4;5;8;9;10;11;13;14;15;17;18;19;27,2;6;7;9;10;11;14;15;17;18;19;22;23;24;27;28,10,6,6
workload-77,workload,multi_news,multi_news/0,14,26,17,History-Last1,1.0,0.0,32,1;2;3;4;5;8;9;10;11;13;14;15;17;18;19;27,1;2;3;4;5;8;9;10;11;12;15;17;18;19;25;27,14,2,2
workload-78,workload,multi_news,multi_news/0,14,26,17,Past-Frequency,1.0,0.0,32,1;2;3;4;5;8;9;10;11;13;14;15;17;18;19;27,1;2;3;4;5;8;9;10;11;15;17;18;19;25;26;27,14,2,2
workload-79,workload,multi_news,multi_news/0,14,26,17,Oracle,1.0,0.0,32,1;2;3;4;5;8;9;10;11;13;14;15;17;18;19;27,1;2;3;4;5;8;9;10;11;13;14;15;17;18;19;27,16,0,0
workload-80,workload,multi_news,multi_news/0,18,9,13,No-Selected-Prefetch,1.0,0.0,32,1;2;3;4;5;6;7;8;13;16;24;25;26;29;30,,0,0,15
workload-81,workload,multi_news,multi_news/0,18,9,13,Random-Same-Volume,1.0,0.0,32,1;2;3;4;5;6;7;8;13;16;24;25;26;29;30,1;3;5;6;7;9;13;14;17;18;20;21;22;24;27;30,8,8,7
workload-82,workload,multi_news,multi_news/0,18,9,13,History-Last1,1.0,0.0,32,1;2;3;4;5;6;7;8;13;16;24;25;26;29;30,1;2;3;4;6;7;13;14;16;17;18;22;24;27;29,10,5,5
workload-83,workload,multi_news,multi_news/0,18,9,13,Past-Frequency,1.0,0.0,32,1;2;3;4;5;6;7;8;13;16;24;25;26;29;30,1;2;3;4;6;7;13;14;16;17;18;22;24;25;27;29,11,5,4
workload-84,workload,multi_news,multi_news/0,18,9,13,Oracle,1.0,0.0,32,1;2;3;4;5;6;7;8;13;16;24;25;26;29;30,1;2;3;4;5;6;7;8;13;16;24;25;26;29;30,15,0,0
workload-85,workload,multi_news,multi_news/1,7,1,12,No-Selected-Prefetch,1.0,0.0,32,1;6;10;11;12;13;14;15;16;20;21;25;26;27;30,,0,0,15
workload-86,workload,multi_news,multi_news/1,7,1,12,Random-Same-Volume,1.0,0.0,32,1;6;10;11;12;13;14;15;16;20;21;25;26;27;30,5;7;10;12;13;16;18;20;21;23;25;26;27;28;29;30,10,6,5
workload-87,workload,multi_news,multi_news/1,7,1,12,History-Last1,1.0,0.0,32,1;6;10;11;12;13;14;15;16;20;21;25;26;27;30,6;11;12;13;14;15;16;21;22;23;25;26;27;28;30,12,3,3
workload-88,workload,multi_news,multi_news/1,7,1,12,Past-Frequency,1.0,0.0,32,1;6;10;11;12;13;14;15;16;20;21;25;26;27;30,6;10;11;12;13;15;16;21;22;23;25;26;27;28;29;30,12,4,3
workload-89,workload,multi_news,multi_news/1,7,1,12,Oracle,1.0,0.0,32,1;6;10;11;12;13;14;15;16;20;21;25;26;27;30,1;6;10;11;12;13;14;15;16;20;21;25;26;27;30,15,0,0
workload-90,workload,multi_news,multi_news/2,29,11,27,No-Selected-Prefetch,1.0,0.0,32,1;2;3;7;8;9;10;11;13;15;22;23;26;27;29;30,,0,0,16
workload-91,workload,multi_news,multi_news/2,29,11,27,Random-Same-Volume,1.0,0.0,32,1;2;3;7;8;9;10;11;13;15;22;23;26;27;29;30,1;6;9;12;13;16;18;20;21;22;23;24;25;27;29;30,8,8,8
workload-92,workload,multi_news,multi_news/2,29,11,27,History-Last1,1.0,0.0,32,1;2;3;7;8;9;10;11;13;15;22;23;26;27;29;30,1;2;3;7;8;10;11;13;15;22;23;26;27;28;29;30,15,1,1
workload-93,workload,multi_news,multi_news/2,29,11,27,Past-Frequency,1.0,0.0,32,1;2;3;7;8;9;10;11;13;15;22;23;26;27;29;30,1;2;3;7;8;9;10;11;13;15;22;26;27;28;29;30,15,1,1
workload-94,workload,multi_news,multi_news/2,29,11,27,Oracle,1.0,0.0,32,1;2;3;7;8;9;10;11;13;15;22;23;26;27;29;30,1;2;3;7;8;9;10;11;13;15;22;23;26;27;29;30,16,0,0
workload-95,workload,multi_news,multi_news/1,9,0,4,No-Selected-Prefetch,1.0,0.0,32,8;9;10;11;18;19;22;23;24;25;26;27;28;29;30,,0,0,15
workload-96,workload,multi_news,multi_news/1,9,0,4,Random-Same-Volume,1.0,0.0,32,8;9;10;11;18;19;22;23;24;25;26;27;28;29;30,1;2;3;4;8;9;13;15;17;18;23;24;25;26;27;30,9,7,6
workload-97,workload,multi_news,multi_news/1,9,0,4,History-Last1,1.0,0.0,32,8;9;10;11;18;19;22;23;24;25;26;27;28;29;30,9;10;11;12;14;15;16;17;18;22;24;26;27;29;30,10,5,5
workload-98,workload,multi_news,multi_news/1,9,0,4,Past-Frequency,1.0,0.0,32,8;9;10;11;18;19;22;23;24;25;26;27;28;29;30,6;8;9;10;11;18;19;21;22;23;24;26;27;28;29;30,14,2,1
workload-99,workload,multi_news,multi_news/1,9,0,4,Oracle,1.0,0.0,32,8;9;10;11;18;19;22;23;24;25;26;27;28;29;30,8;9;10;11;18;19;22;23;24;25;26;27;28;29;30,15,0,0
workload-100,workload,multifieldqa_en,multifieldqa_en/1,3,17,12,No-Selected-Prefetch,1.0,0.0,32,6;12;16;17;18;19;20;21;22;23;24;25;28;29;30,,0,0,15
workload-101,workload,multifieldqa_en,multifieldqa_en/1,3,17,12,Random-Same-Volume,1.0,0.0,32,6;12;16;17;18;19;20;21;22;23;24;25;28;29;30,1;2;4;5;7;11;13;15;17;18;20;23;24;25;28;29,8,8,7
workload-102,workload,multifieldqa_en,multifieldqa_en/1,3,17,12,History-Last1,1.0,0.0,32,6;12;16;17;18;19;20;21;22;23;24;25;28;29;30,1;2;6;9;12;16;18;19;20;21;23;24;28;29;30,12,3,3
workload-103,workload,multifieldqa_en,multifieldqa_en/1,3,17,12,Past-Frequency,1.0,0.0,32,6;12;16;17;18;19;20;21;22;23;24;25;28;29;30,1;2;6;9;11;12;16;18;19;20;21;23;24;28;29;30,12,4,3
workload-104,workload,multifieldqa_en,multifieldqa_en/1,3,17,12,Oracle,1.0,0.0,32,6;12;16;17;18;19;20;21;22;23;24;25;28;29;30,6;12;16;17;18;19;20;21;22;23;24;25;28;29;30,15,0,0
workload-105,workload,multifieldqa_en,multifieldqa_en/0,19,21,18,No-Selected-Prefetch,1.0,0.0,32,5;6;7;8;9;10;11;12;13;19;20;26;28;29;30,,0,0,15
workload-106,workload,multifieldqa_en,multifieldqa_en/0,19,21,18,Random-Same-Volume,1.0,0.0,32,5;6;7;8;9;10;11;12;13;19;20;26;28;29;30,1;2;4;5;10;11;12;13;14;15;18;20;21;22;24;25,6,10,9
workload-107,workload,multifieldqa_en,multifieldqa_en/0,19,21,18,History-Last1,1.0,0.0,32,5;6;7;8;9;10;11;12;13;19;20;26;28;29;30,8;9;10;11;12;13;19;20;22;25;26;27;28;29;30,12,3,3
workload-108,workload,multifieldqa_en,multifieldqa_en/0,19,21,18,Past-Frequency,1.0,0.0,32,5;6;7;8;9;10;11;12;13;19;20;26;28;29;30,6;8;9;10;11;12;13;19;20;22;25;26;27;28;29;30,13,3,2
workload-109,workload,multifieldqa_en,multifieldqa_en/0,19,21,18,Oracle,1.0,0.0,32,5;6;7;8;9;10;11;12;13;19;20;26;28;29;30,5;6;7;8;9;10;11;12;13;19;20;26;28;29;30,15,0,0
workload-110,workload,multifieldqa_en,multifieldqa_en/2,3,26,17,No-Selected-Prefetch,1.0,0.0,32,1;8;10;12;13;14;18;19;22;23;26;27;28;29;30,,0,0,15
workload-111,workload,multifieldqa_en,multifieldqa_en/2,3,26,17,Random-Same-Volume,1.0,0.0,32,1;8;10;12;13;14;18;19;22;23;26;27;28;29;30,3;4;8;9;10;11;14;16;18;19;21;22;24;25;26;30,8,8,7
workload-112,workload,multifieldqa_en,multifieldqa_en/2,3,26,17,History-Last1,1.0,0.0,32,1;8;10;12;13;14;18;19;22;23;26;27;28;29;30,1;5;8;10;17;18;19;20;21;22;25;26;28;29;30,10,5,5
workload-113,workload,multifieldqa_en,multifieldqa_en/2,3,26,17,Past-Frequency,1.0,0.0,32,1;8;10;12;13;14;18;19;22;23;26;27;28;29;30,5;8;10;12;14;17;18;19;20;21;22;25;26;28;29;30,11,5,4
workload-114,workload,multifieldqa_en,multifieldqa_en/2,3,26,17,Oracle,1.0,0.0,32,1;8;10;12;13;14;18;19;22;23;26;27;28;29;30,1;8;10;12;13;14;18;19;22;23;26;27;28;29;30,15,0,0
workload-115,workload,multifieldqa_en,multifieldqa_en/2,27,18,21,No-Selected-Prefetch,1.0,0.0,32,2;3;7;8;9;17;18;22;23;24;26;27;28;29;30,,0,0,15
workload-116,workload,multifieldqa_en,multifieldqa_en/2,27,18,21,Random-Same-Volume,1.0,0.0,32,2;3;7;8;9;17;18;22;23;24;26;27;28;29;30,2;5;8;9;10;11;12;15;16;18;22;23;25;27;28;29,9,7,6
workload-117,workload,multifieldqa_en,multifieldqa_en/2,27,18,21,History-Last1,1.0,0.0,32,2;3;7;8;9;17;18;22;23;24;26;27;28;29;30,3;5;7;8;9;17;18;22;23;24;26;27;28;29;30,14,1,1
workload-118,workload,multifieldqa_en,multifieldqa_en/2,27,18,21,Past-Frequency,1.0,0.0,32,2;3;7;8;9;17;18;22;23;24;26;27;28;29;30,3;6;7;8;9;13;17;18;22;23;24;26;27;28;29;30,14,2,1
workload-119,workload,multifieldqa_en,multifieldqa_en/2,27,18,21,Oracle,1.0,0.0,32,2;3;7;8;9;17;18;22;23;24;26;27;28;29;30,2;3;7;8;9;17;18;22;23;24;26;27;28;29;30,15,0,0
workload-120,workload,multifieldqa_en,multifieldqa_en/2,28,27,7,No-Selected-Prefetch,1.0,0.0,32,1;12;14;16;17;19;20;22;23;24;25;27;28;29;30,,0,0,15
workload-121,workload,multifieldqa_en,multifieldqa_en/2,28,27,7,Random-Same-Volume,1.0,0.0,32,1;12;14;16;17;19;20;22;23;24;25;27;28;29;30,2;7;8;9;11;12;13;15;16;19;20;21;24;26;29;30,7,9,8
workload-122,workload,multifieldqa_en,multifieldqa_en/2,28,27,7,History-Last1,1.0,0.0,32,1;12;14;16;17;19;20;22;23;24;25;27;28;29;30,1;4;12;14;16;17;19;20;21;22;23;24;25;28;29,13,2,2
workload-123,workload,multifieldqa_en,multifieldqa_en/2,28,27,7,Past-Frequency,1.0,0.0,32,1;12;14;16;17;19;20;22;23;24;25;27;28;29;30,1;4;12;14;16;17;19;20;21;22;23;24;25;27;28;29,14,2,1
workload-124,workload,multifieldqa_en,multifieldqa_en/2,28,27,7,Oracle,1.0,0.0,32,1;12;14;16;17;19;20;22;23;24;25;27;28;29;30,1;12;14;16;17;19;20;22;23;24;25;27;28;29;30,15,0,0
workload-125,workload,multifieldqa_en,multifieldqa_en/1,15,8,25,No-Selected-Prefetch,1.0,0.0,32,2;7;9;13;14;15;16;19;20;21;23;24;25;29;30,,0,0,15
workload-126,workload,multifieldqa_en,multifieldqa_en/1,15,8,25,Random-Same-Volume,1.0,0.0,32,2;7;9;13;14;15;16;19;20;21;23;24;25;29;30,2;3;4;5;6;9;10;12;15;16;17;20;22;24;27;28,6,10,9
workload-127,workload,multifieldqa_en,multifieldqa_en/1,15,8,25,History-Last1,1.0,0.0,32,2;7;9;13;14;15;16;19;20;21;23;24;25;29;30,2;7;9;13;14;15;16;19;20;21;23;25;28;29;30,14,1,1
workload-128,workload,multifieldqa_en,multifieldqa_en/1,15,8,25,Past-Frequency,1.0,0.0,32,2;7;9;13;14;15;16;19;20;21;23;24;25;29;30,2;7;9;13;14;15;16;19;20;21;23;24;25;28;29;30,15,1,0
workload-129,workload,multifieldqa_en,multifieldqa_en/1,15,8,25,Oracle,1.0,0.0,32,2;7;9;13;14;15;16;19;20;21;23;24;25;29;30,2;7;9;13;14;15;16;19;20;21;23;24;25;29;30,15,0,0
workload-130,workload,multifieldqa_en,multifieldqa_en/2,7,6,17,No-Selected-Prefetch,1.0,0.0,32,8;9;10;11;14;15;16;17;18;20;21;23;28;29;30,,0,0,15
workload-131,workload,multifieldqa_en,multifieldqa_en/2,7,6,17,Random-Same-Volume,1.0,0.0,32,8;9;10;11;14;15;16;17;18;20;21;23;28;29;30,1;3;4;7;9;10;11;12;13;18;19;20;21;23;27;28,8,8,7
workload-132,workload,multifieldqa_en,multifieldqa_en/2,7,6,17,History-Last1,1.0,0.0,32,8;9;10;11;14;15;16;17;18;20;21;23;28;29;30,1;8;10;15;16;17;18;20;21;23;26;27;28;29;30,12,3,3
workload-133,workload,multifieldqa_en,multifieldqa_en/2,7,6,17,Past-Frequency,1.0,0.0,32,8;9;10;11;14;15;16;17;18;20;21;23;28;29;30,1;2;8;9;10;14;15;16;17;18;21;23;27;28;29;30,13,3,2
workload-134,workload,multifieldqa_en,multifieldqa_en/2,7,6,17,Oracle,1.0,0.0,32,8;9;10;11;14;15;16;17;18;20;21;23;28;29;30,8;9;10;11;14;15;16;17;18;20;21;23;28;29;30,15,0,0
workload-135,workload,multifieldqa_en,multifieldqa_en/1,20,25,26,No-Selected-Prefetch,1.0,0.0,32,8;16;17;19;20;21;22;23;24;25;26;27;28;29;30,,0,0,15
workload-136,workload,multifieldqa_en,multifieldqa_en/1,20,25,26,Random-Same-Volume,1.0,0.0,32,8;16;17;19;20;21;22;23;24;25;26;27;28;29;30,2;3;4;5;8;9;10;11;13;17;19;20;22;25;27;29,8,8,7
workload-137,workload,multifieldqa_en,multifieldqa_en/1,20,25,26,History-Last1,1.0,0.0,32,8;16;17;19;20;21;22;23;24;25;26;27;28;29;30,13;15;17;19;20;21;22;23;24;25;26;27;28;29;30,13,2,2
workload-138,workload,multifieldqa_en,multifieldqa_en/1,20,25,26,Past-Frequency,1.0,0.0,32,8;16;17;19;20;21;22;23;24;25;26;27;28;29;30,13;15;16;17;19;20;21;22;23;24;25;26;27;28;29;30,14,2,1
workload-139,workload,multifieldqa_en,multifieldqa_en/1,20,25,26,Oracle,1.0,0.0,32,8;16;17;19;20;21;22;23;24;25;26;27;28;29;30,8;16;17;19;20;21;22;23;24;25;26;27;28;29;30,15,0,0
workload-140,workload,multifieldqa_en,multifieldqa_en/1,7,22,22,No-Selected-Prefetch,1.0,0.0,32,1;2;5;6;7;8;9;10;11;12;16;19;20;22;23;24,,0,0,16
workload-141,workload,multifieldqa_en,multifieldqa_en/1,7,22,22,Random-Same-Volume,1.0,0.0,32,1;2;5;6;7;8;9;10;11;12;16;19;20;22;23;24,1;4;6;7;8;9;10;12;17;18;20;25;26;27;28;30,8,8,8
workload-142,workload,multifieldqa_en,multifieldqa_en/1,7,22,22,History-Last1,1.0,0.0,32,1;2;5;6;7;8;9;10;11;12;16;19;20;22;23;24,1;2;6;7;8;9;10;11;12;14;20;23;24;27;28,12,3,4
workload-143,workload,multifieldqa_en,multifieldqa_en/1,7,22,22,Past-Frequency,1.0,0.0,32,1;2;5;6;7;8;9;10;11;12;16;19;20;22;23;24,1;2;6;7;8;9;10;11;12;14;20;22;23;24;27;28,13,3,3
workload-144,workload,multifieldqa_en,multifieldqa_en/1,7,22,22,Oracle,1.0,0.0,32,1;2;5;6;7;8;9;10;11;12;16;19;20;22;23;24,1;2;5;6;7;8;9;10;11;12;16;19;20;22;23;24,16,0,0
workload-145,workload,multifieldqa_en,multifieldqa_en/0,10,17,5,No-Selected-Prefetch,1.0,0.0,32,1;2;3;4;5;11;12;13;16;21;22;23;24;29;30,,0,0,15
workload-146,workload,multifieldqa_en,multifieldqa_en/0,10,17,5,Random-Same-Volume,1.0,0.0,32,1;2;3;4;5;11;12;13;16;21;22;23;24;29;30,1;2;5;6;8;9;12;14;15;21;22;23;24;26;27;30,9,7,6
workload-147,workload,multifieldqa_en,multifieldqa_en/0,10,17,5,History-Last1,1.0,0.0,32,1;2;3;4;5;11;12;13;16;21;22;23;24;29;30,1;2;3;4;5;6;7;8;11;16;21;22;27;29;30,11,4,4
workload-148,workload,multifieldqa_en,multifieldqa_en/0,10,17,5,Past-Frequency,1.0,0.0,32,1;2;3;4;5;11;12;13;16;21;22;23;24;29;30,1;2;3;4;5;6;7;8;11;13;16;21;22;23;29;30,13,3,2
workload-149,workload,multifieldqa_en,multifieldqa_en/0,10,17,5,Oracle,1.0,0.0,32,1;2;3;4;5;11;12;13;16;21;22;23;24;29;30,1;2;3;4;5;11;12;13;16;21;22;23;24;29;30,15,0,0
workload-150,workload,musique,musique/2,3,18,22,No-Selected-Prefetch,1.0,0.0,32,2;7;12;16;17;18;19;20;21;23;26;27;28;29;30,,0,0,15
workload-151,workload,musique,musique/2,3,18,22,Random-Same-Volume,1.0,0.0,32,2;7;12;16;17;18;19;20;21;23;26;27;28;29;30,1;3;5;8;9;10;13;14;15;17;19;21;24;26;28;30,6,10,9
workload-152,workload,musique,musique/2,3,18,22,History-Last1,1.0,0.0,32,2;7;12;16;17;18;19;20;21;23;26;27;28;29;30,7;16;17;18;19;20;21;22;23;25;26;27;28;29;30,13,2,2
workload-153,workload,musique,musique/2,3,18,22,Past-Frequency,1.0,0.0,32,2;7;12;16;17;18;19;20;21;23;26;27;28;29;30,7;11;12;16;18;19;20;21;22;23;25;26;27;28;29;30,13,3,2
workload-154,workload,musique,musique/2,3,18,22,Oracle,1.0,0.0,32,2;7;12;16;17;18;19;20;21;23;26;27;28;29;30,2;7;12;16;17;18;19;20;21;23;26;27;28;29;30,15,0,0
workload-155,workload,musique,musique/1,20,13,14,No-Selected-Prefetch,1.0,0.0,32,1;3;8;9;11;15;16;18;19;20;21;22;24;29;30,,0,0,15
workload-156,workload,musique,musique/1,20,13,14,Random-Same-Volume,1.0,0.0,32,1;3;8;9;11;15;16;18;19;20;21;22;24;29;30,4;5;7;8;9;10;13;14;17;19;20;23;25;27;28;29,5,11,10
workload-157,workload,musique,musique/1,20,13,14,History-Last1,1.0,0.0,32,1;3;8;9;11;15;16;18;19;20;21;22;24;29;30,1;8;9;11;12;16;18;19;20;21;22;23;24;29;30,13,2,2
workload-158,workload,musique,musique/1,20,13,14,Past-Frequency,1.0,0.0,32,1;3;8;9;11;15;16;18;19;20;21;22;24;29;30,1;8;9;10;11;12;16;18;19;20;21;22;23;24;29;30,13,3,2
workload-159,workload,musique,musique/1,20,13,14,Oracle,1.0,0.0,32,1;3;8;9;11;15;16;18;19;20;21;22;24;29;30,1;3;8;9;11;15;16;18;19;20;21;22;24;29;30,15,0,0
workload-160,workload,musique,musique/1,23,14,24,No-Selected-Prefetch,1.0,0.0,32,1;2;3;4;5;9;16;18;19;20;21;22;25;27;30,,0,0,15
workload-161,workload,musique,musique/1,23,14,24,Random-Same-Volume,1.0,0.0,32,1;2;3;4;5;9;16;18;19;20;21;22;25;27;30,3;6;7;8;10;13;17;19;20;23;24;25;26;27;28;29,5,11,10
workload-162,workload,musique,musique/1,23,14,24,History-Last1,1.0,0.0,32,1;2;3;4;5;9;16;18;19;20;21;22;25;27;30,1;3;4;5;6;8;9;18;19;20;21;22;27;29;30,12,3,3
workload-163,workload,musique,musique/1,23,14,24,Past-Frequency,1.0,0.0,32,1;2;3;4;5;9;16;18;19;20;21;22;25;27;30,1;2;3;9;13;14;15;16;18;19;20;21;22;23;29;30,11,5,4
workload-164,workload,musique,musique/1,23,14,24,Oracle,1.0,0.0,32,1;2;3;4;5;9;16;18;19;20;21;22;25;27;30,1;2;3;4;5;9;16;18;19;20;21;22;25;27;30,15,0,0
workload-165,workload,musique,musique/1,30,12,21,No-Selected-Prefetch,1.0,0.0,32,1;9;10;15;16;17;18;19;21;23;24;25;26;29;30,,0,0,15
workload-166,workload,musique,musique/1,30,12,21,Random-Same-Volume,1.0,0.0,32,1;9;10;15;16;17;18;19;21;23;24;25;26;29;30,2;3;5;6;7;8;9;10;14;15;16;18;19;24;25;26,9,7,6
workload-167,workload,musique,musique/1,30,12,21,History-Last1,1.0,0.0,32,1;9;10;15;16;17;18;19;21;23;24;25;26;29;30,1;9;10;15;16;17;18;19;21;23;24;25;26;29;30,15,0,0
workload-168,workload,musique,musique/1,30,12,21,Past-Frequency,1.0,0.0,32,1;9;10;15;16;17;18;19;21;23;24;25;26;29;30,1;9;10;15;16;17;18;19;21;23;24;25;26;28;29;30,15,1,0
workload-169,workload,musique,musique/1,30,12,21,Oracle,1.0,0.0,32,1;9;10;15;16;17;18;19;21;23;24;25;26;29;30,1;9;10;15;16;17;18;19;21;23;24;25;26;29;30,15,0,0
workload-170,workload,musique,musique/1,11,18,1,No-Selected-Prefetch,1.0,0.0,32,1;3;4;16;18;19;20;23;24;25;26;27;28;29;30,,0,0,15
workload-171,workload,musique,musique/1,11,18,1,Random-Same-Volume,1.0,0.0,32,1;3;4;16;18;19;20;23;24;25;26;27;28;29;30,2;3;4;5;6;7;8;9;14;15;17;24;25;26;27;28,7,9,8
workload-172,workload,musique,musique/1,11,18,1,History-Last1,1.0,0.0,32,1;3;4;16;18;19;20;23;24;25;26;27;28;29;30,1;3;4;16;17;18;20;23;24;25;26;27;28;29;30,14,1,1
workload-173,workload,musique,musique/1,11,18,1,Past-Frequency,1.0,0.0,32,1;3;4;16;18;19;20;23;24;25;26;27;28;29;30,1;3;4;16;17;18;19;20;23;24;25;26;27;28;29;30,15,1,0
workload-174,workload,musique,musique/1,11,18,1,Oracle,1.0,0.0,32,1;3;4;16;18;19;20;23;24;25;26;27;28;29;30,1;3;4;16;18;19;20;23;24;25;26;27;28;29;30,15,0,0
workload-175,workload,musique,musique/0,8,17,16,No-Selected-Prefetch,1.0,0.0,32,1;2;4;6;8;12;16;17;18;19;20;21;22;28;30,,0,0,15
workload-176,workload,musique,musique/0,8,17,16,Random-Same-Volume,1.0,0.0,32,1;2;4;6;8;12;16;17;18;19;20;21;22;28;30,3;4;5;8;11;12;14;15;16;17;20;21;24;25;28;29,8,8,7
workload-177,workload,musique,musique/0,8,17,16,History-Last1,1.0,0.0,32,1;2;4;6;8;12;16;17;18;19;20;21;22;28;30,1;2;4;5;6;7;8;12;16;17;18;19;21;28;30,13,2,2
workload-178,workload,musique,musique/0,8,17,16,Past-Frequency,1.0,0.0,32,1;2;4;6;8;12;16;17;18;19;20;21;22;28;30,1;2;4;5;6;8;12;16;17;18;19;21;22;23;28;30,14,2,1
workload-179,workload,musique,musique/0,8,17,16,Oracle,1.0,0.0,32,1;2;4;6;8;12;16;17;18;19;20;21;22;28;30,1;2;4;6;8;12;16;17;18;19;20;21;22;28;30,15,0,0
workload-180,workload,musique,musique/2,22,16,5,No-Selected-Prefetch,1.0,0.0,32,1;2;3;5;6;7;9;10;11;12;13;14;15;16;17,,0,0,15
workload-181,workload,musique,musique/2,22,16,5,Random-Same-Volume,1.0,0.0,32,1;2;3;5;6;7;9;10;11;12;13;14;15;16;17,2;4;6;7;9;11;13;14;15;16;20;21;22;24;25;27,9,7,6
workload-182,workload,musique,musique/2,22,16,5,History-Last1,1.0,0.0,32,1;2;3;5;6;7;9;10;11;12;13;14;15;16;17,1;2;3;4;5;6;7;9;10;11;12;13;14;15;16,14,1,1
workload-183,workload,musique,musique/2,22,16,5,Past-Frequency,1.0,0.0,32,1;2;3;5;6;7;9;10;11;12;13;14;15;16;17,1;2;3;4;5;6;7;8;9;10;11;12;13;14;15;16,14,2,1
workload-184,workload,musique,musique/2,22,16,5,Oracle,1.0,0.0,32,1;2;3;5;6;7;9;10;11;12;13;14;15;16;17,1;2;3;5;6;7;9;10;11;12;13;14;15;16;17,15,0,0
workload-185,workload,musique,musique/0,27,4,14,No-Selected-Prefetch,1.0,0.0,32,1;2;3;4;6;7;12;13;14;17;22;27;28;29;30,,0,0,15
workload-186,workload,musique,musique/0,27,4,14,Random-Same-Volume,1.0,0.0,32,1;2;3;4;6;7;12;13;14;17;22;27;28;29;30,2;6;7;8;9;10;11;12;13;15;18;19;20;22;25;27,7,9,8
workload-187,workload,musique,musique/0,27,4,14,History-Last1,1.0,0.0,32,1;2;3;4;6;7;12;13;14;17;22;27;28;29;30,1;2;3;6;12;13;14;15;16;17;22;27;28;29;30,13,2,2
workload-188,workload,musique,musique/0,27,4,14,Past-Frequency,1.0,0.0,32,1;2;3;4;6;7;12;13;14;17;22;27;28;29;30,1;2;3;6;7;12;13;14;15;17;21;22;27;28;29;30,14,2,1
workload-189,workload,musique,musique/0,27,4,14,Oracle,1.0,0.0,32,1;2;3;4;6;7;12;13;14;17;22;27;28;29;30,1;2;3;4;6;7;12;13;14;17;22;27;28;29;30,15,0,0
workload-190,workload,musique,musique/2,17,2,11,No-Selected-Prefetch,1.0,0.0,32,1;4;11;12;13;15;16;17;20;23;24;26;28;29;30,,0,0,15
workload-191,workload,musique,musique/2,17,2,11,Random-Same-Volume,1.0,0.0,32,1;4;11;12;13;15;16;17;20;23;24;26;28;29;30,1;8;9;11;12;16;17;18;19;20;21;22;23;25;26;27,8,8,7
workload-192,workload,musique,musique/2,17,2,11,History-Last1,1.0,0.0,32,1;4;11;12;13;15;16;17;20;23;24;26;28;29;30,2;3;4;11;12;13;15;16;23;24;25;27;28;29;30,11,4,4
workload-193,workload,musique,musique/2,17,2,11,Past-Frequency,1.0,0.0,32,1;4;11;12;13;15;16;17;20;23;24;26;28;29;30,2;3;4;5;11;12;13;15;16;21;23;24;25;28;29;30,11,5,4
workload-194,workload,musique,musique/2,17,2,11,Oracle,1.0,0.0,32,1;4;11;12;13;15;16;17;20;23;24;26;28;29;30,1;4;11;12;13;15;16;17;20;23;24;26;28;29;30,15,0,0
workload-195,workload,musique,musique/0,7,10,8,No-Selected-Prefetch,1.0,0.0,32,1;2;9;12;15;16;17;18;19;22;24;25;28;29;30,,0,0,15
workload-196,workload,musique,musique/0,7,10,8,Random-Same-Volume,1.0,0.0,32,1;2;9;12;15;16;17;18;19;22;24;25;28;29;30,3;4;6;7;9;12;15;16;17;18;19;20;21;23;24;25,9,7,6
workload-197,workload,musique,musique/0,7,10,8,History-Last1,1.0,0.0,32,1;2;9;12;15;16;17;18;19;22;24;25;28;29;30,2;9;12;15;16;17;18;19;22;24;25;26;28;29;30,14,1,1
workload-198,workload,musique,musique/0,7,10,8,Past-Frequency,1.0,0.0,32,1;2;9;12;15;16;17;18;19;22;24;25;28;29;30,2;9;12;15;16;17;18;19;22;24;25;26;27;28;29;30,14,2,1
workload-199,workload,musique,musique/0,7,10,8,Oracle,1.0,0.0,32,1;2;9;12;15;16;17;18;19;22;24;25;28;29;30,1;2;9;12;15;16;17;18;19;22;24;25;28;29;30,15,0,0
workload-200,workload,narrativeqa,narrativeqa/0,21,10,20,No-Selected-Prefetch,1.0,0.0,32,4;7;16;17;20;21;22;23;24;25;26;27;28;29;30,,0,0,15
workload-201,workload,narrativeqa,narrativeqa/0,21,10,20,Random-Same-Volume,1.0,0.0,32,4;7;16;17;20;21;22;23;24;25;26;27;28;29;30,3;4;6;7;9;10;13;14;15;18;19;21;23;24;27;28,7,9,8
workload-202,workload,narrativeqa,narrativeqa/0,21,10,20,History-Last1,1.0,0.0,32,4;7;16;17;20;21;22;23;24;25;26;27;28;29;30,1;2;3;4;7;9;12;15;20;22;23;24;27;28;30,9,6,6
workload-203,workload,narrativeqa,narrativeqa/0,21,10,20,Past-Frequency,1.0,0.0,32,4;7;16;17;20;21;22;23;24;25;26;27;28;29;30,1;2;3;4;7;9;12;14;15;20;22;23;24;27;28;30,9,7,6
workload-204,workload,narrativeqa,narrativeqa/0,21,10,20,Oracle,1.0,0.0,32,4;7;16;17;20;21;22;23;24;25;26;27;28;29;30,4;7;16;17;20;21;22;23;24;25;26;27;28;29;30,15,0,0
workload-205,workload,narrativeqa,narrativeqa/0,7,15,17,No-Selected-Prefetch,1.0,0.0,32,16;17;18;19;20;21;22;23;24;25;26;27;28;29;30,,0,0,15
workload-206,workload,narrativeqa,narrativeqa/0,7,15,17,Random-Same-Volume,1.0,0.0,32,16;17;18;19;20;21;22;23;24;25;26;27;28;29;30,2;4;5;8;9;10;12;13;15;16;17;19;23;26;27;29,7,9,8
workload-207,workload,narrativeqa,narrativeqa/0,7,15,17,History-Last1,1.0,0.0,32,16;17;18;19;20;21;22;23;24;25;26;27;28;29;30,1;4;6;7;8;10;16;17;18;19;21;22;24;25;28,9,6,6
workload-208,workload,narrativeqa,narrativeqa/0,7,15,17,Past-Frequency,1.0,0.0,32,16;17;18;19;20;21;22;23;24;25;26;27;28;29;30,4;6;7;8;9;10;16;17;18;19;20;21;22;24;25;28,10,6,5
workload-209,workload,narrativeqa,narrativeqa/0,7,15,17,Oracle,1.0,0.0,32,16;17;18;19;20;21;22;23;24;25;26;27;28;29;30,16;17;18;19;20;21;22;23;24;25;26;27;28;29;30,15,0,0
workload-210,workload,narrativeqa,narrativeqa/1,5,17,24,No-Selected-Prefetch,1.0,0.0,32,1;2;3;4;12;16;17;18;20;24;25;26;28;29;30,,0,0,15
workload-211,workload,narrativeqa,narrativeqa/1,5,17,24,Random-Same-Volume,1.0,0.0,32,1;2;3;4;12;16;17;18;20;24;25;26;28;29;30,1;2;3;4;5;6;7;9;12;15;18;20;22;23;27;29,8,8,7
workload-212,workload,narrativeqa,narrativeqa/1,5,17,24,History-Last1,1.0,0.0,32,1;2;3;4;12;16;17;18;20;24;25;26;28;29;30,4;5;7;10;11;12;13;16;17;18;26;27;28;29;30,9,6,6
workload-213,workload,narrativeqa,narrativeqa/1,5,17,24,Past-Frequency,1.0,0.0,32,1;2;3;4;12;16;17;18;20;24;25;26;28;29;30,4;5;7;10;11;12;13;15;16;17;18;26;27;28;29;30,9,7,6
workload-214,workload,narrativeqa,narrativeqa/1,5,17,24,Oracle,1.0,0.0,32,1;2;3;4;12;16;17;18;20;24;25;26;28;29;30,1;2;3;4;12;16;17;18;20;24;25;26;28;29;30,15,0,0
workload-215,workload,narrativeqa,narrativeqa/0,28,20,10,No-Selected-Prefetch,1.0,0.0,32,1;2;3;4;5;6;11;13;16;17;18;22;24;28;29,,0,0,15
workload-216,workload,narrativeqa,narrativeqa/0,28,20,10,Random-Same-Volume,1.0,0.0,32,1;2;3;4;5;6;11;13;16;17;18;22;24;28;29,1;3;4;5;6;8;10;11;12;13;15;19;21;23;27;28,8,8,7
workload-217,workload,narrativeqa,narrativeqa/0,28,20,10,History-Last1,1.0,0.0,32,1;2;3;4;5;6;11;13;16;17;18;22;24;28;29,1;4;5;6;7;11;12;13;14;16;17;18;19;21;22,10,5,5
workload-218,workload,narrativeqa,narrativeqa/0,28,20,10,Past-Frequency,1.0,0.0,32,1;2;3;4;5;6;11;13;16;17;18;22;24;28;29,1;3;4;5;6;7;11;12;13;14;16;17;18;19;21;22,11,5,4
workload-219,workload,narrativeqa,narrativeqa/0,28,20,10,Oracle,1.0,0.0,32,1;2;3;4;5;6;11;13;16;17;18;22;24;28;29,1;2;3;4;5;6;11;13;16;17;18;22;24;28;29,15,0,0
workload-220,workload,narrativeqa,narrativeqa/0,6,24,22,No-Selected-Prefetch,1.0,0.0,32,4;6;7;8;9;11;12;19;20;23;24;26;27;28;29,,0,0,15
workload-221,workload,narrativeqa,narrativeqa/0,6,24,22,Random-Same-Volume,1.0,0.0,32,4;6;7;8;9;11;12;19;20;23;24;26;27;28;29,1;5;6;9;10;11;14;18;19;20;22;24;26;27;29;30,9,7,6
workload-222,workload,narrativeqa,narrativeqa/0,6,24,22,History-Last1,1.0,0.0,32,4;6;7;8;9;11;12;19;20;23;24;26;27;28;29,4;6;7;8;9;11;12;13;18;20;23;24;27;28;29,13,2,2
workload-223,workload,narrativeqa,narrativeqa/0,6,24,22,Past-Frequency,1.0,0.0,32,4;6;7;8;9;11;12;19;20;23;24;26;27;28;29,4;8;9;10;11;12;13;18;19;20;22;23;24;27;28;29,12,4,3
workload-224,workload,narrativeqa,narrativeqa/0,6,24,22,Oracle,1.0,0.0,32,4;6;7;8;9;11;12;19;20;23;24;26;27;28;29,4;6;7;8;9;11;12;19;20;23;24;26;27;28;29,15,0,0
workload-225,workload,narrativeqa,narrativeqa/0,13,9,27,No-Selected-Prefetch,1.0,0.0,32,2;3;4;6;12;13;14;17;22;23;24;27;28;29;30,,0,0,15
workload-226,workload,narrativeqa,narrativeqa/0,13,9,27,Random-Same-Volume,1.0,0.0,32,2;3;4;6;12;13;14;17;22;23;24;27;28;29;30,1;2;3;4;6;7;8;12;14;16;19;20;21;25;28;30,8,8,7
workload-227,workload,narrativeqa,narrativeqa/0,13,9,27,History-Last1,1.0,0.0,32,2;3;4;6;12;13;14;17;22;23;24;27;28;29;30,2;3;4;6;12;13;14;17;22;23;24;27;28;29;30,15,0,0
workload-228,workload,narrativeqa,narrativeqa/0,13,9,27,Past-Frequency,1.0,0.0,32,2;3;4;6;12;13;14;17;22;23;24;27;28;29;30,2;3;4;6;12;13;14;16;17;22;23;24;27;28;29;30,15,1,0
workload-229,workload,narrativeqa,narrativeqa/0,13,9,27,Oracle,1.0,0.0,32,2;3;4;6;12;13;14;17;22;23;24;27;28;29;30,2;3;4;6;12;13;14;17;22;23;24;27;28;29;30,15,0,0
workload-230,workload,narrativeqa,narrativeqa/0,11,2,10,No-Selected-Prefetch,1.0,0.0,32,3;4;11;12;13;14;15;21;23;24;25;27;28;29;30,,0,0,15
workload-231,workload,narrativeqa,narrativeqa/0,11,2,10,Random-Same-Volume,1.0,0.0,32,3;4;11;12;13;14;15;21;23;24;25;27;28;29;30,1;5;9;10;12;13;16;18;20;21;24;25;26;27;28;29,8,8,7
workload-232,workload,narrativeqa,narrativeqa/0,11,2,10,History-Last1,1.0,0.0,32,3;4;11;12;13;14;15;21;23;24;25;27;28;29;30,4;11;12;13;14;15;16;21;23;24;25;27;28;29;30,14,1,1
workload-233,workload,narrativeqa,narrativeqa/0,11,2,10,Past-Frequency,1.0,0.0,32,3;4;11;12;13;14;15;21;23;24;25;27;28;29;30,4;5;11;12;13;14;15;16;21;23;24;25;27;28;29;30,14,2,1
workload-234,workload,narrativeqa,narrativeqa/0,11,2,10,Oracle,1.0,0.0,32,3;4;11;12;13;14;15;21;23;24;25;27;28;29;30,3;4;11;12;13;14;15;21;23;24;25;27;28;29;30,15,0,0
workload-235,workload,narrativeqa,narrativeqa/0,27,23,5,No-Selected-Prefetch,1.0,0.0,32,1;3;4;5;6;7;8;9;11;16;17;21;24;28;29,,0,0,15
workload-236,workload,narrativeqa,narrativeqa/0,27,23,5,Random-Same-Volume,1.0,0.0,32,1;3;4;5;6;7;8;9;11;16;17;21;24;28;29,2;5;6;8;9;11;12;13;15;17;18;20;21;24;29;30,9,7,6
workload-237,workload,narrativeqa,narrativeqa/0,27,23,5,History-Last1,1.0,0.0,32,1;3;4;5;6;7;8;9;11;16;17;21;24;28;29,2;3;4;5;6;7;8;9;11;12;16;17;20;21;24,12,3,3
workload-238,workload,narrativeqa,narrativeqa/0,27,23,5,Past-Frequency,1.0,0.0,32,1;3;4;5;6;7;8;9;11;16;17;21;24;28;29,4;5;6;7;8;9;10;11;12;16;17;18;20;21;24;29,12,4,3
workload-239,workload,narrativeqa,narrativeqa/0,27,23,5,Oracle,1.0,0.0,32,1;3;4;5;6;7;8;9;11;16;17;21;24;28;29,1;3;4;5;6;7;8;9;11;16;17;21;24;28;29,15,0,0
workload-240,workload,narrativeqa,narrativeqa/2,21,22,19,No-Selected-Prefetch,1.0,0.0,32,1;3;14;15;16;17;19;20;21;25;26;27;28;29;30,,0,0,15
workload-241,workload,narrativeqa,narrativeqa/2,21,22,19,Random-Same-Volume,1.0,0.0,32,1;3;14;15;16;17;19;20;21;25;26;27;28;29;30,2;3;4;5;7;9;16;17;18;20;21;22;23;26;27;29,8,8,7
workload-242,workload,narrativeqa,narrativeqa/2,21,22,19,History-Last1,1.0,0.0,32,1;3;14;15;16;17;19;20;21;25;26;27;28;29;30,1;2;8;10;14;16;19;21;22;23;25;27;28;29;30,10,5,5
workload-243,workload,narrativeqa,narrativeqa/2,21,22,19,Past-Frequency,1.0,0.0,32,1;3;14;15;16;17;19;20;21;25;26;27;28;29;30,1;8;13;14;15;16;19;20;21;22;23;25;27;28;29;30,12,4,3
workload-244,workload,narrativeqa,narrativeqa/2,21,22,19,Oracle,1.0,0.0,32,1;3;14;15;16;17;19;20;21;25;26;27;28;29;30,1;3;14;15;16;17;19;20;21;25;26;27;28;29;30,15,0,0
workload-245,workload,narrativeqa,narrativeqa/0,26,14,25,No-Selected-Prefetch,1.0,0.0,32,4;6;7;9;17;19;20;21;22;24;25;27;28;29;30,,0,0,15
workload-246,workload,narrativeqa,narrativeqa/0,26,14,25,Random-Same-Volume,1.0,0.0,32,4;6;7;9;17;19;20;21;22;24;25;27;28;29;30,2;3;7;9;10;13;15;16;17;18;19;20;22;23;27;30,8,8,7
workload-247,workload,narrativeqa,narrativeqa/0,26,14,25,History-Last1,1.0,0.0,32,4;6;7;9;17;19;20;21;22;24;25;27;28;29;30,4;6;7;8;9;17;19;20;21;22;24;25;27;28;30,14,1,1
workload-248,workload,narrativeqa,narrativeqa/0,26,14,25,Past-Frequency,1.0,0.0,32,4;6;7;9;17;19;20;21;22;24;25;27;28;29;30,4;6;7;8;9;14;17;19;20;21;22;24;25;27;28;30,14,2,1
workload-249,workload,narrativeqa,narrativeqa/0,26,14,25,Oracle,1.0,0.0,32,4;6;7;9;17;19;20;21;22;24;25;27;28;29;30,4;6;7;9;17;19;20;21;22;24;25;27;28;29;30,15,0,0
workload-250,workload,qmsum,qmsum/2,26,26,10,No-Selected-Prefetch,1.0,0.0,32,9;11;12;13;14;15;16;17;21;24;25;26;28;29;30,,0,0,15
workload-251,workload,qmsum,qmsum/2,26,26,10,Random-Same-Volume,1.0,0.0,32,9;11;12;13;14;15;16;17;21;24;25;26;28;29;30,1;5;7;8;10;12;15;18;19;20;21;23;24;28;29;30,7,9,8
workload-252,workload,qmsum,qmsum/2,26,26,10,History-Last1,1.0,0.0,32,9;11;12;13;14;15;16;17;21;24;25;26;28;29;30,9;12;13;14;15;16;17;23;24;25;26;27;28;29;30,13,2,2
workload-253,workload,qmsum,qmsum/2,26,26,10,Past-Frequency,1.0,0.0,32,9;11;12;13;14;15;16;17;21;24;25;26;28;29;30,9;12;13;14;15;16;17;19;23;24;25;26;27;28;29;30,13,3,2
workload-254,workload,qmsum,qmsum/2,26,26,10,Oracle,1.0,0.0,32,9;11;12;13;14;15;16;17;21;24;25;26;28;29;30,9;11;12;13;14;15;16;17;21;24;25;26;28;29;30,15,0,0
workload-255,workload,qmsum,qmsum/1,11,13,27,No-Selected-Prefetch,1.0,0.0,32,2;3;4;7;8;9;12;13;15;16;17;19;20;23;24,,0,0,15
workload-256,workload,qmsum,qmsum/1,11,13,27,Random-Same-Volume,1.0,0.0,32,2;3;4;7;8;9;12;13;15;16;17;19;20;23;24,4;5;7;10;11;13;14;17;20;22;23;25;26;27;29;30,6,10,9
workload-257,workload,qmsum,qmsum/1,11,13,27,History-Last1,1.0,0.0,32,2;3;4;7;8;9;12;13;15;16;17;19;20;23;24,2;3;4;7;8;9;11;12;13;15;16;17;19;20;23,14,1,1
workload-258,workload,qmsum,qmsum/1,11,13,27,Past-Frequency,1.0,0.0,32,2;3;4;7;8;9;12;13;15;16;17;19;20;23;24,2;3;4;8;9;15;16;17;18;19;20;22;23;24;25;26,12,4,3
workload-259,workload,qmsum,qmsum/1,11,13,27,Oracle,1.0,0.0,32,2;3;4;7;8;9;12;13;15;16;17;19;20;23;24,2;3;4;7;8;9;12;13;15;16;17;19;20;23;24,15,0,0
workload-260,workload,qmsum,qmsum/1,9,17,5,No-Selected-Prefetch,1.0,0.0,32,1;2;3;4;6;8;13;16;21;22;23;26;27;28;29,,0,0,15
workload-261,workload,qmsum,qmsum/1,9,17,5,Random-Same-Volume,1.0,0.0,32,1;2;3;4;6;8;13;16;21;22;23;26;27;28;29,1;2;5;6;9;11;12;14;15;16;17;19;24;28;29;30,6,10,9
workload-262,workload,qmsum,qmsum/1,9,17,5,History-Last1,1.0,0.0,32,1;2;3;4;6;8;13;16;21;22;23;26;27;28;29,1;2;3;4;6;7;8;13;16;21;22;23;24;26;27,13,2,2
workload-263,workload,qmsum,qmsum/1,9,17,5,Past-Frequency,1.0,0.0,32,1;2;3;4;6;8;13;16;21;22;23;26;27;28;29,1;2;3;4;6;7;8;13;16;21;22;23;24;26;27;28,14,2,1
workload-264,workload,qmsum,qmsum/1,9,17,5,Oracle,1.0,0.0,32,1;2;3;4;6;8;13;16;21;22;23;26;27;28;29,1;2;3;4;6;8;13;16;21;22;23;26;27;28;29,15,0,0
workload-265,workload,qmsum,qmsum/2,11,23,17,No-Selected-Prefetch,1.0,0.0,32,3;6;7;8;9;10;13;19;20;21;22;24;25;29;30,,0,0,15
workload-266,workload,qmsum,qmsum/2,11,23,17,Random-Same-Volume,1.0,0.0,32,3;6;7;8;9;10;13;19;20;21;22;24;25;29;30,1;3;4;5;6;8;9;10;14;16;17;18;19;22;23;27,7,9,8
workload-267,workload,qmsum,qmsum/2,11,23,17,History-Last1,1.0,0.0,32,3;6;7;8;9;10;13;19;20;21;22;24;25;29;30,1;2;3;4;5;8;13;15;20;21;24;25;28;29;30,9,6,6
workload-268,workload,qmsum,qmsum/2,11,23,17,Past-Frequency,1.0,0.0,32,3;6;7;8;9;10;13;19;20;21;22;24;25;29;30,1;2;3;4;5;8;9;13;15;20;21;24;25;28;29;30,10,6,5
workload-269,workload,qmsum,qmsum/2,11,23,17,Oracle,1.0,0.0,32,3;6;7;8;9;10;13;19;20;21;22;24;25;29;30,3;6;7;8;9;10;13;19;20;21;22;24;25;29;30,15,0,0
workload-270,workload,qmsum,qmsum/1,18,15,17,No-Selected-Prefetch,1.0,0.0,32,10;15;16;17;18;19;20;21;22;23;26;27;28;29;30,,0,0,15
workload-271,workload,qmsum,qmsum/1,18,15,17,Random-Same-Volume,1.0,0.0,32,10;15;16;17;18;19;20;21;22;23;26;27;28;29;30,2;5;6;7;8;10;11;12;15;17;20;23;24;27;28;29,8,8,7
workload-272,workload,qmsum,qmsum/1,18,15,17,History-Last1,1.0,0.0,32,10;15;16;17;18;19;20;21;22;23;26;27;28;29;30,10;15;16;17;18;19;20;21;22;23;26;27;28;29;30,15,0,0
workload-273,workload,qmsum,qmsum/1,18,15,17,Past-Frequency,1.0,0.0,32,10;15;16;17;18;19;20;21;22;23;26;27;28;29;30,2;3;10;15;16;17;18;19;21;22;23;26;27;28;29;30,14,2,1
workload-274,workload,qmsum,qmsum/1,18,15,17,Oracle,1.0,0.0,32,10;15;16;17;18;19;20;21;22;23;26;27;28;29;30,10;15;16;17;18;19;20;21;22;23;26;27;28;29;30,15,0,0
workload-275,workload,qmsum,qmsum/0,26,23,26,No-Selected-Prefetch,1.0,0.0,32,1;2;3;6;9;10;16;17;24;25;26;27;28;29;30,,0,0,15
workload-276,workload,qmsum,qmsum/0,26,23,26,Random-Same-Volume,1.0,0.0,32,1;2;3;6;9;10;16;17;24;25;26;27;28;29;30,1;4;5;6;7;8;10;12;15;16;19;22;23;26;28;30,7,9,8
workload-277,workload,qmsum,qmsum/0,26,23,26,History-Last1,1.0,0.0,32,1;2;3;6;9;10;16;17;24;25;26;27;28;29;30,2;3;6;8;9;10;16;22;23;24;25;26;28;29;30,12,3,3
workload-278,workload,qmsum,qmsum/0,26,23,26,Past-Frequency,1.0,0.0,32,1;2;3;6;9;10;16;17;24;25;26;27;28;29;30,1;2;3;6;7;8;9;10;16;23;24;25;26;28;29;30,13,3,2
workload-279,workload,qmsum,qmsum/0,26,23,26,Oracle,1.0,0.0,32,1;2;3;6;9;10;16;17;24;25;26;27;28;29;30,1;2;3;6;9;10;16;17;24;25;26;27;28;29;30,15,0,0
workload-280,workload,qmsum,qmsum/2,24,5,3,No-Selected-Prefetch,1.0,0.0,32,1;3;4;7;8;9;11;17;19;20;24;27;28;29;30,,0,0,15
workload-281,workload,qmsum,qmsum/2,24,5,3,Random-Same-Volume,1.0,0.0,32,1;3;4;7;8;9;11;17;19;20;24;27;28;29;30,1;4;5;9;11;14;15;16;17;19;20;21;22;26;29;30,9,7,6
workload-282,workload,qmsum,qmsum/2,24,5,3,History-Last1,1.0,0.0,32,1;3;4;7;8;9;11;17;19;20;24;27;28;29;30,1;4;7;8;9;11;12;13;17;19;20;24;28;29;30,13,2,2
workload-283,workload,qmsum,qmsum/2,24,5,3,Past-Frequency,1.0,0.0,32,1;3;4;7;8;9;11;17;19;20;24;27;28;29;30,4;7;8;9;11;12;13;17;19;20;24;25;27;28;29;30,13,3,2
workload-284,workload,qmsum,qmsum/2,24,5,3,Oracle,1.0,0.0,32,1;3;4;7;8;9;11;17;19;20;24;27;28;29;30,1;3;4;7;8;9;11;17;19;20;24;27;28;29;30,15,0,0
workload-285,workload,qmsum,qmsum/0,17,22,3,No-Selected-Prefetch,1.0,0.0,32,1;2;3;6;7;8;9;10;12;13;14;15;16;28;30,,0,0,15
workload-286,workload,qmsum,qmsum/0,17,22,3,Random-Same-Volume,1.0,0.0,32,1;2;3;6;7;8;9;10;12;13;14;15;16;28;30,1;2;3;4;5;8;9;11;12;14;17;18;19;20;21;29,7,9,8
workload-287,workload,qmsum,qmsum/0,17,22,3,History-Last1,1.0,0.0,32,1;2;3;6;7;8;9;10;12;13;14;15;16;28;30,1;2;3;5;6;7;8;12;13;14;16;18;22;28;30,12,3,3
workload-288,workload,qmsum,qmsum/0,17,22,3,Past-Frequency,1.0,0.0,32,1;2;3;6;7;8;9;10;12;13;14;15;16;28;30,1;2;3;5;6;7;8;10;12;13;14;16;18;22;28;30,13,3,2
workload-289,workload,qmsum,qmsum/0,17,22,3,Oracle,1.0,0.0,32,1;2;3;6;7;8;9;10;12;13;14;15;16;28;30,1;2;3;6;7;8;9;10;12;13;14;15;16;28;30,15,0,0
workload-290,workload,qmsum,qmsum/2,3,12,14,No-Selected-Prefetch,1.0,0.0,32,1;2;3;8;11;13;14;15;23;24;25;26;28;29;30,,0,0,15
workload-291,workload,qmsum,qmsum/2,3,12,14,Random-Same-Volume,1.0,0.0,32,1;2;3;8;11;13;14;15;23;24;25;26;28;29;30,2;4;8;9;11;12;13;17;18;19;21;23;24;28;29;30,9,7,6
workload-292,workload,qmsum,qmsum/2,3,12,14,History-Last1,1.0,0.0,32,1;2;3;8;11;13;14;15;23;24;25;26;28;29;30,1;2;3;11;14;15;16;23;24;25;26;27;28;29;30,13,2,2
workload-293,workload,qmsum,qmsum/2,3,12,14,Past-Frequency,1.0,0.0,32,1;2;3;8;11;13;14;15;23;24;25;26;28;29;30,1;2;3;7;11;14;15;16;23;24;25;26;27;28;29;30,13,3,2
workload-294,workload,qmsum,qmsum/2,3,12,14,Oracle,1.0,0.0,32,1;2;3;8;11;13;14;15;23;24;25;26;28;29;30,1;2;3;8;11;13;14;15;23;24;25;26;28;29;30,15,0,0
workload-295,workload,qmsum,qmsum/0,29,13,11,No-Selected-Prefetch,1.0,0.0,32,1;2;3;4;5;6;11;12;13;22;25;27;28;29;30,,0,0,15
workload-296,workload,qmsum,qmsum/0,29,13,11,Random-Same-Volume,1.0,0.0,32,1;2;3;4;5;6;11;12;13;22;25;27;28;29;30,1;4;5;6;7;10;11;14;15;16;17;18;24;25;29;30,8,8,7
workload-297,workload,qmsum,qmsum/0,29,13,11,History-Last1,1.0,0.0,32,1;2;3;4;5;6;11;12;13;22;25;27;28;29;30,1;2;3;5;6;11;12;13;22;23;25;27;28;29;30,14,1,1
workload-298,workload,qmsum,qmsum/0,29,13,11,Past-Frequency,1.0,0.0,32,1;2;3;4;5;6;11;12;13;22;25;27;28;29;30,1;2;5;6;10;11;12;13;22;23;25;26;27;28;29;30,13,3,2
workload-299,workload,qmsum,qmsum/0,29,13,11,Oracle,1.0,0.0,32,1;2;3;4;5;6;11;12;13;22;25;27;28;29;30,1;2;3;4;5;6;11;12;13;22;25;27;28;29;30,15,0,0
workload-300,workload,repobench-p,repobench-p/1,21,12,11,No-Selected-Prefetch,1.0,0.0,32,1;2;3;11;13;14;16;17;24;25;26;27;28;29;30,,0,0,15
workload-301,workload,repobench-p,repobench-p/1,21,12,11,Random-Same-Volume,1.0,0.0,32,1;2;3;11;13;14;16;17;24;25;26;27;28;29;30,1;2;5;8;12;13;16;17;18;19;20;21;22;26;27;28,8,8,7
workload-302,workload,repobench-p,repobench-p/1,21,12,11,History-Last1,1.0,0.0,32,1;2;3;11;13;14;16;17;24;25;26;27;28;29;30,1;2;3;5;11;16;17;18;24;25;26;27;28;29;30,13,2,2
workload-303,workload,repobench-p,repobench-p/1,21,12,11,Past-Frequency,1.0,0.0,32,1;2;3;11;13;14;16;17;24;25;26;27;28;29;30,1;2;3;5;11;16;17;18;19;24;25;26;27;28;29;30,13,3,2
workload-304,workload,repobench-p,repobench-p/1,21,12,11,Oracle,1.0,0.0,32,1;2;3;11;13;14;16;17;24;25;26;27;28;29;30,1;2;3;11;13;14;16;17;24;25;26;27;28;29;30,15,0,0
workload-305,workload,repobench-p,repobench-p/2,12,25,20,No-Selected-Prefetch,1.0,0.0,32,5;6;7;18;19;20;21;23;24;25;26;27;28;29;30,,0,0,15
workload-306,workload,repobench-p,repobench-p/2,12,25,20,Random-Same-Volume,1.0,0.0,32,5;6;7;18;19;20;21;23;24;25;26;27;28;29;30,1;6;7;8;10;12;13;14;16;18;20;22;23;27;28;30,8,8,7
workload-307,workload,repobench-p,repobench-p/2,12,25,20,History-Last1,1.0,0.0,32,5;6;7;18;19;20;21;23;24;25;26;27;28;29;30,5;6;7;16;19;20;21;23;24;25;26;27;28;29;30,14,1,1
workload-308,workload,repobench-p,repobench-p/2,12,25,20,Past-Frequency,1.0,0.0,32,5;6;7;18;19;20;21;23;24;25;26;27;28;29;30,5;6;7;16;19;20;21;22;23;24;25;26;27;28;29;30,14,2,1
workload-309,workload,repobench-p,repobench-p/2,12,25,20,Oracle,1.0,0.0,32,5;6;7;18;19;20;21;23;24;25;26;27;28;29;30,5;6;7;18;19;20;21;23;24;25;26;27;28;29;30,15,0,0
workload-310,workload,repobench-p,repobench-p/1,25,15,0,No-Selected-Prefetch,1.0,0.0,32,2;6;8;13;16;17;18;19;24;25;26;27;28;29;30,,0,0,15
workload-311,workload,repobench-p,repobench-p/1,25,15,0,Random-Same-Volume,1.0,0.0,32,2;6;8;13;16;17;18;19;24;25;26;27;28;29;30,2;7;8;9;10;12;14;15;18;20;21;22;25;28;29;30,7,9,8
workload-312,workload,repobench-p,repobench-p/1,25,15,0,History-Last1,1.0,0.0,32,2;6;8;13;16;17;18;19;24;25;26;27;28;29;30,1;2;3;8;16;17;18;19;24;25;26;27;28;29;30,13,2,2
workload-313,workload,repobench-p,repobench-p/1,25,15,0,Past-Frequency,1.0,0.0,32,2;6;8;13;16;17;18;19;24;25;26;27;28;29;30,1;2;3;6;8;16;17;18;19;24;25;26;27;28;29;30,14,2,1
workload-314,workload,repobench-p,repobench-p/1,25,15,0,Oracle,1.0,0.0,32,2;6;8;13;16;17;18;19;24;25;26;27;28;29;30,2;6;8;13;16;17;18;19;24;25;26;27;28;29;30,15,0,0
workload-315,workload,repobench-p,repobench-p/0,24,6,27,No-Selected-Prefetch,1.0,0.0,32,1;6;11;12;14;16;17;18;21;22;24;26;27;29;30,,0,0,15
workload-316,workload,repobench-p,repobench-p/0,24,6,27,Random-Same-Volume,1.0,0.0,32,1;6;11;12;14;16;17;18;21;22;24;26;27;29;30,2;5;6;7;12;14;15;17;20;21;22;23;24;25;26;30,9,7,6
workload-317,workload,repobench-p,repobench-p/0,24,6,27,History-Last1,1.0,0.0,32,1;6;11;12;14;16;17;18;21;22;24;26;27;29;30,1;6;7;8;11;12;16;17;18;21;22;26;27;29;30,13,2,2
workload-318,workload,repobench-p,repobench-p/0,24,6,27,Past-Frequency,1.0,0.0,32,1;6;11;12;14;16;17;18;21;22;24;26;27;29;30,1;3;6;7;8;11;12;16;17;18;21;22;26;27;29;30,13,3,2
workload-319,workload,repobench-p,repobench-p/0,24,6,27,Oracle,1.0,0.0,32,1;6;11;12;14;16;17;18;21;22;24;26;27;29;30,1;6;11;12;14;16;17;18;21;22;24;26;27;29;30,15,0,0
workload-320,workload,repobench-p,repobench-p/2,13,13,9,No-Selected-Prefetch,1.0,0.0,32,6;7;8;17;18;19;21;23;24;25;26;27;28;29;30,,0,0,15
workload-321,workload,repobench-p,repobench-p/2,13,13,9,Random-Same-Volume,1.0,0.0,32,6;7;8;17;18;19;21;23;24;25;26;27;28;29;30,3;5;7;8;11;14;15;17;18;19;20;23;24;27;28;29,10,6,5
workload-322,workload,repobench-p,repobench-p/2,13,13,9,History-Last1,1.0,0.0,32,6;7;8;17;18;19;21;23;24;25;26;27;28;29;30,7;8;9;17;19;21;22;23;24;25;26;27;28;29;30,13,2,2
workload-323,workload,repobench-p,repobench-p/2,13,13,9,Past-Frequency,1.0,0.0,32,6;7;8;17;18;19;21;23;24;25;26;27;28;29;30,6;7;8;17;18;19;21;22;23;24;25;26;27;28;29;30,15,1,0
workload-324,workload,repobench-p,repobench-p/2,13,13,9,Oracle,1.0,0.0,32,6;7;8;17;18;19;21;23;24;25;26;27;28;29;30,6;7;8;17;18;19;21;23;24;25;26;27;28;29;30,15,0,0
workload-325,workload,repobench-p,repobench-p/0,2,14,13,No-Selected-Prefetch,1.0,0.0,32,1;5;7;9;10;21;22;23;24;25;26;27;28;29;30,,0,0,15
workload-326,workload,repobench-p,repobench-p/0,2,14,13,Random-Same-Volume,1.0,0.0,32,1;5;7;9;10;21;22;23;24;25;26;27;28;29;30,3;7;8;9;10;11;12;16;18;19;21;24;27;28;29;30,9,7,6
workload-327,workload,repobench-p,repobench-p/0,2,14,13,History-Last1,1.0,0.0,32,1;5;7;9;10;21;22;23;24;25;26;27;28;29;30,1;5;7;8;9;10;21;23;24;25;26;27;28;29;30,14,1,1
workload-328,workload,repobench-p,repobench-p/0,2,14,13,Past-Frequency,1.0,0.0,32,1;5;7;9;10;21;22;23;24;25;26;27;28;29;30,1;2;5;7;8;9;10;21;23;24;25;26;27;28;29;30,14,2,1
workload-329,workload,repobench-p,repobench-p/0,2,14,13,Oracle,1.0,0.0,32,1;5;7;9;10;21;22;23;24;25;26;27;28;29;30,1;5;7;9;10;21;22;23;24;25;26;27;28;29;30,15,0,0
workload-330,workload,repobench-p,repobench-p/0,24,1,12,No-Selected-Prefetch,1.0,0.0,32,3;11;12;13;14;15;16;17;20;22;26;27;28;29;30,,0,0,15
workload-331,workload,repobench-p,repobench-p/0,24,1,12,Random-Same-Volume,1.0,0.0,32,3;11;12;13;14;15;16;17;20;22;26;27;28;29;30,5;6;7;10;11;12;14;16;18;19;20;21;23;24;25;27,6,10,9
workload-332,workload,repobench-p,repobench-p/0,24,1,12,History-Last1,1.0,0.0,32,3;11;12;13;14;15;16;17;20;22;26;27;28;29;30,2;3;12;13;14;15;16;17;18;20;26;27;28;29;30,13,2,2
workload-333,workload,repobench-p,repobench-p/0,24,1,12,Past-Frequency,1.0,0.0,32,3;11;12;13;14;15;16;17;20;22;26;27;28;29;30,2;3;10;12;13;15;16;17;18;20;22;26;27;28;29;30,13,3,2
workload-334,workload,repobench-p,repobench-p/0,24,1,12,Oracle,1.0,0.0,32,3;11;12;13;14;15;16;17;20;22;26;27;28;29;30,3;11;12;13;14;15;16;17;20;22;26;27;28;29;30,15,0,0
workload-335,workload,repobench-p,repobench-p/2,8,12,20,No-Selected-Prefetch,1.0,0.0,32,2;7;8;16;17;18;21;22;23;25;26;27;28;29;30,,0,0,15
workload-336,workload,repobench-p,repobench-p/2,8,12,20,Random-Same-Volume,1.0,0.0,32,2;7;8;16;17;18;21;22;23;25;26;27;28;29;30,1;2;3;4;5;7;8;10;11;12;13;15;25;26;27;28,7,9,8
workload-337,workload,repobench-p,repobench-p/2,8,12,20,History-Last1,1.0,0.0,32,2;7;8;16;17;18;21;22;23;25;26;27;28;29;30,7;8;17;18;19;21;22;23;24;25;26;27;28;29;30,13,2,2
workload-338,workload,repobench-p,repobench-p/2,8,12,20,Past-Frequency,1.0,0.0,32,2;7;8;16;17;18;21;22;23;25;26;27;28;29;30,3;7;8;9;17;18;19;21;22;23;24;26;27;28;29;30,12,4,3
workload-339,workload,repobench-p,repobench-p/2,8,12,20,Oracle,1.0,0.0,32,2;7;8;16;17;18;21;22;23;25;26;27;28;29;30,2;7;8;16;17;18;21;22;23;25;26;27;28;29;30,15,0,0
workload-340,workload,repobench-p,repobench-p/1,18,23,11,No-Selected-Prefetch,1.0,0.0,32,8;13;16;17;18;19;20;21;24;25;26;27;28;29;30,,0,0,15
workload-341,workload,repobench-p,repobench-p/1,18,23,11,Random-Same-Volume,1.0,0.0,32,8;13;16;17;18;19;20;21;24;25;26;27;28;29;30,2;3;4;5;6;7;8;10;11;12;13;16;17;20;24;26,7,9,8
workload-342,workload,repobench-p,repobench-p/1,18,23,11,History-Last1,1.0,0.0,32,8;13;16;17;18;19;20;21;24;25;26;27;28;29;30,8;12;13;14;16;18;19;20;21;22;23;25;26;27;28;29,12,4,3
workload-343,workload,repobench-p,repobench-p/1,18,23,11,Past-Frequency,1.0,0.0,32,8;13;16;17;18;19;20;21;24;25;26;27;28;29;30,8;12;13;14;16;17;18;19;20;21;22;25;26;27;28;29,13,3,2
workload-344,workload,repobench-p,repobench-p/1,18,23,11,Oracle,1.0,0.0,32,8;13;16;17;18;19;20;21;24;25;26;27;28;29;30,8;13;16;17;18;19;20;21;24;25;26;27;28;29;30,15,0,0
workload-345,workload,repobench-p,repobench-p/2,25,23,0,No-Selected-Prefetch,1.0,0.0,32,1;2;16;17;19;20;21;22;24;25;26;27;28;29;30,,0,0,15
workload-346,workload,repobench-p,repobench-p/2,25,23,0,Random-Same-Volume,1.0,0.0,32,1;2;16;17;19;20;21;22;24;25;26;27;28;29;30,1;2;4;7;9;12;13;17;18;21;22;23;24;25;27;30,9,7,6
workload-347,workload,repobench-p,repobench-p/2,25,23,0,History-Last1,1.0,0.0,32,1;2;16;17;19;20;21;22;24;25;26;27;28;29;30,16;17;18;19;20;21;22;23;24;25;26;27;28;29;30,13,2,2
workload-348,workload,repobench-p,repobench-p/2,25,23,0,Past-Frequency,1.0,0.0,32,1;2;16;17;19;20;21;22;24;25;26;27;28;29;30,4;16;17;18;19;20;21;22;23;24;25;26;27;28;29;30,13,3,2
workload-349,workload,repobench-p,repobench-p/2,25,23,0,Oracle,1.0,0.0,32,1;2;16;17;19;20;21;22;24;25;26;27;28;29;30,1;2;16;17;19;20;21;22;24;25;26;27;28;29;30,15,0,0
workload-350,workload,ruler_multikey_alternating,ruler_multikey_alternating/1,18,2,14,No-Selected-Prefetch,1.0,0.0,32,1;3;9;10;19;20;21;22;23;25;26;27;28;29;30,,0,0,15
workload-351,workload,ruler_multikey_alternating,ruler_multikey_alternating/1,18,2,14,Random-Same-Volume,1.0,0.0,32,1;3;9;10;19;20;21;22;23;25;26;27;28;29;30,2;4;7;9;15;16;17;19;20;21;23;24;25;26;28;29,9,7,6
workload-352,workload,ruler_multikey_alternating,ruler_multikey_alternating/1,18,2,14,History-Last1,1.0,0.0,32,1;3;9;10;19;20;21;22;23;25;26;27;28;29;30,1;3;9;10;19;20;21;22;23;25;26;27;28;29;30,15,0,0
workload-353,workload,ruler_multikey_alternating,ruler_multikey_alternating/1,18,2,14,Past-Frequency,1.0,0.0,32,1;3;9;10;19;20;21;22;23;25;26;27;28;29;30,1;3;9;10;19;20;21;22;23;24;25;26;27;28;29;30,15,1,0
workload-354,workload,ruler_multikey_alternating,ruler_multikey_alternating/1,18,2,14,Oracle,1.0,0.0,32,1;3;9;10;19;20;21;22;23;25;26;27;28;29;30,1;3;9;10;19;20;21;22;23;25;26;27;28;29;30,15,0,0
workload-355,workload,ruler_multikey_alternating,ruler_multikey_alternating/0,14,27,26,No-Selected-Prefetch,1.0,0.0,32,9;10;11;12;13;21;22;23;24;25;26;27;28;29;30,,0,0,15
workload-356,workload,ruler_multikey_alternating,ruler_multikey_alternating/0,14,27,26,Random-Same-Volume,1.0,0.0,32,9;10;11;12;13;21;22;23;24;25;26;27;28;29;30,5;7;8;9;12;13;14;15;17;19;21;23;24;25;26;27,9,7,6
workload-357,workload,ruler_multikey_alternating,ruler_multikey_alternating/0,14,27,26,History-Last1,1.0,0.0,32,9;10;11;12;13;21;22;23;24;25;26;27;28;29;30,9;10;11;12;13;20;21;22;23;24;26;27;28;29;30,14,1,1
workload-358,workload,ruler_multikey_alternating,ruler_multikey_alternating/0,14,27,26,Past-Frequency,1.0,0.0,32,9;10;11;12;13;21;22;23;24;25;26;27;28;29;30,9;10;11;12;13;14;21;22;23;24;25;26;27;28;29;30,15,1,0
workload-359,workload,ruler_multikey_alternating,ruler_multikey_alternating/0,14,27,26,Oracle,1.0,0.0,32,9;10;11;12;13;21;22;23;24;25;26;27;28;29;30,9;10;11;12;13;21;22;23;24;25;26;27;28;29;30,15,0,0
workload-360,workload,ruler_multikey_alternating,ruler_multikey_alternating/2,14,11,5,No-Selected-Prefetch,1.0,0.0,32,1;2;5;11;12;18;19;21;23;24;25;27;28;29;30,,0,0,15
workload-361,workload,ruler_multikey_alternating,ruler_multikey_alternating/2,14,11,5,Random-Same-Volume,1.0,0.0,32,1;2;5;11;12;18;19;21;23;24;25;27;28;29;30,1;2;3;4;7;10;14;17;18;21;22;24;26;27;29;30,8,8,7
workload-362,workload,ruler_multikey_alternating,ruler_multikey_alternating/2,14,11,5,History-Last1,1.0,0.0,32,1;2;5;11;12;18;19;21;23;24;25;27;28;29;30,1;2;11;12;18;19;21;22;23;24;25;27;28;29;30,14,1,1
workload-363,workload,ruler_multikey_alternating,ruler_multikey_alternating/2,14,11,5,Past-Frequency,1.0,0.0,32,1;2;5;11;12;18;19;21;23;24;25;27;28;29;30,1;2;6;11;12;18;19;21;22;23;24;25;27;28;29;30,14,2,1
workload-364,workload,ruler_multikey_alternating,ruler_multikey_alternating/2,14,11,5,Oracle,1.0,0.0,32,1;2;5;11;12;18;19;21;23;24;25;27;28;29;30,1;2;5;11;12;18;19;21;23;24;25;27;28;29;30,15,0,0
workload-365,workload,ruler_multikey_alternating,ruler_multikey_alternating/0,1,3,23,No-Selected-Prefetch,1.0,0.0,32,1;2;3;4;6;7;8;15;16;19;23;27;28;29;30,,0,0,15
workload-366,workload,ruler_multikey_alternating,ruler_multikey_alternating/0,1,3,23,Random-Same-Volume,1.0,0.0,32,1;2;3;4;6;7;8;15;16;19;23;27;28;29;30,1;2;4;5;6;8;9;11;15;16;17;18;22;23;24;27,9,7,6
workload-367,workload,ruler_multikey_alternating,ruler_multikey_alternating/0,1,3,23,History-Last1,1.0,0.0,32,1;2;3;4;6;7;8;15;16;19;23;27;28;29;30,1;2;3;4;6;7;8;9;15;16;18;19;23;28;29;30,14,2,1
workload-368,workload,ruler_multikey_alternating,ruler_multikey_alternating/0,1,3,23,Past-Frequency,1.0,0.0,32,1;2;3;4;6;7;8;15;16;19;23;27;28;29;30,1;2;3;4;6;7;8;9;15;16;18;19;23;28;29;30,14,2,1
workload-369,workload,ruler_multikey_alternating,ruler_multikey_alternating/0,1,3,23,Oracle,1.0,0.0,32,1;2;3;4;6;7;8;15;16;19;23;27;28;29;30,1;2;3;4;6;7;8;15;16;19;23;27;28;29;30,15,0,0
workload-370,workload,ruler_multikey_alternating,ruler_multikey_alternating/2,14,17,20,No-Selected-Prefetch,1.0,0.0,32,1;2;9;10;12;15;16;17;21;22;24;27;28;29;30,,0,0,15
workload-371,workload,ruler_multikey_alternating,ruler_multikey_alternating/2,14,17,20,Random-Same-Volume,1.0,0.0,32,1;2;9;10;12;15;16;17;21;22;24;27;28;29;30,5;6;8;9;10;12;14;15;16;17;19;21;22;26;29;30,10,6,5
workload-372,workload,ruler_multikey_alternating,ruler_multikey_alternating/2,14,17,20,History-Last1,1.0,0.0,32,1;2;9;10;12;15;16;17;21;22;24;27;28;29;30,1;9;10;12;15;16;18;19;21;22;24;27;28;29;30,13,2,2
workload-373,workload,ruler_multikey_alternating,ruler_multikey_alternating/2,14,17,20,Past-Frequency,1.0,0.0,32,1;2;9;10;12;15;16;17;21;22;24;27;28;29;30,1;2;9;10;12;15;16;17;18;21;22;24;27;28;29;30,15,1,0
workload-374,workload,ruler_multikey_alternating,ruler_multikey_alternating/2,14,17,20,Oracle,1.0,0.0,32,1;2;9;10;12;15;16;17;21;22;24;27;28;29;30,1;2;9;10;12;15;16;17;21;22;24;27;28;29;30,15,0,0
workload-375,workload,ruler_multikey_alternating,ruler_multikey_alternating/0,1,2,5,No-Selected-Prefetch,1.0,0.0,32,1;2;3;8;11;15;16;17;21;23;26;27;28;29;30,,0,0,15
workload-376,workload,ruler_multikey_alternating,ruler_multikey_alternating/0,1,2,5,Random-Same-Volume,1.0,0.0,32,1;2;3;8;11;15;16;17;21;23;26;27;28;29;30,2;3;5;10;11;13;14;16;19;20;21;22;24;26;28;30,8,8,7
workload-377,workload,ruler_multikey_alternating,ruler_multikey_alternating/0,1,2,5,History-Last1,1.0,0.0,32,1;2;3;8;11;15;16;17;21;23;26;27;28;29;30,1;2;3;6;7;8;11;15;16;21;22;23;26;27;29;30,13,3,2
workload-378,workload,ruler_multikey_alternating,ruler_multikey_alternating/0,1,2,5,Past-Frequency,1.0,0.0,32,1;2;3;8;11;15;16;17;21;23;26;27;28;29;30,1;2;3;6;7;8;11;15;16;21;22;23;26;27;29;30,13,3,2
workload-379,workload,ruler_multikey_alternating,ruler_multikey_alternating/0,1,2,5,Oracle,1.0,0.0,32,1;2;3;8;11;15;16;17;21;23;26;27;28;29;30,1;2;3;8;11;15;16;17;21;23;26;27;28;29;30,15,0,0
workload-380,workload,ruler_multikey_alternating,ruler_multikey_alternating/1,14,25,9,No-Selected-Prefetch,1.0,0.0,32,9;16;17;18;19;20;21;22;23;24;25;26;27;28;30,,0,0,15
workload-381,workload,ruler_multikey_alternating,ruler_multikey_alternating/1,14,25,9,Random-Same-Volume,1.0,0.0,32,9;16;17;18;19;20;21;22;23;24;25;26;27;28;30,1;5;6;7;9;10;12;14;16;18;20;24;25;26;28;29,8,8,7
workload-382,workload,ruler_multikey_alternating,ruler_multikey_alternating/1,14,25,9,History-Last1,1.0,0.0,32,9;16;17;18;19;20;21;22;23;24;25;26;27;28;30,9;15;16;17;18;21;22;23;24;25;26;27;28;29;30,13,2,2
workload-383,workload,ruler_multikey_alternating,ruler_multikey_alternating/1,14,25,9,Past-Frequency,1.0,0.0,32,9;16;17;18;19;20;21;22;23;24;25;26;27;28;30,1;8;9;15;16;17;18;19;21;22;24;25;27;28;29;30,12,4,3
workload-384,workload,ruler_multikey_alternating,ruler_multikey_alternating/1,14,25,9,Oracle,1.0,0.0,32,9;16;17;18;19;20;21;22;23;24;25;26;27;28;30,9;16;17;18;19;20;21;22;23;24;25;26;27;28;30,15,0,0
workload-385,workload,ruler_multikey_alternating,ruler_multikey_alternating/1,23,24,15,No-Selected-Prefetch,1.0,0.0,32,10;11;12;13;14;15;22;23;24;25;26;27;28;29;30,,0,0,15
workload-386,workload,ruler_multikey_alternating,ruler_multikey_alternating/1,23,24,15,Random-Same-Volume,1.0,0.0,32,10;11;12;13;14;15;22;23;24;25;26;27;28;29;30,2;4;6;8;9;13;15;18;20;21;22;23;24;28;29;30,8,8,7
workload-387,workload,ruler_multikey_alternating,ruler_multikey_alternating/1,23,24,15,History-Last1,1.0,0.0,32,10;11;12;13;14;15;22;23;24;25;26;27;28;29;30,10;11;12;13;14;15;21;22;23;24;25;26;28;29;30,14,1,1
workload-388,workload,ruler_multikey_alternating,ruler_multikey_alternating/1,23,24,15,Past-Frequency,1.0,0.0,32,10;11;12;13;14;15;22;23;24;25;26;27;28;29;30,9;10;11;12;13;14;15;21;22;23;24;25;26;28;29;30,14,2,1
workload-389,workload,ruler_multikey_alternating,ruler_multikey_alternating/1,23,24,15,Oracle,1.0,0.0,32,10;11;12;13;14;15;22;23;24;25;26;27;28;29;30,10;11;12;13;14;15;22;23;24;25;26;27;28;29;30,15,0,0
workload-390,workload,ruler_multikey_alternating,ruler_multikey_alternating/0,11,27,7,No-Selected-Prefetch,1.0,0.0,32,1;9;16;17;18;19;21;22;24;25;26;27;28;29;30,,0,0,15
workload-391,workload,ruler_multikey_alternating,ruler_multikey_alternating/0,11,27,7,Random-Same-Volume,1.0,0.0,32,1;9;16;17;18;19;21;22;24;25;26;27;28;29;30,2;4;5;6;8;9;11;13;18;19;21;22;23;25;26;27,8,8,7
workload-392,workload,ruler_multikey_alternating,ruler_multikey_alternating/0,11,27,7,History-Last1,1.0,0.0,32,1;9;16;17;18;19;21;22;24;25;26;27;28;29;30,1;3;14;16;19;20;21;22;24;25;26;27;28;29;30,12,3,3
workload-393,workload,ruler_multikey_alternating,ruler_multikey_alternating/0,11,27,7,Past-Frequency,1.0,0.0,32,1;9;16;17;18;19;21;22;24;25;26;27;28;29;30,1;2;3;14;16;17;19;21;22;24;25;26;27;28;29;30,13,3,2
workload-394,workload,ruler_multikey_alternating,ruler_multikey_alternating/0,11,27,7,Oracle,1.0,0.0,32,1;9;16;17;18;19;21;22;24;25;26;27;28;29;30,1;9;16;17;18;19;21;22;24;25;26;27;28;29;30,15,0,0
workload-395,workload,ruler_multikey_alternating,ruler_multikey_alternating/1,1,9,0,No-Selected-Prefetch,1.0,0.0,32,5;6;7;8;10;11;12;18;19;24;25;27;28;29;30,,0,0,15
workload-396,workload,ruler_multikey_alternating,ruler_multikey_alternating/1,1,9,0,Random-Same-Volume,1.0,0.0,32,5;6;7;8;10;11;12;18;19;24;25;27;28;29;30,1;2;8;9;11;12;13;18;21;23;24;25;27;28;29;30,10,6,5
workload-397,workload,ruler_multikey_alternating,ruler_multikey_alternating/1,1,9,0,History-Last1,1.0,0.0,32,5;6;7;8;10;11;12;18;19;24;25;27;28;29;30,6;7;8;9;11;18;19;20;21;24;25;26;27;28;29;30,12,4,3
workload-398,workload,ruler_multikey_alternating,ruler_multikey_alternating/1,1,9,0,Past-Frequency,1.0,0.0,32,5;6;7;8;10;11;12;18;19;24;25;27;28;29;30,6;7;8;9;11;18;19;20;21;24;25;26;27;28;29;30,12,4,3
workload-399,workload,ruler_multikey_alternating,ruler_multikey_alternating/1,1,9,0,Oracle,1.0,0.0,32,5;6;7;8;10;11;12;18;19;24;25;27;28;29;30,5;6;7;8;10;11;12;18;19;24;25;27;28;29;30,15,0,0
